ID,forecast
0,-107.1792402724981
1,-107.1792402724981
2,-107.1792402724981
3,-70.4732467325184
4,-107.1792402724981
5,-107.1792402724981
6,-107.1792402724981
7,-106.57783280461727
8,-106.57783280461727
9,-81.84026805616209
10,-106.57783280461727
11,-106.26217630250913
12,-105.1299662982561
13,-106.26217630250913
14,-106.26217630250913
15,-106.92301082792797
16,-106.92301082792797
17,-106.92301082792797
18,-106.92301082792797
19,-106.97167427673112
20,-106.97167427673112
21,-89.90631778280698
22,-84.33081241910678
23,-192.60848074105309
24,-187.0329753773529
25,-162.79636195766238
26,-145.73100546373826
27,-148.8108364965324
28,-40.63532116887336
29,-830.1054681648029
30,67.25128673876183
31,76.88816534331839
32,65.53241012885802
33,56.24020122163801
34,74.75057562217863
35,76.96570861487352
36,70.87886946454128
37,81.19131329808688
38,66.23848317439511
39,66.23848317439511
40,61.05939079148907
41,66.23848317439511
42,66.23848317439511
43,66.23848317439511
44,66.23848317439511
45,66.23848317439511
46,66.23848317439511
47,25.53028346575295
48,5.918950433119709
49,5.918950433119709
50,8.055561384197954
51,10.776013147938322
52,9.88811401762992
53,45.20518796139725
54,50.43195353860128
55,29.68653528465438
56,32.60398647852984
57,32.60398647852984
58,23.649444947834965
59,15.28062442863806
60,22.088050471918017
61,25.60721848319028
62,106.38102492834811
63,106.2686055454151
64,106.2686055454151
65,109.5331105266732
66,108.22334986660903
67,108.22334986660903
68,102.12502974745634
69,109.2964674308677
70,100.66552122983946
71,112.21306406257162
72,112.21306406257162
73,108.71233918303841
74,108.04332383121205
75,108.71233918303841
76,108.71233918303841
77,108.71233918303841
78,100.50124507800155
79,89.48612367054527
80,98.60353944755909
81,98.60353944755909
82,98.60353944755909
83,98.26654873595889
84,98.26654873595889
85,98.26654873595889
86,98.26654873595889
87,42.249418812884656
88,67.19024514196616
89,67.19024514196616
90,67.19024514196616
91,80.46429639188402
92,75.2960573156488
93,62.970867835370946
94,51.97008171122869
95,58.26796350324204
96,58.26796350324204
97,58.26796350324204
98,58.26796350324204
99,53.376909978160555
100,58.26796350324204
101,58.26796350324204
102,53.376909978160555
103,52.541827274639914
104,-27.705308819096192
105,52.9322921573586
106,52.9322921573586
107,53.24794865946676
108,57.83275329944163
109,68.8335394235839
110,66.30091334170835
111,77.51490919818336
112,78.82466985824753
113,100.46494540670766
114,96.53322498373312
115,106.75351204996907
116,109.61349162126447
117,111.4674313094498
118,111.24339884100463
119,100.2054342876668
120,97.19104062930504
121,114.44323229669448
122,116.9165805714627
123,123.6103068554047
124,53.4322911795278
125,49.913123168255545
126,40.28693389283016
127,40.45041218506671
128,44.253392771371786
129,44.439922861198184
130,45.29654822487946
131,54.480793571823774
132,55.21915669340115
133,50.36298616250037
134,49.86174229627889
135,49.86174229627889
136,49.86174229627889
137,49.86174229627889
138,49.86174229627889
139,48.52252930337336
140,48.52252930337336
141,44.81657309339502
142,44.81657309339502
143,48.52252930337336
144,48.52252930337336
145,49.86174229627889
146,49.86174229627889
147,48.91289465262678
148,49.41413851884826
149,49.41413851884826
150,46.87238472813562
151,39.29775433765988
152,39.11122424783348
153,35.30824366152841
154,35.34409622884405
155,38.628837792739844
156,42.1480058040121
157,86.7820937538327
158,86.7820937538327
159,90.97764521737106
160,113.28460742035898
161,113.21898730967543
162,114.53064548810585
163,113.21898730967543
164,113.88800266150179
165,113.88800266150179
166,117.2459978014517
167,130.1427007522696
168,128.30008361513848
169,113.64762597047743
170,113.64762597047743
171,-5.189052175622589
172,1.4357358341871191
173,1.4357358341871191
174,-0.09174203724626179
175,-4.76484103164682
176,32.56298287896274
177,2.6127148648632894
178,2.6127148648632894
179,3.4572523472623877
180,3.4572523472623877
181,69.49446098187721
182,-92.89696054768511
183,-287.24653729546867
184,-600.1197401562496
185,-600.1197401562496
186,-598.9875301519966
187,-472.31024994495084
188,-649.2591237589346
189,-593.0606654875686
190,-593.0606654875686
191,-373.1395378912977
192,-484.08027209233535
193,-484.08027209233535
194,-484.08027209233535
195,-373.1395378912977
196,-493.36028873194624
197,-493.36028873194624
198,-493.36028873194624
199,-372.5381304234169
200,-483.4788646244545
201,-483.4788646244545
202,-483.4788646244545
203,-481.6795539644589
204,-469.80472358256503
205,-469.80472358256503
206,-363.166694935654
207,-468.5916940950116
208,-489.73013922031413
209,-490.8623492245672
210,-488.2830738024662
211,-480.3112622656717
212,-82.63923996015441
213,-82.63923996015441
214,-98.55519297572584
215,-110.59953485690345
216,-19.58759413763276
217,-16.560965416586708
218,-16.560965416586708
219,77.32206788343522
220,72.07004310118425
221,26.78517858736948
222,27.648050952993504
223,61.147457459217364
224,80.01567054525198
225,81.98129204299654
226,53.74947914039928
227,15.879584070969143
228,1.2378118972195145
229,-25.893705724576275
230,0.5302954505450148
231,32.59704094144624
232,26.44109547695457
233,17.55406723294404
234,32.59704094144624
235,32.59704094144624
236,32.59704094144624
237,32.59704094144624
238,32.59704094144624
239,76.36565411906678
240,89.03627453960105
241,91.80113540495758
242,95.02639055511416
243,31.966315371339086
244,75.61312667056028
245,94.14524870451594
246,103.24858798950363
247,101.25604479140439
248,94.23727341651049
249,88.50251769705743
250,85.96076390634478
251,77.30773701739841
252,75.86931794623513
253,47.49768743918445
254,39.919331892087335
255,148.4942336885715
256,148.4942336885715
257,138.2379434320214
258,143.76865396997306
259,154.21799752406608
260,161.89772289904442
261,155.12071638620148
262,150.8600023841162
263,162.44694467486994
264,162.44694467486994
265,163.07656056867472
266,162.40754521684835
267,163.07656056867472
268,167.5372240339381
269,166.6345051718027
270,161.89183279598387
271,161.89183279598387
272,162.29194363904688
273,160.05153967038459
274,159.3050346814402
275,142.89738049644984
276,127.34772637080839
277,142.89738049644984
278,138.7276402650903
279,113.24477710961446
280,120.08107262475002
281,142.9084827267313
282,148.19224560259622
283,148.87185138477182
284,87.92566924622221
285,74.16043422455944
286,149.54268416515575
287,141.79767764075388
288,129.92284725886006
289,129.92284725886006
290,129.92284725886006
291,158.99919471463235
292,-42.136802816744016
293,-25.071446322819885
294,-25.071446322819885
295,-12.452831030755368
296,-41.53539534886318
297,-41.53539534886318
298,79.59242092062435
299,142.70852474840737
300,100.62415456752991
301,142.70852474840737
302,167.49460037472392
303,165.06207932273443
304,181.05225791519857
305,188.37545288992703
306,143.91850612917074
307,161.45485386287928
308,161.45485386287928
309,159.41426723570646
310,160.0247639846286
311,147.93501990932384
312,150.67684493470637
313,154.3075995048828
314,154.3075995048828
315,126.95548439252018
316,76.8272979489385
317,45.577848765669344
318,44.24296767535427
319,44.39754865113922
320,46.93930244185185
321,48.85064985782015
322,48.85064985782015
323,53.632531778735235
324,53.632531778735235
325,53.632531778735235
326,53.632531778735235
327,51.07410745193951
328,51.07410745193951
329,51.07410745193951
330,51.07410745193951
331,40.076733587966764
332,40.076733587966764
333,38.16538617199846
334,38.16538617199846
335,38.16538617199846
336,49.12690746865557
337,49.12690746865557
338,49.12690746865557
339,51.99179275022086
340,51.99179275022086
341,51.99179275022086
342,51.99179275022086
343,52.199705472427944
344,56.85409588165433
345,66.90870541470346
346,64.36695162399077
347,58.91035868842331
348,57.47193961726002
349,64.49437005468234
350,113.02333243214073
351,140.71280108351442
352,146.93118684896274
353,107.40381675599923
354,101.89921341141661
355,98.19029616625062
356,102.6023454764844
357,98.48569849241365
358,90.69599859675758
359,95.51555223218982
360,139.1274638599376
361,139.1274638599376
362,139.1274638599376
363,139.85267240250164
364,141.23371916751293
365,141.23371916751293
366,142.77110461803932
367,137.54008986726078
368,141.65918681239694
369,151.26695165478864
370,151.26695165478864
371,152.7376172042087
372,152.5472419401591
373,152.5472419401591
374,151.04529754485796
375,97.80634711733538
376,99.45330991216564
377,149.92684592865373
378,142.4144837583216
379,89.91223998238823
380,89.91223998238823
381,144.75729859827092
382,142.39461570291928
383,92.1208339921105
384,122.21618465285832
385,122.86544094993957
386,122.86544094993957
387,92.77009028919176
388,122.07046284179444
389,122.51907936679312
390,124.44851421149505
391,122.92659314079015
392,122.92659314079015
393,122.51652323651072
394,121.05861849643489
395,143.55085453219542
396,135.5819050543024
397,135.5819050543024
398,109.17430039960706
399,129.64777409862654
400,130.75321682730194
401,131.56826376800217
402,109.72460760455841
403,138.649752152662
404,142.81949238402154
405,142.81949238402154
406,142.19336431700057
407,131.2558766410632
408,131.2558766410632
409,132.36779444670557
410,143.40517142352974
411,104.80233827961257
412,51.52112327192309
413,42.30803041533135
414,46.111011001636435
415,46.26559197742138
416,48.80734576813402
417,48.80734576813402
418,48.80734576813402
419,51.68533179545129
420,51.68533179545129
421,51.68533179545129
422,49.12690746865557
423,38.16538617199846
424,38.16538617199846
425,22.217581986779074
426,18.53720991171581
427,18.53720991171581
428,22.217581986779074
429,38.16538617199846
430,38.16538617199846
431,49.12690746865557
432,51.68533179545129
433,51.68533179545129
434,51.68533179545129
435,51.149580570632835
436,50.73648415179918
437,54.44244036177752
438,55.78165335468305
439,52.21391417471427
440,52.21391417471427
441,49.67216038400163
442,49.48563029417523
443,38.43956548495554
444,49.110877859254636
445,50.204578610671035
446,107.10281520477061
447,142.67336454639738
448,135.89635803355443
449,105.57261822063674
450,137.34356080552004
451,135.6965980106898
452,137.34356080552004
453,135.6965980106898
454,134.35419829251467
455,108.93535122658194
456,145.12355370510758
457,145.12355370510758
458,145.12355370510758
459,147.68324978748626
460,145.8873984214352
461,143.77020323932905
462,142.65828543368667
463,138.28716147057213
464,138.9167773643769
465,139.54290543139788
466,139.54290543139788
467,124.83778878815558
468,140.38744291379697
469,143.37680542680235
470,138.31822735945138
471,104.24597706026377
472,104.66948483541711
473,141.22132561178665
474,141.22132561178665
475,99.6761413931564
476,55.215892527983634
477,111.77716983637612
478,111.77716983637612
479,124.4843667788107
480,122.51907936679312
481,114.73476772298265
482,114.73476772298265
483,111.92789103628667
484,111.92789103628667
485,111.92789103628667
486,111.92789103628667
487,110.37011739826612
488,109.95735344058308
489,109.95735344058308
490,109.95735344058308
491,109.44141723893308
492,109.44141723893308
493,117.43111388731432
494,110.23639534707821
495,109.9856307259388
496,109.9856307259388
497,112.79250741263479
498,109.9856307259388
499,112.707991396516
500,112.707991396516
501,88.7217722882265
502,120.08223313604704
503,116.50843475657767
504,137.64274298101586
505,85.14797390875714
506,85.14797390875714
507,99.62645559990199
508,27.331891808785798
509,10.250787018326596
510,11.162694890112153
511,17.385549901016237
512,17.984843948525672
513,20.52659773923832
514,20.52659773923832
515,31.23569486543834
516,31.23569486543834
517,47.530366221377754
518,45.271612783365015
519,106.76869334090343
520,51.670392946391495
521,43.62464998853477
522,45.271612783365015
523,45.271612783365015
524,45.271612783365015
525,45.271612783365015
526,45.271612783365015
527,43.824410011399415
528,43.824410011399415
529,48.15649428839872
530,31.23569486543834
531,29.270407453420773
532,29.270407453420773
533,29.77165131964226
534,29.77165131964226
535,22.982409696970045
536,21.795425645549575
537,19.929460017181338
538,24.7562403698354
539,37.24029356061311
540,43.5466333563057
541,96.14263252126254
542,101.34078318425895
543,146.546008821221
544,146.546008821221
545,153.32301533406394
546,146.546008821221
547,153.32301533406394
548,153.32301533406394
549,146.546008821221
550,146.546008821221
551,156.20794224904006
552,149.25974216907414
553,149.88587023609512
554,149.09089212795
555,150.10823902897548
556,150.6779181265638
557,150.6779181265638
558,145.5962700234187
559,99.16278041861655
560,145.5962700234187
561,145.5962700234187
562,146.01977779857205
563,146.86431528097114
564,138.65322117593428
565,138.65322117593428
566,138.65322117593428
567,139.50698163590476
568,139.50698163590476
569,73.91242454629392
570,73.91242454629392
571,100.29447139195022
572,100.29447139195022
573,100.29447139195022
574,100.29447139195022
575,112.78797624381649
576,112.78797624381649
577,112.78797624381649
578,112.78797624381649
579,61.87215215358965
580,112.78797624381649
581,112.78797624381649
582,112.78797624381649
583,112.44841025387714
584,112.44841025387714
585,112.44841025387714
586,112.44841025387714
587,111.93247405222718
588,111.93247405222718
589,103.96352457433414
590,111.93247405222718
591,111.27163952680834
592,111.27163952680834
593,105.26797746093288
594,105.26797746093288
595,102.22995149912434
596,102.22995149912434
597,102.22995149912434
598,102.22995149912434
599,98.65615311965497
600,98.65615311965497
601,98.65615311965497
602,101.64551563266036
603,85.88524461868562
604,30.583347294812874
605,22.606229084350453
606,23.493239124285726
607,26.232593038294524
608,26.796185220059666
609,26.796185220059666
610,26.796185220059666
611,44.01923758828379
612,42.680024595378256
613,38.55056061024658
614,39.76499651472062
615,38.55056061024658
616,30.779622914719873
617,30.126084174838656
618,30.126084174838656
619,30.126084174838656
620,30.126084174838656
621,30.126084174838656
622,30.126084174838656
623,30.126084174838656
624,29.40477770213464
625,30.126084174838656
626,29.828285477287988
627,29.828285477287988
628,29.828285477287988
629,23.840563128750638
630,25.179776121656168
631,20.769824762099365
632,22.3117857187847
633,31.2877578656242
634,27.298247189492724
635,20.748067870667093
636,28.99391298511034
637,41.78325177974496
638,138.0723503097889
639,140.27887783096165
640,140.27887783096165
641,140.27887783096165
642,140.27887783096165
643,147.0558843438046
644,140.27887783096165
645,141.16771566695306
646,131.33079154470477
647,139.92837132245313
648,140.5579872162579
649,140.5579872162579
650,140.5579872162579
651,140.5579872162579
652,135.49940914890695
653,138.48877166191232
654,138.48877166191232
655,103.98626867790756
656,97.90253706750998
657,89.08427921160937
658,140.53810945427713
659,141.38264693667622
660,140.6613404639722
661,130.82441634172392
662,127.83505382871863
663,62.24049673910763
664,62.24049673910763
665,97.30050988517112
666,97.30050988517112
667,99.20880594596282
668,99.20880594596282
669,91.83456420643178
670,91.76077331114062
671,73.56188357063209
672,62.5610974464898
673,62.5610974464898
674,60.40191634058842
675,60.40191634058842
676,60.40191634058842
677,60.40191634058842
678,60.40191634058842
679,61.892161644460664
680,61.06056894070253
681,60.52456973605513
682,61.892161644460664
683,72.37701156695297
684,71.48817373096156
685,78.8624154704926
686,78.8624154704926
687,102.05196536207232
688,102.05196536207232
689,110.22720689979354
690,106.53259674740339
691,152.9131285045892
692,152.9131285045892
693,152.9131285045892
694,155.39544735798788
695,143.09358920497272
696,143.09358920497272
697,138.31453417450305
698,146.6099944171422
699,108.5236499715029
700,73.48340329128403
701,54.37505349437168
702,58.178034080676746
703,61.73099421085561
704,61.73099421085561
705,60.842156374864196
706,58.91714751192952
707,54.87928288402241
708,54.87928288402241
709,52.320858557226686
710,35.71921030824421
711,12.895863018219526
712,14.391325993630897
713,12.040481571543019
714,9.097815824166052
715,10.932235563057901
716,1.7861557195600024
717,-0.5283117272266009
718,-0.5283117272266009
719,-0.5283117272266009
720,-0.9445326999504944
721,5.4552195328699975
722,8.185907952380493
723,7.650156727562042
724,10.001001149649916
725,13.681373224713159
726,48.17916014183934
727,43.60109753331783
728,43.60109753331783
729,56.784009355059496
730,55.13704656022925
731,55.07554229465191
732,47.65975884718494
733,53.78464502057505
734,102.31360739803337
735,138.72815801652416
736,140.65316687945884
737,147.43017339230178
738,147.43017339230178
739,109.327231778681
740,134.6685829717889
741,134.6685829717889
742,134.6685829717889
743,146.88514115634743
744,146.88514115634743
745,152.86972506401736
746,150.94471620108268
747,149.41608566596756
748,149.41608566596756
749,151.69266435460258
750,150.9968924538435
751,152.92926440222132
752,152.29964850841654
753,154.76368414111317
754,152.01735653043576
755,149.06381685530087
756,149.69343274910565
757,149.69343274910565
758,149.69343274910565
759,133.97887281708697
760,146.3774529777166
761,110.43277595221076
762,146.3774529777166
763,141.32122330561563
764,141.32122330561563
765,140.5033154129608
766,74.90875832334993
767,121.84762447114841
768,121.84762447114841
769,121.84762447114841
770,102.24108638969695
771,121.84762447114841
772,121.84762447114841
773,121.84762447114841
774,121.84762447114841
775,118.32456342111028
776,118.32456342111028
777,118.32456342111028
778,118.32456342111028
779,117.77277465214465
780,117.77277465214465
781,140.78094688955517
782,140.78094688955517
783,140.12011236413633
784,147.91844251149016
785,147.91844251149016
786,144.56995262782706
787,152.0418085185713
788,151.84204849570665
789,155.61305413682896
790,107.3191089446894
791,143.15229602783103
792,142.40086515662452
793,142.40086515662452
794,98.19064104672074
795,47.73861469760545
796,42.862527019345116
797,49.87464552796169
798,48.692290598207045
799,47.26244902268836
800,44.134601627991664
801,39.231714857210385
802,11.986406710078935
803,9.84369881649007
804,0.2319348728507707
805,-1.1593793284307925
806,-2.035682518563885
807,1.2340157968415317
808,0.45351770046465395
809,-12.069812231518831
810,-13.122714852058959
811,-13.122714852058959
812,-14.737069572634855
813,-13.122714852058959
814,-16.06538059943593
815,-16.06538059943593
816,-14.184819305891597
817,-14.184819305891597
818,-14.184819305891597
819,-14.767731107337376
820,-2.24440117535389
821,-1.1801195421007749
822,8.410403327639404
823,9.27432320538829
824,33.74463329024322
825,37.70095007851618
826,38.807744853231355
827,37.48141388388929
828,33.714943045424995
829,40.954861218205636
830,100.71921702120564
831,129.27492259923
832,120.92765579620846
833,133.68924621672133
834,120.92765579620846
835,133.68924621672133
836,120.92765579620846
837,120.92765579620846
838,120.92765579620846
839,138.50879985215354
840,133.1538318382884
841,133.1538318382884
842,133.1538318382884
843,143.67693987285637
844,143.67693987285637
845,152.5701172059337
846,154.78478016610396
847,152.97412374694366
848,152.78374848289405
849,154.43398564414136
850,155.2676018393003
851,151.1964204983676
852,148.8732961763588
853,148.8732961763588
854,149.07305619922343
855,123.11318038802514
856,146.00057312795104
857,137.1576711834598
858,145.08866525616548
859,101.81004008429922
860,148.2435296891014
861,140.03243558406453
862,140.03243558406453
863,93.9946980050828
864,93.9946980050828
865,93.9946980050828
866,143.35049287729655
867,143.35049287729655
868,122.21618465285832
869,122.21618465285832
870,145.2243568902688
871,143.66658325224824
872,143.66658325224824
873,143.66658325224824
874,143.66658325224824
875,143.15064705059825
876,143.15064705059825
877,145.5133299459499
878,145.5133299459499
879,153.55198962220013
880,153.55198962220013
881,159.7204140335537
882,131.6459341612428
883,157.2913589426067
884,159.77251851309745
885,160.88443631873983
886,153.6667688161239
887,128.30016894123176
888,128.86250875675182
889,127.25146326843016
890,92.98977911461841
891,42.23428928813654
892,29.628457510649895
893,32.75509582115734
894,35.48337970169638
895,36.84991209080616
896,39.67213218000095
897,40.65404858365239
898,37.216885890790515
899,42.05729161829205
900,40.35570349328542
901,33.46484893127287
902,31.252880246009973
903,63.60113584116266
904,64.75691800789915
905,64.23457880795398
906,59.440666087110394
907,56.46307197633063
908,42.794417423036236
909,41.638635256299736
910,25.949362913299307
911,25.949362913299307
912,14.571522869733483
913,21.986199614634074
914,22.806854098615396
915,19.328437126419974
916,30.700177368266296
917,34.41253727653014
918,51.92133927165678
919,55.72661909796083
920,41.98971667801911
921,40.10630813958385
922,44.401421450779075
923,41.87127818123238
924,38.621438551467946
925,58.29479618758822
926,117.76893750715196
927,127.97729771759965
928,126.42164563265803
929,125.83580889907314
930,127.98537536571988
931,127.98537536571988
932,127.98537536571988
933,127.98537536571988
934,127.98537536571988
935,139.2133851550378
936,138.64782167473788
937,145.5584417735447
938,145.5584417735447
939,107.09819411909355
940,121.23834759766653
941,149.4475877518854
942,149.4475877518854
943,152.8986882783102
944,152.43618377535847
945,153.06579966916325
946,143.1151003434115
947,141.47762493283614
948,142.10724082664092
949,141.98821214079632
950,147.78248022852011
951,158.3630342167269
952,158.3630342167269
953,158.3630342167269
954,154.19329398536735
955,153.43479193835833
956,144.59805662815342
957,144.4854793216196
958,144.4854793216196
959,144.99422658565462
960,146.64118938048486
961,148.24816850040835
962,125.21085405491459
963,125.21085405491459
964,125.21085405491459
965,129.49275665277736
966,150.62706487721556
967,147.21273406233294
968,146.6903948623878
969,145.0834157424643
970,143.43645294763405
971,143.69122217135563
972,143.69122217135563
973,143.69122217135563
974,145.0498350658527
975,152.80222807548543
976,153.67853126561852
977,157.84827149697807
978,161.2115009236671
979,148.9360518666344
980,143.1777280856515
981,144.28964589129387
982,149.47154566172551
983,123.86234978390983
984,123.86234978390983
985,123.86234978390983
986,132.4829075647158
987,28.916567589734402
988,17.424895593864747
989,20.73806399419857
990,23.279817784911195
991,35.50399138094621
992,41.65388455375503
993,43.852477408583546
994,39.88922514431114
995,43.88065673588659
996,42.17906861087996
997,32.64419444729154
998,31.252880246009973
999,31.252880246009973
1000,42.630720289575805
1001,42.630720289575805
1002,36.53402345459635
1003,47.91186349816218
1004,47.91186349816218
1005,36.53402345459635
1006,36.53402345459635
1007,36.53402345459635
1008,34.71065833700181
1009,34.71065833700181
1010,33.97996127488773
1011,33.44421005006927
1012,45.73910353742064
1013,53.536748231718356
1014,66.34738611903114
1015,46.85177826902714
1016,43.23400726565887
1017,43.23400726565887
1018,35.919183189350726
1019,32.98180673168698
1020,24.952500750641903
1021,32.19241892342253
1022,87.12086702414803
1023,97.65805695735797
1024,130.25878470163403
1025,88.4562656416798
1026,91.43103097315914
1027,118.6485944950061
1028,97.2477993632145
1029,129.99453623004771
1030,114.40391404056241
1031,131.98505809650737
1032,132.5708948300923
1033,127.65748456589526
1034,127.65748456589526
1035,88.8295039670548
1036,133.64206847356516
1037,133.64206847356516
1038,139.8071359093206
1039,142.06232975476073
1040,142.06232975476073
1041,154.58438327037294
1042,142.84300667344036
1043,139.3825109450392
1044,139.3825109450392
1045,139.89309815299939
1046,145.68736624072318
1047,156.26792022892997
1048,156.26792022892997
1049,156.26792022892997
1050,152.0981799975704
1051,152.21598114069448
1052,143.12858384552453
1053,143.12858384552453
1054,147.1113667848331
1055,145.90527617426034
1056,145.90527617426034
1057,143.98071417405913
1058,139.42298801681144
1059,94.34964161818232
1060,119.93564258720338
1061,119.93564258720338
1062,139.42298801681144
1063,140.5490765230663
1064,142.42294053603857
1065,95.70263134257924
1066,135.33482736469605
1067,135.58959658841763
1068,135.58959658841763
1069,137.22149016697813
1070,141.2546716672925
1071,150.50371477909565
1072,150.50371477909565
1073,155.65860636303967
1074,134.689282268381
1075,147.5528975373665
1076,141.7945737563836
1077,145.8065488292854
1078,147.12936668065475
1079,121.60806379909693
1080,121.60806379909693
1081,111.40182300151707
1082,119.75367991151236
1083,82.16213128208281
1084,31.889781278197237
1085,18.454843495541187
1086,20.905603727523822
1087,36.53877173957128
1088,36.035674320937424
1089,38.814517133520134
1090,33.28801490488825
1091,39.52500461524677
1092,35.70426680468703
1093,31.99831059470869
1094,31.99831059470869
1095,31.99831059470869
1096,31.99831059470869
1097,42.855951801633914
1098,47.29778466686489
1099,37.98993719563786
1100,45.24865953643542
1101,45.24865953643542
1102,43.55936587797313
1103,42.597475264392244
1104,38.877920001211905
1105,38.877920001211905
1106,42.27666385054383
1107,41.74091262572537
1108,41.74091262572537
1109,45.44686883570371
1110,46.78608182860924
1111,43.87345405803008
1112,43.87345405803008
1113,41.8391650098786
1114,37.932956417985515
1115,29.508027769989333
1116,28.069608698826045
1117,30.57175061260596
1118,85.50019871333146
1119,127.53647066449746
1120,121.0425875604614
1121,121.0425875604614
1122,116.6007546952304
1123,116.6007546952304
1124,116.6007546952304
1125,116.6007546952304
1126,121.0425875604614
1127,149.99067201969777
1128,150.62028791350255
1129,144.52033854624582
1130,148.01053511262154
1131,147.38091921881676
1132,156.1723938743912
1133,154.98507736182012
1134,166.05829754099958
1135,162.42754297082314
1136,161.12524990113116
1137,161.12524990113116
1138,161.12524990113116
1139,155.2877205363137
1140,151.56402391365316
1141,150.93440801984838
1142,150.93016774135884
1143,126.11406120579308
1144,148.08954607393338
1145,147.29456796578827
1146,147.29456796578827
1147,141.41527769669648
1148,141.41527769669648
1149,141.41527769669648
1150,141.41527769669648
1151,94.26174015170196
1152,122.48322679947748
1153,122.48322679947748
1154,122.48322679947748
1155,92.42372870604531
1156,122.51907936679312
1157,115.14483762726208
1158,122.51907936679312
1159,-429.38777653344977
1160,115.14228149697968
1161,115.14228149697968
1162,115.14228149697968
1163,122.00058703486073
1164,120.13261239050547
1165,109.17430039960706
1166,109.17430039960706
1167,91.6498463850171
1168,108.51346587418823
1169,108.51346587418823
1170,132.6371366116319
1171,130.00918055410278
1172,108.46480242538507
1173,129.59911064982336
1174,129.59911064982336
1175,126.43538217463338
1176,127.32422001062479
1177,127.28647952942592
1178,103.38606958372559
1179,99.3429253651307
1180,31.88243392193007
1181,18.701224067916787
1182,18.701224067916787
1183,22.4722555401804
1184,22.658785630006797
1185,44.23477193032279
1186,43.60864386330183
1187,52.03304295972445
1188,51.56765166081861
1189,51.56765166081861
1190,52.10941131126385
1191,49.86130187381338
1192,49.86130187381338
1193,46.15534566383504
1194,46.15534566383504
1195,46.15534566383504
1196,46.15534566383504
1197,46.15534566383504
1198,46.65417220410056
1199,46.65417220410056
1200,46.65417220410056
1201,46.65417220410056
1202,47.280300271121526
1203,50.986256481099865
1204,31.162985743001776
1205,31.162985743001776
1206,37.818112153835635
1207,30.7318291506709
1208,30.7318291506709
1209,28.190075359958257
1210,28.00354527013186
1211,20.677880204442623
1212,19.23946113327934
1213,28.20326877452643
1214,99.83350044908661
1215,126.81305349043515
1216,126.81305349043515
1217,127.02343939629425
1218,133.80044590913724
1219,133.80044590913724
1220,127.02343939629425
1221,128.6431166867634
1222,135.42012319960634
1223,140.23005897751713
1224,139.02961167499367
1225,140.64928896546277
1226,139.02961167499367
1227,140.64580113867896
1228,141.5391272883604
1229,142.45694522648304
1230,142.45694522648304
1231,138.2872049951235
1232,138.95622034694986
1233,138.95622034694986
1234,140.41572886456674
1235,107.86410958319618
1236,139.80075782934895
1237,141.6837741221192
1238,141.15107157135162
1239,132.9399774663148
1240,132.9399774663148
1241,132.9399774663148
1242,67.34542037670384
1243,103.0850393049429
1244,103.0850393049429
1245,103.0850393049429
1246,91.21020892304907
1247,98.00083293586547
1248,97.06193089352475
1249,97.06193089352475
1250,97.06193089352475
1251,71.01224025916231
1252,71.01224025916231
1253,72.38013694811272
1254,98.42982758247516
1255,100.24944269843719
1256,74.19975206407476
1257,74.19975206407476
1258,100.24944269843719
1259,100.56509920054535
1260,100.56509920054535
1261,100.56509920054535
1262,72.41870567535203
1263,99.90426467512651
1264,99.90426467512651
1265,99.90426467512651
1266,99.90426467512651
1267,99.85560122632336
1268,99.85560122632336
1269,99.85560122632336
1270,100.79450326866409
1271,97.7534074399623
1272,93.71036245043267
1273,105.04343318188127
1274,88.91484558183167
1275,26.443954966903476
1276,13.29859768020583
1277,13.29859768020583
1278,17.288108356337286
1279,15.880237303275738
1280,25.150408086638084
1281,25.150408086638084
1282,25.150408086638084
1283,28.564393318602757
1284,28.564393318602757
1285,28.564393318602757
1286,15.044447695149952
1287,-4.583728565132702
1288,-4.583728565132702
1289,12.099659522382748
1290,12.099659522382748
1291,-6.934572987220578
1292,-6.934572987220578
1293,-6.934572987220578
1294,-6.934572987220578
1295,-6.934572987220578
1296,-6.934572987220578
1297,-6.934572987220578
1298,-6.934572987220578
1299,-4.583728565132702
1300,-4.583728565132702
1301,-4.583728565132702
1302,17.602872021945654
1303,26.282159968054373
1304,26.282159968054373
1305,26.282159968054373
1306,29.199611161929823
1307,27.851310472544274
1308,27.822494673656745
1309,20.40671122618978
1310,32.1717243519053
1311,134.32333817654717
1312,127.54633166370428
1313,134.96027623267545
1314,134.96027623267545
1315,93.73658653831728
1316,128.1832697198325
1317,135.1706621385346
1318,127.67234915298766
1319,140.4879817223575
1320,140.90721171030313
1321,140.90721171030313
1322,141.5333397773241
1323,140.90372388351932
1324,141.5333397773241
1325,142.7148679713234
1326,142.7148679713234
1327,107.27749484563745
1328,140.14094905863953
1329,140.14094905863953
1330,140.14094905863953
1331,115.5026233855628
1332,140.98548654103863
1333,140.98548654103863
1334,141.40899431619198
1335,119.4160392683975
1336,133.19790021115517
1337,133.19790021115517
1338,133.19790021115517
1339,126.50843279055533
1340,126.50843279055533
1341,133.87750599333077
1342,68.28294890371981
1343,131.09505009270353
1344,102.12404113895386
1345,125.11363513022168
1346,111.91676124644133
1347,166.40574510121124
1348,161.04709042728192
1349,104.3521039092162
1350,116.22693429111003
1351,116.82834175899086
1352,116.82834175899086
1353,116.82834175899086
1354,128.50834730678633
1355,132.24627772325476
1356,132.26485596939747
1357,122.41565179275571
1358,154.10613563078056
1359,133.79900856711032
1360,110.33123827667679
1361,113.09041321496358
1362,116.35491819622167
1363,109.75827147854265
1364,110.78692280971052
1365,104.90916638528029
1366,94.98939537649524
1367,99.33403141243933
1368,99.33403141243933
1369,99.33403141243933
1370,100.03945310526707
1371,100.03945310526707
1372,44.4602851336854
1373,34.834095858260014
1374,37.12351705649479
1375,38.46843654105622
1376,44.42158874149231
1377,55.79942878505815
1378,67.67257875989726
1379,79.36828945796181
1380,74.32312025507794
1381,74.32312025507794
1382,74.32312025507794
1383,74.32312025507794
1384,71.76469592828222
1385,71.76469592828222
1386,71.76469592828222
1387,71.76469592828222
1388,72.60690810787024
1389,72.60690810787024
1390,72.60690810787024
1391,72.60690810787024
1392,72.60690810787024
1393,75.16533243466596
1394,75.16533243466596
1395,74.6295812098475
1396,65.3066052782502
1397,68.09302104312135
1398,54.082287054857645
1399,53.27855995161683
1400,51.95891565665402
1401,49.41716186594138
1402,48.37400641243371
1403,41.17893470375795
1404,41.60849027694993
1405,72.23941214662334
1406,110.66834144023011
1407,134.6685829717889
1408,135.83527152818468
1409,136.99105369492116
1410,149.75264411543404
1411,136.99105369492116
1412,149.75264411543404
1413,136.99105369492116
1414,136.99105369492116
1415,154.57219775086625
1416,147.871072306215
1417,145.01716651199217
1418,118.34923025114247
1419,122.80518362369725
1420,122.80518362369725
1421,125.0817623123323
1422,123.6345595403667
1423,123.0049436465619
1424,110.00670221060356
1425,109.094794338818
1426,111.57864769522426
1427,150.9939193684796
1428,152.23227811903007
1429,149.95265469129228
1430,149.95265469129228
1431,148.9384405069075
1432,124.8251290027973
1433,123.93629116680589
1434,110.99732220985608
1435,109.093608575441
1436,109.9824464114324
1437,109.093608575441
1438,109.093608575441
1439,110.19868201306681
1440,95.29669254676863
1441,104.41708787334737
1442,104.46371352975076
1443,95.34331820317202
1444,104.46371352975076
1445,103.57487569375935
1446,104.46371352975076
1447,102.85931423532682
1448,102.85931423532682
1449,93.73891890874808
1450,93.73891890874808
1451,102.34337803367684
1452,110.51861957139806
1453,124.34642636433928
1454,150.9573284066096
1455,150.29649388119077
1456,154.46623411255032
1457,138.52752961436593
1458,157.21256172322774
1459,157.0247096841676
1460,154.66485076663162
1461,156.8251668770579
1462,157.82463846273865
1463,141.00297269514726
1464,131.27617916691096
1465,125.29159525924105
1466,133.51466155285587
1467,58.8898367051845
1468,54.58831564938893
1469,56.18723774938606
1470,82.2121777655083
1471,148.2325953040758
1472,86.72992832956155
1473,77.21149260111544
1474,77.21149260111544
1475,84.61608932239238
1476,82.94442216056552
1477,82.12376767658421
1478,78.04544935958522
1479,75.4870250327895
1480,77.15598977488943
1481,77.15598977488943
1482,77.15598977488943
1483,79.56534334978849
1484,75.4870250327895
1485,59.30871751247464
1486,49.123472993036934
1487,49.123472993036934
1488,48.43452713606098
1489,48.43452713606098
1490,48.43452713606098
1491,67.08195780473501
1492,69.42642024872056
1493,56.397488107144895
1494,44.85437139769279
1495,43.49839743509927
1496,40.68910116763713
1497,45.00444482298982
1498,42.97015577483834
1499,40.56658534199989
1500,36.01129924692933
1501,34.10776577753452
1502,44.323573849101955
1503,128.5057875356854
1504,129.49171868555302
1505,141.04640837745077
1506,128.28481795693793
1507,129.61257376787708
1508,133.5994508766892
1509,133.5994508766892
1510,120.83786045617639
1511,138.4190045121214
1512,131.90825433151977
1513,137.0763943522226
1514,136.090463202355
1515,152.06106258044787
1516,152.50030321020304
1517,152.50030321020304
1518,149.67627970595802
1519,149.04666381215324
1520,150.42771057716453
1521,150.62747060002917
1522,150.07598919200075
1523,153.4043800308061
1524,153.4043800308061
1525,152.49247215902054
1526,150.21284873128275
1527,123.82609125517818
1528,111.85222415042229
1529,110.62790035604176
1530,110.62790035604176
1531,105.28879851142314
1532,108.7213257696721
1533,108.7213257696721
1534,108.7213257696721
1535,97.56999060655488
1536,134.30280813309156
1537,134.30280813309156
1538,134.30280813309156
1539,97.56999060655488
1540,134.30280813309156
1541,134.30280813309156
1542,134.30280813309156
1543,132.745034495071
1544,132.745034495071
1545,132.745034495071
1546,132.745034495071
1547,140.44019239845784
1548,140.44019239845784
1549,140.01668462330449
1550,109.13316004610981
1551,139.35585009788565
1552,139.76592000216507
1553,143.93566023352463
1554,143.89980766620897
1555,141.39408524759227
1556,143.34821523282267
1557,146.9789698029991
1558,147.69092821160658
1559,136.71050742548948
1560,139.50010991563022
1561,152.71603228526308
1562,111.24269624411696
1563,116.55469670255856
1564,61.626248601833076
1565,61.378635626524826
1566,67.00498133042443
1567,67.15956230620938
1568,92.95230611532702
1569,94.10808828206352
1570,93.21925044607211
1571,101.14240567627327
1572,101.14240567627327
1573,101.14240567627327
1574,91.41414502914479
1575,80.04654623534874
1576,79.98608221502408
1577,74.95779406852262
1578,74.73587081213591
1579,74.03670527602522
1580,70.5778306798176
1581,70.5778306798176
1582,78.73790793084017
1583,83.90797821312862
1584,90.09569874249908
1585,90.09569874249908
1586,88.15569619838662
1587,93.80766550293863
1588,95.28450533594128
1589,92.58943668527998
1590,58.251557234811635
1591,61.3818380737249
1592,58.05064079590212
1593,55.86531895153291
1594,50.508718579418066
1595,41.27215376848637
1596,39.83373469732308
1597,51.430357610620554
1598,103.99385207494826
1599,127.97729771759965
1600,140.33463626705566
1601,142.44386818413201
1602,194.62050736126483
1603,196.4121695185198
1604,183.650579098007
1605,183.650579098007
1606,183.650579098007
1607,155.5667810057771
1608,143.0214460945474
1609,143.0214460945474
1610,143.0214460945474
1611,148.81797185808063
1612,149.4475877518854
1613,148.42127757427255
1614,148.42127757427255
1615,151.87237810069735
1616,150.48383740660876
1617,145.4121714932501
1618,140.8930787949259
1619,140.7111587836158
1620,139.3668581784376
1621,140.29687256815967
1622,154.14276304153213
1623,155.6226515685236
1624,129.99919264216504
1625,127.10210636277078
1626,149.23126216877003
1627,104.58800236855315
1628,149.6376138342606
1629,149.6376138342606
1630,149.6376138342606
1631,152.89086279676349
1632,94.20834674046723
1633,144.67976869172662
1634,144.67976869172662
1635,144.67976869172662
1636,146.32673148655687
1637,146.32673148655687
1638,146.32673148655687
1639,144.7689578485363
1640,143.12199505370606
1641,143.12199505370606
1642,143.12199505370606
1643,105.77151618002216
1644,150.39364518193958
1645,150.39364518193958
1646,150.39364518193958
1647,151.23475505182188
1648,160.33851193758582
1649,161.2115009236671
1650,157.72201987233572
1651,148.34586810635432
1652,144.31899098466835
1653,149.31764366613837
1654,144.65393994842267
1655,121.7299251103998
1656,126.3369291261153
1657,115.74699691599699
1658,130.87521967491108
1659,45.480332232104736
1660,37.866740087749726
1661,29.540793540601488
1662,32.667431851108915
1663,60.726885720723594
1664,80.18577030884634
1665,82.88083895950764
1666,82.88083895950764
1667,90.4070486259577
1668,90.4070486259577
1669,85.36187942307383
1670,85.36187942307383
1671,85.36187942307383
1672,92.97500019579803
1673,95.6977190775887
1674,95.6977190775887
1675,95.6977190775887
1676,95.17537987764354
1677,95.17537987764354
1678,95.6977190775887
1679,95.6977190775887
1680,95.6977190775887
1681,92.06842287501395
1682,78.73827534170293
1683,65.3082601355739
1684,65.3082601355739
1685,62.6131914849126
1686,39.006957900477076
1687,36.09433012989791
1688,36.09433012989791
1689,30.02324702704536
1690,29.12971141338008
1691,26.005804865889942
1692,19.266363694220622
1693,27.944700938164523
1694,33.25191520541251
1695,119.81204071313678
1696,121.55017648952186
1697,138.04855416355153
1698,127.56307323494859
1699,139.52968554731626
1700,176.18222046026872
1701,128.7737779830221
1702,131.0368760395011
1703,144.9732663172013
1704,140.15554206379986
1705,135.0092466843787
1706,138.9961237931908
1707,149.51923182775874
1708,159.24602535599504
1709,159.24602535599504
1710,159.68526598575022
1711,159.05565009194544
1712,159.05565009194544
1713,157.6126733527117
1714,154.84753757046167
1715,155.84380316595983
1716,153.3628170741282
1717,153.3628170741282
1718,151.69876364603826
1719,144.23056588677284
1720,141.24120337376746
1721,141.24120337376746
1722,141.1674124784763
1723,143.07570853926802
1724,142.2578006466132
1725,138.08806041525364
1726,138.08806041525364
1727,111.51247309305234
1728,141.55439525832762
1729,141.55439525832762
1730,141.97790303348097
1731,141.97790303348097
1732,141.97790303348097
1733,141.97790303348097
1734,141.97790303348097
1735,96.01797741433217
1736,96.01797741433217
1737,140.96188904590565
1738,140.96188904590565
1739,140.0224450691023
1740,108.7154127167543
1741,108.7154127167543
1742,140.0224450691023
1743,143.53135077504302
1744,143.53135077504302
1745,143.53135077504302
1746,143.31529261230148
1747,141.97000384858723
1748,146.13675762341109
1749,145.936808160233
1750,145.936808160233
1751,129.88371133823165
1752,129.88371133823165
1753,131.3309141101972
1754,103.44953425746515
1755,77.71039212462752
1756,73.40079054681436
1757,73.40079054681436
1758,77.39030122294581
1759,80.74231807920502
1760,84.76908488949483
1761,84.76908488949483
1762,84.76908488949483
1763,88.66547330940618
1764,87.32626031650065
1765,83.62030410652231
1766,83.62030410652231
1767,83.62030410652231
1768,81.0618797797266
1769,75.4217528274012
1770,64.46023153074405
1771,64.65999155360869
1772,60.014479318055805
1773,60.014479318055805
1774,57.58901205819995
1775,57.58901205819995
1776,59.102571446270254
1777,59.102571446270254
1778,59.102571446270254
1779,45.5378880798762
1780,38.80556027186324
1781,38.47184712676803
1782,49.43336842342514
1783,49.70955939967247
1784,48.86734722008445
1785,51.7847984139599
1786,52.69670628574545
1787,50.43649772457435
1788,47.70821384403531
1789,40.292430396568335
1790,67.68818714408712
1791,127.16540312441865
1792,125.65184373634834
1793,139.9269935449314
1794,141.0827757116679
1795,141.0827757116679
1796,140.28961408267955
1797,147.10188602620377
1798,147.10188602620377
1799,171.4306589137027
1800,166.07569089983758
1801,165.8942667760174
1802,165.8942667760174
1803,164.52784066812288
1804,163.07656056867472
1805,167.33727457076
1806,166.4345557086246
1807,165.80493981481982
1808,166.6345051718027
1809,166.6345051718027
1810,163.00375060162625
1811,162.73637027838296
1812,162.73637027838296
1813,160.89607715278368
1814,160.89607715278368
1815,162.3070478861517
1816,162.9366637799565
1817,162.9366637799565
1818,162.9366637799565
1819,147.36087566757993
1820,159.8700371059259
1821,151.65894300088902
1822,151.65894300088902
1823,149.3306516552129
1824,147.45678764224064
1825,126.32247941780253
1826,126.60317840965082
1827,133.64246351331587
1828,105.18248091549286
1829,105.18248091549286
1830,121.67403472179133
1831,105.7838883833737
1832,105.7838883833737
1833,105.7838883833737
1834,105.7838883833737
1835,109.93264208021846
1836,109.93264208021846
1837,109.93264208021846
1838,124.32749299568606
1839,109.27180755479962
1840,132.27997979221016
1841,132.27997979221016
1842,132.27997979221016
1843,130.3574523304347
1844,130.3574523304347
1845,130.3574523304347
1846,123.61799502146407
1847,119.37703154431763
1848,127.58812564935451
1849,109.71799301917777
1850,38.637865132535616
1851,35.11869712126336
1852,25.49250784583797
1853,29.48201852196944
1854,26.102689772772706
1855,40.21813109922835
1856,40.21813109922835
1857,43.08152405049779
1858,29.56157842704497
1859,14.119141585741922
1860,13.007223780099551
1861,10.656379358011678
1862,1.942159678404608
1863,3.9196962719733874
1864,3.9196962719733874
1865,6.6848320542234365
1866,3.9196962719733874
1867,3.9196962719733874
1868,2.2735793876701025
1869,3.1391981755965097
1870,2.2735793876701025
1871,1.16166158202773
1872,1.16166158202773
1873,1.16166158202773
1874,1.942159678404608
1875,3.0514829675922788
1876,1.899226568224887
1877,1.899226568224887
1878,1.899226568224887
1879,8.331212897283581
1880,10.682057319371456
1881,41.27175487631121
1882,44.240249107386354
1883,45.80939961187625
1884,46.39967511158157
1885,37.06789878771789
1886,43.87532483099784
1887,99.44762163739516
1888,134.15558035367457
1889,134.15558035367457
1890,91.13395447744811
1891,94.76470904762456
1892,94.76470904762456
1893,136.13311694724334
1894,129.3561104344004
1895,95.94389025535892
1896,138.96551613158536
1897,139.59513202539014
1898,138.84298646908576
1899,138.21337057528098
1900,139.5049671034224
1901,139.5049671034224
1902,139.5049671034224
1903,123.95531297778096
1904,139.5049671034224
1905,135.33522687206283
1906,135.33522687206283
1907,104.2431161083092
1908,136.17976435446192
1909,136.17976435446192
1910,136.17976435446192
1911,136.60327212961528
1912,128.3921780245785
1913,128.3921780245785
1914,128.3921780245785
1915,92.21469012840127
1916,132.02376192981475
1917,132.02376192981475
1918,132.6927772816411
1919,97.00934595913704
1920,111.24356000670971
1921,111.24356000670971
1922,111.24356000670971
1923,109.34321623902862
1924,111.24356000670971
1925,111.24356000670971
1926,109.8756633177593
1927,109.79493466604025
1928,111.69527843372134
1929,111.69527843372134
1930,111.69527843372134
1931,108.01388827731753
1932,112.0109349358295
1933,112.0109349358295
1934,112.0109349358295
1935,111.35010041041066
1936,111.35010041041066
1937,111.35010041041066
1938,111.35010041041066
1939,111.30143696160751
1940,125.69628787707511
1941,125.69628787707511
1942,107.4683397668709
1943,107.72763858213814
1944,140.8303755981009
1945,146.16884811414926
1946,69.24109990385568
1947,59.92883981189461
1948,71.41177274546995
1949,62.74236952889359
1950,62.31886175374025
1951,61.068704991617594
1952,59.524937388221915
1953,49.45131522187321
1954,28.460085909835335
1955,29.426342290353745
1956,48.46057479995712
1957,53.99722012935282
1958,61.330567893932965
1959,53.99722012935282
1960,53.4983935890873
1961,39.83432248218655
1962,39.83432248218655
1963,53.504610451422764
1964,53.504610451422764
1965,53.504610451422764
1966,53.4983935890873
1967,39.83432248218655
1968,40.33314902245207
1969,40.33314902245207
1970,40.33314902245207
1971,53.99722012935282
1972,83.7154351807466
1973,89.80227433107883
1974,29.426342290353745
1975,47.94987448284555
1976,59.38654970094945
1977,59.38654970094945
1978,51.70659735367921
1979,52.68898108630867
1980,116.48067219128158
1981,105.0235147336026
1982,83.40250313294405
1983,141.51119632781106
1984,129.20635427751847
1985,68.05790725533438
1986,69.16982506097676
1987,76.87731992338117
1988,63.258437336060204
1989,70.03544384890317
1990,70.10031341053825
1991,73.9797608388876
1992,80.28942247354317
1993,77.00877768664868
1994,77.00877768664868
1995,72.17079347854882
1996,72.96529458605292
1997,84.52906647620316
1998,85.70901519742544
1999,110.9161328484926
2000,116.33923265252483
2001,86.59691432773384
2002,86.59691432773384
2003,117.18377013492392
2004,117.18377013492392
2005,87.44145181013295
2006,87.43523494779748
2007,108.09573754964865
2008,-15.431709708463798
2009,-32.4970662023879
2010,-32.4970662023879
2011,-432.94699785247775
2012,-505.7084788661646
2013,-505.7084788661646
2014,-505.7084788661646
2015,-302.7334012885316
2016,-439.08055502623097
2017,-440.9544190392033
2018,-440.9544190392033
2019,-440.9544190392033
2020,-440.9544190392033
2021,-440.9544190392033
2022,-440.9544190392033
2023,-440.35301157132244
2024,-440.35301157132244
2025,-440.35301157132244
2026,-438.4791475583501
2027,-425.7164826728091
2028,-425.7164826728091
2029,-425.7164826728091
2030,-432.6193229870934
2031,-483.8050150046203
2032,-455.14945450159695
2033,-476.28789962689945
2034,-320.2374911012875
2035,-32.40709616266794
2036,-14.595000816853881
2037,-11.123668132901576
2038,-20.117242087906817
2039,-60.533651082119306
2040,-61.421550212427704
2041,6.0156424268032005
2042,42.53758129401155
2043,98.97429663691432
2044,101.94913136604622
2045,83.12697036806557
2046,87.68807789348136
2047,89.66853630985767
2048,92.21029010057032
2049,81.32308920047228
2050,81.32308920047228
2051,88.71321350265895
2052,88.71321350265895
2053,90.3431207223991
2054,89.94653000762197
2055,93.31895587213592
2056,94.94886309187606
2057,94.94886309187606
2058,125.55759829651068
2059,90.7605315453402
2060,90.7605315453402
2061,121.3692667499748
2062,122.99917396971496
2063,122.99917396971496
2064,121.3692667499748
2065,120.55526521225657
2066,115.8550177053796
2067,126.20646738065918
2068,134.11202582016625
2069,132.25201087960843
2070,134.37972888861685
2071,129.4667459588461
2072,129.4667459588461
2073,129.4667459588461
2074,129.4667459588461
2075,125.7115375441761
2076,120.66716782647933
2077,119.22874875531605
2078,127.79813312447241
2079,52.631887430351796
2080,47.16653909593928
2081,51.866786602816255
2082,52.697765467076266
2083,52.2876381920195
2084,52.697765467076266
2085,75.20885467773358
2086,47.16653909593928
2087,110.42582164417536
2088,58.07143910206739
2089,58.07143910206739
2090,56.9156569353309
2091,55.300109891658515
2092,55.929725785463305
2093,54.29981856572314
2094,54.29981856572314
2095,53.670202671918354
2096,54.29981856572314
2097,50.66667083416461
2098,54.83517666093311
2099,53.36544577916517
2100,53.99506167296996
2101,86.42065403736727
2102,90.14492994087709
2103,89.8433050427906
2104,91.55938850102893
2105,91.55938850102893
2106,35.81787955471443
2107,-6.534644546468308
2108,-547.3804161496403
2109,-547.3804161496403
2110,-547.3804161496403
2111,-393.27101870964003
2112,-519.7877434276224
2113,-498.6492983023199
2114,-498.6492983023199
2115,-498.6492983023199
2116,-498.6492983023199
2117,-498.6492983023199
2118,-498.6492983023199
2119,-498.04789083443904
2120,-498.04789083443904
2121,-361.70073709673966
2122,-519.1863359597417
2123,-518.5192353039992
2124,-515.5164521067449
2125,-515.5164521067449
2126,-18.989428287977777
2127,-68.98267224859921
2128,-13.771179275326457
2129,17.69660376288618
2130,53.48789622628333
2131,-27.59382235633349
2132,-22.451910445009418
2133,-18.81876271345089
2134,-18.81876271345089
2135,-7.322896316280674
2136,-7.322896316280674
2137,0.0837260903670462
2138,41.803219351843346
2139,90.72548145987543
2140,57.25646074416945
2141,68.09321948935217
2142,72.64738081048259
2143,70.00683179897786
2144,65.74611779689256
2145,67.4541781044704
2146,64.89575377767468
2147,54.900488861536
2148,30.642156104547517
2149,30.642156104547517
2150,28.291311682459632
2151,24.270321834735018
2152,7.224299179100371
2153,7.224299179100371
2154,7.942433611104644
2155,7.942433611104644
2156,6.622370429001679
2157,6.622370429001679
2158,11.429302998225236
2159,11.429302998225236
2160,15.887864955191459
2161,27.39974357545537
2162,33.79949580827588
2163,33.263744583457424
2164,35.614589005545305
2165,35.614589005545305
2166,70.8344430591909
2167,70.00869215356406
2168,55.36008272151933
2169,53.746028108175246
2170,53.26484609085699
2171,56.88594002502057
2172,53.81616804971565
2173,47.51990935068197
2174,64.66427191752987
2175,144.14623442983927
2176,131.7904367297816
2177,128.14911889298247
2178,128.14911889298247
2179,150.01065811288612
2180,130.41544820305577
2181,114.48432193036447
2182,-9.492337899314343
2183,46.10943095692649
2184,1.895835175508482
2185,1.3677713842105361
2186,1.3677713842105361
2187,45.790965944238415
2188,45.790965944238415
2189,-1.8776828792020104
2190,-1.2480669853972197
2191,41.861843047226536
2192,-5.081164180133831
2193,-5.0098729552046315
2194,-4.121973824896229
2195,33.730925578502536
2196,-0.7935829860908756
2197,-0.7935829860908756
2198,32.87474406918294
2199,-132.22421441125903
2200,-170.94908406772515
2201,-658.1037239851108
2202,-658.1037239851108
2203,-429.85945180996043
2204,-478.0311082128809
2205,-663.9150687268761
2206,-607.845587067911
2207,-412.2637579681469
2208,-505.8969011969581
2209,-514.7839294409687
2210,-505.8969011969581
2211,-505.8969011969581
2212,-467.3287945002149
2213,-467.3287945002149
2214,-467.7523022753682
2215,-488.2893399327899
2216,-487.8658321576366
2217,-487.8658321576366
2218,-489.421549937043
2219,-45.415963037870846
2220,-40.427624893482744
2221,-8.550644033838207
2222,-40.427624893482744
2223,-41.08845941890158
2224,-41.08845941890158
2225,-82.75729912555178
2226,-70.16051204875319
2227,-68.44808138944717
2228,-62.82195563471071
2229,-79.4169070686917
2230,-79.4169070686917
2231,-79.60532448223455
2232,-72.69732238889759
2233,-37.899463086697104
2234,-3.7385424686103894
2235,34.016296780747325
2236,25.222350417345275
2237,45.78836396113931
2238,45.974894050965716
2239,37.597497827538874
2240,37.597497827538874
2241,37.597497827538874
2242,37.597497827538874
2243,40.70683606265513
2244,8.324161727607503
2245,8.734289002664276
2246,-24.735297086300125
2247,5.691326906030095
2248,51.129250908188794
2249,51.129250908188794
2250,37.47000265186157
2251,51.0828802569922
2252,48.31180252930022
2253,-93.94174550525773
2254,37.47000265186157
2255,53.446007449481044
2256,53.446007449481044
2257,58.35022668746832
2258,26.72194699060623
2259,26.186195765787776
2260,-30.114632739371192
2261,-5.667027372419254
2262,-12.079815112401473
2263,-11.821406128437145
2264,-12.709305258745546
2265,-3.2575339665578498
2266,-3.2575339665578498
2267,-11.324032019759576
2268,0.6940391778178323
2269,9.572937161280498
2270,33.513384655050395
2271,28.472550918017998
2272,23.488113414325948
2273,16.711106901483024
2274,27.97944456325526
2275,23.488113414325948
2276,17.14612844850304
2277,23.488113414325948
2278,16.711106901483024
2279,5.040806525592714
2280,5.040806525592714
2281,5.6704224193975055
2282,2.8847330329208547
2283,2.2551171391160643
2284,1.0395879206535326
2285,35.20499520967595
2286,35.20499520967595
2287,47.499150675061045
2288,29.024168261981828
2289,34.40454677144481
2290,34.40454677144481
2291,44.91288305046179
2292,31.116754589490945
2293,32.00465371979934
2294,36.36850836443416
2295,69.24726213601483
2296,38.40909499160698
2297,38.40287812927152
2298,38.40287812927152
2299,32.65472567542619
2300,79.89226923373013
2301,32.65472567542619
2302,-45.16827888866609
2303,13.680794941102054
2304,9.489731599896384
2305,14.377034749021998
2306,-20.78980543826861
2307,-23.792588635522968
2308,-23.792588635522968
2309,6.910456177795376
2310,22.802521731719253
2311,52.082234634473636
2312,49.07945143721926
2313,27.32206969325458
2314,68.07329921793324
2315,83.95562653735217
2316,140.9343333281767
2317,158.49975201060465
2318,177.83529744891632
2319,155.93435448150885
2320,155.93435448150885
2321,160.65602464665022
2322,161.3367946974819
2323,158.91544069544094
2324,165.2880202909999
2325,165.2880202909999
2326,165.9907896899572
2327,150.96732391431047
2328,160.3315727225676
2329,172.76414785231486
2330,130.38210439307844
2331,50.030323797158935
2332,44.20711510803863
2333,46.93539898857767
2334,46.93539898857767
2335,47.23716301963142
2336,50.85657074317755
2337,72.70491860152332
2338,45.05788679196048
2339,45.78086398320984
2340,45.78086398320984
2341,27.86923313012544
2342,28.711445309713458
2343,28.711445309713458
2344,28.711445309713458
2345,28.711445309713458
2346,28.711445309713458
2347,28.711445309713458
2348,30.201097282212796
2349,30.201097282212796
2350,30.201097282212796
2351,39.26846785697962
2352,40.3297481435973
2353,40.3297481435973
2354,40.3297481435973
2355,52.21778341082832
2356,58.6175356436488
2357,77.37026829185459
2358,76.71673770335482
2359,81.66873284511273
2360,90.22875279830906
2361,69.53618710669981
2362,72.45363830057526
2363,70.33691632689285
2364,67.79516253618016
2365,61.63126807005006
2366,62.1619211189137
2367,138.3203443535997
2368,139.56497583192052
2369,142.58453108585567
2370,140.98732887692805
2371,137.9193875656589
2372,140.98732887692805
2373,137.9193875656589
2374,142.58453108585567
2375,149.2787717604948
2376,139.86317764864657
2377,141.227632449827
2378,141.227632449827
2379,110.32712584711179
2380,151.54674018304078
2381,151.54674018304078
2382,161.27353371127708
2383,94.45354369752609
2384,161.3953486886788
2385,162.85858077764254
2386,207.8415528798266
2387,156.60809991769156
2388,156.95941420101292
2389,155.49618211204918
2390,151.2480489271057
2391,152.8967874952213
2392,153.52291556224228
2393,155.16987835707252
2394,153.1711941770785
2395,155.0794902378702
2396,155.0794902378702
2397,155.0794902378702
2398,142.0668480620194
2399,152.86622140908847
2400,152.86622140908847
2401,152.86622140908847
2402,152.86622140908847
2403,153.2789853667715
2404,153.70249314192486
2405,153.70249314192486
2406,155.66778055394244
2407,153.68649914076852
2408,153.68649914076852
2409,153.68649914076852
2410,153.68649914076852
2411,153.17056293911853
2412,153.17056293911853
2413,143.33363881687023
2414,147.5033790482298
2415,144.742019845797
2416,144.742019845797
2417,143.89980766620897
2418,143.89980766620897
2419,141.39408524759227
2420,146.13675762341109
2421,146.13675762341109
2422,145.936808160233
2423,134.9563873741159
2424,134.9563873741159
2425,127.06790757284824
2426,106.36420105289812
2427,50.030323797158935
2428,55.68415188271895
2429,68.15572657406761
2430,71.21772359970186
2431,60.15898332654249
2432,60.7086024889459
2433,64.13130348237168
2434,65.39753490126289
2435,71.03528609699897
2436,73.03893377879054
2437,74.19471594552704
2438,73.03893377879054
2439,82.205169926087
2440,82.25534549675456
2441,82.25534549675456
2442,82.25534549675456
2443,82.25534549675456
2444,84.81376982355027
2445,84.81376982355027
2446,84.81376982355027
2447,82.02808043707361
2448,75.18083236802235
2449,70.50659472612828
2450,76.44853280080001
2451,77.3170827034849
2452,80.5689106144584
2453,80.5689106144584
2454,44.97775567882297
2455,87.07913075934
2456,49.36025781469614
2457,34.19757835091868
2458,58.463597099683824
2459,71.50742222288109
2460,68.96566843216844
2461,63.92129871447162
2462,62.482879643308344
2463,69.59614868755389
2464,46.57852570030838
2465,55.05480939191953
2466,61.83181590476246
2467,55.05480939191953
2468,55.05480939191953
2469,61.83181590476246
2470,61.83181590476246
2471,64.24183559637616
2472,64.24183559637616
2473,66.64175168267325
2474,67.27136757647804
2475,70.55201236337258
2476,63.13043292307461
2477,164.91006197015088
2478,169.8649116329784
2479,166.0048892779979
2480,166.6345051718027
2481,163.00375060162625
2482,161.89183279598387
2483,162.10675438457818
2484,162.73637027838296
2485,161.89636847871904
2486,162.9366637799565
2487,159.5199562700345
2488,142.89738049644984
2489,142.26776460264506
2490,142.89738049644984
2491,113.92438289179006
2492,139.4072460472659
2493,139.4072460472659
2494,139.83075382241924
2495,140.23484445267687
2496,132.02375034764003
2497,132.02375034764003
2498,132.02375034764003
2499,132.02375034764003
2500,132.02375034764003
2501,132.02375034764003
2502,132.02375034764003
2503,132.62515781552085
2504,109.6169855781103
2505,109.6169855781103
2506,107.71664181042921
2507,131.06695030465673
2508,99.52280768172427
2509,132.43484699360715
2510,102.76456838364697
2511,134.18057903192815
2512,130.13753404239844
2513,130.13753404239844
2514,92.13960632878914
2515,128.215006580623
2516,128.215006580623
2517,129.65149675202454
2518,91.65356903841517
2519,126.88217007094433
2520,126.45866229579099
2521,94.72069190807623
2522,30.936364813003244
2523,17.791007526305602
2524,24.322271993149716
2525,24.322271993149716
2526,44.43843674330993
2527,9.890469056582596
2528,8.424769924262465
2529,-0.28944975534461764
2530,0.49481169855549983
2531,2.0038737616157563
2532,2.0038737616157563
2533,-8.310502947748844
2534,-8.310502947748844
2535,-9.074647781771302
2536,-9.074647781771302
2537,-6.30951199952125
2538,-9.595804867663306
2539,-9.595804867663306
2540,-10.641932285164343
2541,-10.641932285164343
2542,-11.507551073090749
2543,-10.461423655589712
2544,-12.737154333425712
2545,-12.737154333425712
2546,-11.05218437534008
2547,-11.0951174855198
2548,-11.993079123931947
2549,-1.9722713502933358
2550,-0.09171005674900573
2551,-18.837944711455023
2552,-5.310212611845173
2553,-23.216484816570542
2554,-12.840366571851522
2555,23.810075371591175
2556,24.721983243376734
2557,41.48065561817914
2558,38.05258456475543
2559,44.67989899837712
2560,99.20055060319518
2561,97.57195629989111
2562,99.09663806321653
2563,112.43805152553732
2564,151.29409393115063
2565,146.60361972704212
2566,145.49170192139974
2567,150.30163769931053
2568,151.94860049414078
2569,151.13651814161994
2570,151.76613403542473
2571,102.66607986466487
2572,151.48035423066014
2573,134.91203383867096
2574,151.48035423066014
2575,30.750068385340107
2576,98.21055982854071
2577,147.31061399930059
2578,147.31061399930059
2579,99.46630280060418
2580,148.15515148169968
2581,148.15515148169968
2582,148.57865925685303
2583,85.8415815694298
2584,85.43037607976544
2585,98.58575322501953
2586,141.22132561178665
2587,77.53506458296752
2588,90.27590567404714
2589,78.48551307655192
2590,73.3172740003167
2591,88.17975101531273
2592,116.06909901276471
2593,121.25191897444996
2594,58.71753895938172
2595,114.05720043421385
2596,114.05720043421385
2597,114.05720043421385
2598,112.89338756202022
2599,112.55382157208088
2600,112.55382157208088
2601,112.55382157208088
2602,112.55382157208088
2603,112.03788537043091
2604,112.03788537043091
2605,113.20169824262454
2606,113.20169824262454
2607,111.37705084501208
2608,112.54086371720571
2609,112.54086371720571
2610,115.3477404039017
2611,111.69722216025743
2612,114.50409884695341
2613,114.02985276470118
2614,114.02985276470118
2615,112.42134179724938
2616,120.6825935767157
2617,98.89077694640147
2618,26.933328515147494
2619,14.674981268385118
2620,17.619767613642427
2621,17.619767613642427
2622,-11.353509969908243
2623,-8.687123568010813
2624,-17.401343247617895
2625,-18.765476579045064
2626,-18.765476579045064
2627,-18.35647771315226
2628,-25.620061951296446
2629,-26.407070270969935
2630,-27.45319768847097
2631,-46.82913860017334
2632,-41.770590006279875
2633,-42.39671807330083
2634,-51.06069858521205
2635,-71.14476286720252
2636,-49.74784746224758
2637,-49.74784746224758
2638,-147.09614207084928
2639,-77.06482521897036
2640,-77.06482521897036
2641,-77.06482521897036
2642,-50.82804462811326
2643,-40.38466649216477
2644,-36.99407663067819
2645,-36.207068311004704
2646,-24.324317122773845
2647,-37.06315327873144
2648,-32.44113600367117
2649,-23.6963656352388
2650,-18.80783298657859
2651,-5.717977743726204
2652,28.64458004448331
2653,28.64458004448331
2654,23.52723770528351
2655,27.741835144571912
2656,102.41002594760232
2657,92.9844409820129
2658,135.1706621385346
2659,135.1706621385346
2660,135.6780459444467
2661,135.6780459444467
2662,135.6780459444467
2663,140.4879817223575
2664,140.27759581649835
2665,139.28753441983403
2666,139.28753441983403
2667,139.28753441983403
2668,140.58267783868138
2669,143.38388332314977
2670,143.38388332314977
2671,143.38388332314977
2672,144.84339184076666
2673,144.84339184076666
2674,144.84339184076666
2675,144.22842080554886
2676,144.22842080554886
2677,140.98548654103863
2678,140.98548654103863
2679,140.98548654103863
2680,140.98548654103863
2681,141.40899431619198
2682,133.19790021115517
2683,142.08860009836758
2684,142.08860009836758
2685,142.08860009836758
2686,133.87750599333077
2687,101.86391472706977
2688,101.86391472706977
2689,101.86391472706977
2690,101.86391472706977
2691,103.23181141602018
2692,103.23181141602018
2693,80.22363917860964
2694,80.22363917860964
2695,102.52345822383684
2696,100.64959421086455
2697,101.01303931618276
2698,-2.6582739870667402
2699,-0.9061273135571235
2700,-0.9061273135571235
2701,-0.9061273135571235
2702,-1.447886964002363
2703,6.151965299116216
2704,6.151965299116216
2705,6.693724949561456
2706,114.4435727875565
2707,-4.612645355425905
2708,-5.325541478131618
2709,-5.325541478131618
2710,-5.525490941309703
2711,-7.522495102883352
2712,102.1498351778227
2713,105.14467182220406
2714,47.38254185114474
2715,43.396479528044736
2716,45.14424240624474
2717,47.1249183461702
2718,44.8273515549867
2719,13.41392324022672
2720,20.993011785271694
2721,10.584360294825581
2722,12.753769318756534
2723,14.622870158001827
2724,-1.8718826726713107
2725,-1.8718826726713107
2726,0.4422279782646989
2727,-1.9480543986087235
2728,-7.317174688941838
2729,-17.131062598513644
2730,-8.815284889802841
2731,-8.815284889802841
2732,-12.993482802145522
2733,-10.262794382635015
2734,-10.262794382635015
2735,-13.065047062344373
2736,-8.817329077086363
2737,-8.817329077086363
2738,-11.131439728022372
2739,-2.647258495223347
2740,11.076789654739144
2741,22.995176721503242
2742,14.919025151227045
2743,22.075070300661352
2744,28.93420566288794
2745,53.20192085098258
2746,40.09462025816638
2747,35.86018370212342
2748,36.877876085642036
2749,33.47949693124813
2750,23.578760338273046
2751,76.90780906274125
2752,127.09675084698237
2753,120.40855837944522
2754,124.14534563296218
2755,108.19520462824484
2756,126.48980807694772
2757,143.34788208955771
2758,180.00041700251018
2759,177.36162726458943
2760,147.44228459531246
2761,141.10138543157973
2762,135.88593658745435
2763,92.96755070525002
2764,138.87822170596786
2765,143.8423614253165
2766,138.45759185502715
2767,151.54164659827077
2768,152.17126249207556
2769,152.92269336328206
2770,152.73231809923246
2771,102.63044771746621
2772,155.43109304423302
2773,154.13570007510313
2774,153.2366854337928
2775,150.50924244782664
2776,153.45778526085573
2777,152.01058248889012
2778,151.4591010808617
2779,154.53583102802125
2780,153.98434961999283
2781,153.98434961999283
2782,153.98434961999283
2783,135.70407437530073
2784,111.99199444149241
2785,153.03103824628016
2786,157.20077847763972
2787,153.03103824628016
2788,153.03103824628016
2789,153.03103824628016
2790,153.03103824628016
2791,117.42331366363123
2792,151.4732646082596
2793,151.4732646082596
2794,151.4732646082596
2795,139.18836413978477
2796,155.12706863796916
2797,155.12706863796916
2798,155.12706863796916
2799,155.37814198433588
2800,155.37814198433588
2801,156.948552965949
2802,157.3002743511128
2803,154.66485076663162
2804,156.0737360058514
2805,156.0737360058514
2806,114.19098631116618
2807,135.01838878747733
2808,148.409595101795
2809,58.38078207969868
2810,58.85762941139218
2811,84.76644277676175
2812,89.50713418771856
2813,89.50713418771856
2814,81.49939237536357
2815,78.9090189345264
2816,61.061746672111646
2817,57.12533047621363
2818,53.171282117683695
2819,33.50098658769173
2820,14.925566021035888
2821,12.670175209773
2822,12.670175209773
2823,14.117377981738592
2824,34.30197283494919
2825,55.71266924648293
2826,55.71266924648293
2827,55.71266924648293
2828,50.903621083931675
2829,29.891367557716862
2830,30.12667480520851
2831,30.12667480520851
2832,30.12667480520851
2833,30.12667480520851
2834,32.05168366814319
2835,36.86423598080567
2836,55.63664353669269
2837,58.79567599807787
2838,57.12671125597795
2839,76.162416667058
2840,77.0512545030494
2841,88.42793668574573
2842,90.00617488671566
2843,89.22866590593875
2844,89.22866590593875
2845,85.64375666171844
2846,76.73832124175216
2847,78.47045884233265
2848,122.16108782926848
2849,122.16108782926848
2850,115.31450590228063
2851,101.48669910933944
2852,109.80529012921086
2853,101.48669910933944
2854,110.85322300129879
2855,115.58936788391844
2856,114.47254706028104
2857,106.54959966300562
2858,106.54959966300562
2859,112.1043276997354
2860,105.59357751913377
2861,104.60764636926618
2862,104.60764636926618
2863,107.53714712327545
2864,109.05070651134575
2865,109.68032240515055
2866,109.68032240515055
2867,108.66655371512876
2868,109.29616960893355
2869,109.29616960893355
2870,109.49611907211164
2871,110.34987953208211
2872,112.83373288848837
2873,112.83373288848837
2874,112.83373288848837
2875,107.97730850899939
2876,107.97730850899939
2877,107.97730850899939
2878,107.43554885855416
2879,141.97790303348097
2880,97.03399140190749
2881,133.76680892844414
2882,133.76680892844414
2883,133.76680892844414
2884,133.76680892844414
2885,133.76680892844414
2886,134.30280813309156
2887,132.745034495071
2888,96.01221696853433
2889,96.01221696853433
2890,110.91420643483252
2891,140.85026230273726
2892,141.26896670717193
2893,140.34427630386486
2894,157.34030317047808
2895,156.67946864505925
2896,156.96524844982383
2897,156.96524844982383
2898,157.35990294516733
2899,160.1800478592107
2900,161.5889330984305
2901,164.23737981934997
2902,164.23737981934997
2903,139.14953135032343
2904,141.38801373626833
2905,56.02473083870097
2906,51.36977257862436
2907,52.047980456878435
2908,75.02363274458948
2909,78.90769879186502
2910,78.90769879186502
2911,74.03984197554902
2912,68.65507240525967
2913,71.95300365709585
2914,71.31660152068814
2915,71.04226269524885
2916,74.59507468192541
2917,75.71904208592137
2918,79.17956783034474
2919,90.88281631411513
2920,88.52013341876352
2921,81.56985020721817
2922,79.70187556286291
2923,79.70187556286291
2924,79.70187556286291
2925,79.70187556286291
2926,78.80433129883069
2927,78.80433129883069
2928,78.80433129883069
2929,79.61251933812798
2930,79.61251933812798
2931,77.60557553934623
2932,79.96560594930094
2933,84.17609663783381
2934,84.17609663783381
2935,82.55757068110414
2936,85.11599500789985
2937,85.11599500789985
2938,88.0334462017753
2939,85.91672422809287
2940,84.42707225559354
2941,81.8853184648809
2942,74.28300492758756
2943,73.80110895002369
2944,133.87943777890644
2945,143.0908811892316
2946,135.92718955268518
2947,135.92718955268518
2948,133.10316604844016
2949,141.42175706831154
2950,143.06871986314178
2951,146.43145286908697
2952,165.8291943913639
2953,160.47422637749878
2954,160.47422637749878
2955,92.86839324703483
2956,171.4306589137027
2957,165.8942667760174
2958,164.71690667438386
2959,164.2354256460193
2960,153.9337853602871
2961,153.9337853602871
2962,44.57826030485201
2963,37.37160245314837
2964,45.422797787251106
2965,39.882629886811664
2966,40.08257934998975
2967,39.45296345618496
2968,35.822208886008504
2969,35.33990697417092
2970,35.33990697417092
2971,79.8984860960656
2972,32.66094253776165
2973,32.66094253776165
2974,60.72813947976184
2975,28.26016980408058
2976,29.0137357629229
2977,29.0137357629229
2978,18.985487930358893
2979,14.98614442383337
2980,14.98614442383337
2981,14.98614442383337
2982,14.98614442383337
2983,15.588225731810585
2984,18.309582409815057
2985,6.956920085338631
2986,6.956920085338631
2987,-2.576627589194981
2988,1.25646960554163
2989,1.25646960554163
2990,-0.24147587497619655
2991,0.5956350801227936
2992,-0.9442515244878793
2993,-0.9442515244878793
2994,-3.4612323284838986
2995,-2.7547336302668697
2996,0.9676748425053678
2997,-2.3726007480669606
2998,-2.3726007480669606
2999,6.0040093331954285
3000,0.5762867422001352
3001,-3.574561862958853
3002,-10.331808552034135
3003,-12.037613692511224
3004,-12.768337147581136
3005,-1.9327666322307435
3006,1.7647693252183883
3007,1.7328202111769337
3008,0.21926082310662948
3009,1.927321130684464
3010,0.8824561919590472
3011,7.1673024280539765
3012,7.268103602610801
3013,4.917259180522927
3014,4.917259180522927
3015,3.393455581582798
3016,3.393455581582798
3017,2.63864430105197
3018,2.63864430105197
3019,0.31722698080424444
3020,0.31722698080424444
3021,0.31722698080424444
3022,0.31722698080424444
3023,0.31722698080424444
3024,0.31722698080424444
3025,0.31722698080424444
3026,0.31722698080424444
3027,-0.21852424401420695
3028,2.102893076233515
3029,0.9471109094970271
3030,3.2615783562836316
3031,3.2943368605074705
3032,3.2943368605074705
3033,1.2821882699823433
3034,3.8406125967780658
3035,5.165058594106049
3036,5.165058594106049
3037,5.165058594106049
3038,-8.939446729989998
3039,-20.284536479440476
3040,-16.07061539553537
3041,-10.721548531913092
3042,-10.721548531913092
3043,-4.365941189352393
3044,-6.2909500522870685
3045,-11.582484613535884
3046,-6.38177665430013
3047,-17.739739516455465
3048,-12.017506160555898
3049,-8.735698369550567
3050,-8.735698369550567
3051,-21.29211932429913
3052,-9.6917205134224
3053,-5.993212640450293
3054,-10.920410792038503
3055,-13.345878051894365
3056,-11.83231866382406
3057,-11.83231866382406
3058,-11.83231866382406
3059,-6.4204097562765865
3060,-6.220460293098502
3061,-8.830950960228366
3062,-10.080344869122223
3063,-9.226584409151743
3064,-12.718778106016233
3065,-9.436970315010896
3066,-10.170509791090009
3067,-10.004134916692987
3068,-6.722327125687648
3069,-6.722327125687648
3070,-6.722327125687648
3071,0.25019231900005173
3072,0.48302761244513454
3073,2.125507678616496
3074,1.5895084739690906
3075,1.3566731805240069
3076,1.3566731805240069
3077,2.061524655244921
3078,3.3266348423176653
3079,0.5037510172243742
3080,0.5037510172243742
3081,0.5037510172243742
3082,0.5037510172243742
3083,-1.982146846219267
3084,-3.0886277077432243
3085,-1.5906822272253953
3086,-3.5121354828965705
3087,-2.675024527797579
3088,-4.172970008315406
3089,-5.171096962480842
3090,-3.2630815776835935
3091,-5.810417009413758
3092,-4.6984992037713855
3093,-2.088008536641517
3094,-2.6240077412889224
3095,-3.811595931461726
3096,-5.179492620412132
3097,-14.996029120801342
3098,-11.488420930981606
3099,-14.258662671623817
3100,-13.10205029267635
3101,-9.112539616544884
3102,0.6089871584818995
3103,2.154672315313536
3104,2.4883854604087485
3105,2.4883854604087485
3106,4.196445767986583
3107,9.360608435959687
3108,6.047372828633132
3109,5.877488766208365
3110,4.565830587777948
3111,4.666631762334773
3112,3.6450804586401504
3113,4.800862625376641
3114,1.2942360365522751
3115,-0.8340151848479888
3116,-0.8340151848479888
3117,-0.8340151848479888
3118,-0.8340151848479888
3119,-1.1677283299432009
3120,-1.1677283299432009
3121,2.013503947342031
3122,0.7989261201748039
3123,0.26317489535635125
3124,0.26317489535635125
3125,2.6140193174442268
3126,2.6140193174442268
3127,4.351239822473498
3128,4.351239822473498
3129,14.331243589567167
3130,12.050890128608044
3131,16.94353454193678
3132,13.033273861237499
3133,13.033273861237499
3134,3.4589301414795384
3135,-9.417174369380021
3136,-8.027276789719956
3137,-7.693563644624745
3138,-7.693563644624745
3139,-7.693563644624745
3140,-10.289921308596563
3141,-1.9713302887251776
3142,1.310477502280154
3143,-1.9713302887251776
3144,-1.9713302887251776
3145,-3.60123750846534
3146,-0.31942971746000687
3147,-3.60123750846534
3148,-0.31942971746000687
3149,-4.152526912196618
3150,-3.9525774490185337
3151,5.689386119166023
3152,0.4314441054837577
3153,-1.546092488085022
3154,-0.7956694610281081
3155,18.59407277516621
3156,8.092194960845774
3157,8.980094091154175
3158,11.020680718326984
3159,11.020680718326984
3160,12.554350460602196
3161,12.554350460602196
3162,13.499252921918893
3163,8.293386548434073
3164,8.174608243226936
3165,9.306818247479967
3166,30.445263372782538
3167,34.12752090976082
3168,34.12752090976082
3169,26.756367909745176
3170,26.756367909745176
3171,32.253656896788534
3172,26.756367909745176
3173,26.756367909745176
3174,26.756367909745176
3175,27.35777537762601
3176,27.35777537762601
3177,32.85506436466937
3178,27.35777537762601
3179,29.15708603762162
3180,29.15708603762162
3181,29.15708603762162
3182,29.15708603762162
3183,10.135857063346466
3184,10.135857063346466
3185,6.726000427204293
3186,10.126586523416771
3187,6.176932933844025
3188,6.176932933844025
3189,9.577519030056504
3190,8.107961412819954
3191,12.769813873452467
3192,13.572190489958624
3193,12.153555647711068
3194,11.73004787255772
3195,5.994164591270289
3196,2.01343656963461
3197,8.841099691908914
3198,13.684700079168621
3199,8.80915057786746
3200,13.026622898106202
3201,6.112695477607367
3202,4.749642425852169
3203,3.674884900074303
3204,3.668668037738843
3205,-12.925812506895863
3206,-16.891002276248223
3207,-15.455729744560164
3208,-15.455729744560164
3209,-15.455729744560164
3210,-15.455729744560164
3211,-15.455729744560164
3212,-15.455729744560164
3213,-15.455729744560164
3214,-15.455729744560164
3215,-14.956903204294646
3216,-5.720919154483063
3217,-2.4690912435095482
3218,-0.4285046163367365
3219,-3.6097368936219687
3220,-10.53125349664695
3221,-9.817891638268106
3222,6.7765889063666
3223,5.678161700911188
3224,9.883079325486532
3225,8.995180195178131
3226,8.995180195178131
3227,2.297611580537336
3228,2.297611580537336
3229,-6.069938146347638
3230,-11.114307864044429
3231,-18.129274917693582
3232,-18.129274917693582
3233,-27.572344162323855
3234,-26.961847413401706
3235,-27.3619582564647
3236,-14.535446926943845
3237,-19.74076555949715
3238,-27.3619582564647
3239,-21.20443930995037
3240,-20.1698615448664
3241,-12.70524620563019
3242,-9.423438414624849
3243,-12.70524620563019
3244,-12.70524620563019
3245,-7.883551810014176
3246,-7.883551810014176
3247,-7.883551810014176
3248,-11.716649004750787
3249,-11.716649004750787
3250,-11.29314122959744
3251,-2.048135127313357
3252,-5.881232322049967
3253,-5.881232322049967
3254,-5.881232322049967
3255,9.847593246889588
3256,17.083355232404685
3257,15.466631446679713
3258,16.35453057698811
3259,16.280570400321384
3260,16.280570400321384
3261,16.280570400321384
3262,16.274353537985924
3263,12.72123814855888
3264,12.72123814855888
3265,12.72123814855888
3266,11.397208824100383
3267,34.99189327811449
3268,34.99189327811449
3269,34.99189327811449
3270,34.99189327811449
3271,36.81150839407654
3272,36.81150839407654
3273,36.81150839407654
3274,36.81150839407654
3275,37.127164896184674
3276,37.127164896184674
3277,37.127164896184674
3278,37.127164896184674
3279,36.46633037076584
3280,15.327885245463259
3281,14.195675241210227
3282,14.195675241210227
3283,36.417666921962685
3284,36.417666921962685
3285,36.417666921962685
3286,36.417666921962685
3287,31.820098546558697
3288,31.820098546558697
3289,38.33715730315824
3290,38.33715730315824
3291,37.641474264819344
3292,38.31781654061698
3293,43.0193408338491
3294,43.0193408338491
3295,41.76918407172643
3296,40.66270321020247
3297,40.23919543504913
3298,41.947255742626965
3299,44.21318932993476
3300,40.00827170535941
3301,40.00827170535941
3302,40.00827170535941
3303,37.67117253350183
3304,37.67117253350183
3305,37.67117253350183
3306,37.67117253350183
3307,37.67117253350183
3308,37.67117253350183
3309,37.67117253350183
3310,37.67117253350183
3311,37.67117253350183
3312,37.67117253350183
3313,39.66351008288956
3314,43.75801168383408
3315,43.75801168383408
3316,44.29193548261824
3317,47.96292930840942
3318,48.38643708356276
3319,47.28179301577189
3320,47.28179301577189
3321,48.62100600867742
3322,48.62100600867742
3323,47.93815783473701
3324,43.80996279411421
3325,41.46872361177152
3326,17.759649411052624
3327,9.072670136126602
3328,9.072670136126602
3329,6.1062841450223955
3330,14.198957628054382
3331,14.198957628054382
3332,14.198957628054382
3333,3.907465719593097
3334,3.907465719593097
3335,14.198957628054382
3336,16.23332739289173
3337,5.9418354844304515
3338,1.0545323353048373
3339,7.005516250954281
3340,8.545402855564957
3341,8.545402855564957
3342,8.545402855564957
3343,30.816057985120565
3344,30.816057985120565
3345,31.239565760273912
3346,31.120787455066765
3347,15.513029542518813
3348,36.53269636261425
3349,36.53269636261425
3350,36.53269636261425
3351,36.65147466782139
3352,37.00471254389008
3353,37.00471254389008
3354,37.00471254389008
3355,31.25656009004477
3356,31.25656009004477
3357,31.25656009004477
3358,31.25656009004477
3359,49.460454721315244
3360,43.9631657342719
3361,39.86866413332738
3362,43.9631657342719
3363,43.9631657342719
3364,43.9631657342719
3365,43.9631657342719
3366,43.9631657342719
3367,44.56457320215273
3368,44.56457320215273
3369,44.56457320215273
3370,44.56457320215273
3371,46.36388386214834
3372,46.36388386214834
3373,48.237747875120625
3374,49.66837230953945
3375,56.96177053244752
3376,2.3349505762860594
3377,-3.1240250563252334
3378,-26.89262566639869
3379,-18.955484687874566
3380,1.1788809974740952
3381,1.1850978598095554
3382,-28.06974886493762
3383,-53.14932790177412
3384,-55.7822819471348
3385,-45.98613594989316
3386,-25.43519405325668
3387,-28.205435793898896
3388,-5.7697381793587965
3389,5.585306323444577
3390,-16.702376304039262
3391,-16.73432541808072
3392,-17.944379876381184
3393,-25.54616094724257
3394,-16.65913270323203
3395,-16.47157394059018
3396,-10.355623424271624
3397,-8.516906976732276
3398,-50.481258087998555
3399,-113.1927675072314
3400,-140.77632104523923
3401,-132.7455792035945
3402,-103.17653451112919
3403,-144.13506255195804
3404,-144.13506255195804
3405,-131.86746812800098
3406,-141.1664066837537
3407,-96.07601914060577
3408,-100.17052074155028
3409,-103.11318648892724
3410,-121.55937342733587
3411,-125.06378052035863
3412,-125.06378052035863
3413,-120.96927891941412
3414,-162.5756179720271
3415,-170.90652374321508
3416,-185.95478419087704
3417,-99.37726504143366
3418,-66.53781169138014
3419,-45.32029611736941
3420,-33.07360703864006
3421,-33.07360703864006
3422,-36.50325995966111
3423,-45.641104169037426
3424,-27.243438722132023
3425,-25.779764971678805
3426,-31.771980002114557
3427,-31.771980002114557
3428,-31.771980002114557
3429,-32.75791115198215
3430,-32.75791115198215
3431,-29.175622338142734
3432,-27.243438722132023
3433,-39.603699279514046
3434,-67.29764405647583
3435,-73.33390648665244
3436,-64.89021926725735
3437,-64.89021926725735
3438,-20.247537524989355
3439,-20.04758806181127
3440,-42.49072488136498
3441,-16.54968766469388
3442,-21.57446691707098
3443,-25.845410476652223
3444,-55.60373715143134
3445,-54.18927859127949
3446,-30.704374431719387
3447,-54.18927859127949
3448,-30.37873685711321
3449,-21.422397851830176
3450,-27.096929066107872
3451,-36.190081598878486
3452,-24.021245563862617
3453,-24.021245563862617
3454,-24.021245563862617
3455,-22.0613810380093
3456,-33.04511217285071
3457,-34.91897618582299
3458,-26.031947941812458
3459,-23.93524505098159
3460,-26.031947941812458
3461,-26.031947941812458
3462,-26.031947941812458
3463,-23.333837583100763
3464,-23.55667646095934
3465,-23.333837583100763
3466,-23.55667646095934
3467,25.99366057310226
3468,25.99366057310226
3469,7.542567709079129
3470,-20.725015400706468
3471,-21.385849926125303
3472,-33.73700416021671
3473,-54.8754492855193
3474,-46.69433714080942
3475,-65.45877246680423
3476,-49.63719447497216
3477,-40.48320858552017
3478,-40.683158048698246
3479,-66.4883187278482
3480,-79.85483999096927
3481,-64.24796081969323
3482,-57.91572806143657
3483,-23.988096394991985
3484,-34.734204429846045
3485,-34.734204429846045
3486,-37.652319195724345
3487,-33.878254413579114
3488,-43.92299632887198
3489,-42.21493602129414
3490,-43.57798907304935
3491,-49.46721821349828
3492,-52.238295941190266
3493,-52.238295941190266
3494,-40.17041694831599
3495,-39.469165391723315
3496,-47.2635156515152
3497,-51.2425715340827
3498,-43.42892856251644
3499,-39.2112860566727
3500,-50.7128654992422
3501,-66.31060821567415
3502,-66.31060821567415
3503,-55.466909815296006
3504,-43.9653303727265
3505,-56.993484676712626
3506,-83.14335069395015
3507,-86.62176766614557
3508,-105.06795460455417
3509,-95.6621352220012
3510,-95.6621352220012
3511,-115.55348010350122
3512,-114.19042705174604
3513,-114.19042705174604
3514,-111.48325621841269
3515,-195.52157229306596
3516,-291.92223580068406
3517,-200.4774212968062
3518,-303.0304375901539
3519,-317.9590854838169
3520,-85.17371691436779
3521,-88.0918316802461
3522,-87.1059005303785
3523,-64.21763308412476
3524,-89.70225819435034
3525,-81.38366717447893
3526,-81.38366717447893
3527,-81.38366717447893
3528,-82.36959832434653
3529,-74.77500283982461
3530,-92.33329064792483
3531,-92.33329064792483
3532,-92.33329064792483
3533,-84.77750255883814
3534,-72.6952882815518
3535,-63.39827207599238
3536,-63.18095272112071
3537,-65.18696017007967
3538,-65.32443627333116
3539,-55.155968616214196
3540,-75.8688023481314
3541,-75.8688023481314
3542,-74.45434378797954
3543,-52.183688658423925
3544,-50.64380205381325
3545,-50.64380205381325
3546,-41.75677380980274
3547,-35.2169643174766
3548,-3.740993478101346
3549,23.390463730729298
3550,23.390463730729298
3551,27.384334501598083
3552,28.49081536312204
3553,28.49081536312204
3554,28.49081536312204
3555,28.962831544397872
3556,28.962831544397872
3557,11.35171374434498
3558,13.321675406138642
3559,6.821567701447268
3560,7.293583882723098
3561,9.277642085167678
3562,20.35710121373924
3563,16.679631071657326
3564,16.32671616897569
3565,17.215289139380477
3566,19.93664581738494
3567,15.2423738684035
3568,14.3544747380951
3569,-7.456764273136113
3570,-2.4421970050057076
3571,-6.405311093953962
3572,-17.07919044030555
3573,-7.480461149769214
3574,-9.094625477470087
3575,2.5947164367093034
3576,-17.53584536687343
3577,-14.028237177053688
3578,-13.10205029267635
3579,-9.299069706371277
3580,-9.112539616544884
3581,0.2752740133866873
3582,0.2752740133866873
3583,0.24332489934523321
3584,0.24332489934523321
3585,1.951385206923067
3586,-0.273325974777442
3587,4.100172845349188
3588,4.942385024937212
3589,5.043186199494037
3590,5.043186199494037
3591,5.043186199494037
3592,6.198968366230523
3593,2.692341777406161
3594,2.692341777406161
3595,2.692341777406161
3596,2.692341777406161
3597,4.181993749905492
3598,3.025381370958024
3599,1.2020162533634815
3600,4.464768547236914
3601,1.5221027998599461
3602,1.5221027998599461
3603,0.09751373905007871
3604,-0.10224628381457096
3605,2.739618289005572
3606,2.739618289005572
3607,3.2814084427022157
3608,5.839832769497937
3609,7.1772118081963665
3610,11.1181329045179
3611,9.519969439759686
3612,10.22891604426097
3613,-0.9695540048308648
3614,-4.3253798359723605
3615,-20.734275789457282
3616,-28.730118291893994
3617,-6.683972856026542
3618,-25.755352960414655
3619,-25.755352960414655
3620,-28.730118291893994
3621,-28.730118291893994
3622,-28.730118291893994
3623,-25.65255912310339
3624,-5.755952914891259
3625,-2.4741451238859233
3626,1.9676877413450682
3627,-2.889171868819878
3628,-8.50283106434253
3629,-15.01330891567052
3630,-14.261878044464021
3631,-17.54368583546935
3632,-14.502103927749465
3633,-13.274886931847595
3634,-12.040512922985242
3635,-11.865546265618162
3636,-5.64324129986219
3637,-8.130103116464046
3638,-10.762654610388132
3639,-5.735292432196858
3640,-10.096659507542489
3641,-10.74591580462374
3642,-10.40460518836904
3643,-9.415434023231073
3644,-9.415434023231073
3645,-11.778116918582691
3646,-12.266517015214902
3647,-1.457669632995494
3648,-1.224834339550409
3649,0.49583931026876504
3650,1.3694848783476377
3651,1.3694848783476377
3652,1.3694848783476377
3653,1.6023201717927207
3654,1.6023201717927207
3655,0.04454653377217366
3656,-1.6761271160470006
3657,0.04454653377217366
3658,-0.15002645596622355
3659,-2.8824514687266958
3660,-1.4352486967610916
3661,-1.4352486967610916
3662,-3.0104251016017662
3663,9.55733820176383
3664,-4.223057272924603
3665,-3.5974160677565457
3666,-5.247751801013993
3667,-4.026332064334853
3668,-3.504598018972548
3669,-2.9883482282704823
3670,-5.0226372764219605
3671,-4.386718508105552
3672,-10.835796050220608
3673,-32.55537989875877
3674,-34.752859167742294
3675,-38.03336337483156
3676,-34.72019497449772
3677,-26.558929013136495
3678,-26.558929013136495
3679,-22.39277823309456
3680,-22.39277823309456
3681,-19.41801290161521
3682,-6.852311387112154
3683,-4.390793992110852
3684,0.5603380694863789
3685,-8.549167452859548
3686,-5.1844155450370915
3687,-7.292584111566232
3688,-8.745819997731905
3689,-1.9060049978579956
3690,2.5701838053185155
3691,-3.061787164594485
3692,2.152608010998763
3693,-3.6031607221832957
3694,3.1159897635886495
3695,-3.6031607221832957
3696,-3.183564157182403
3697,-5.447877322956806
3698,-6.044694771981009
3699,-1.195676426510106
3700,-1.195676426510106
3701,1.362747900285615
3702,1.362747900285615
3703,0.5778381387148759
3704,3.495289332590325
3705,10.821830057939154
3706,13.166292501924714
3707,10.22891604426097
3708,1.5300482713053611
3709,1.3435181814789656
3710,-8.434948161339621
3711,-17.251118384668185
3712,-16.870298675353087
3713,-24.517712764519043
3714,-18.007234913191056
3715,-15.18982490322652
3716,-19.37505348897044
3717,-20.530835655706927
3718,-12.212244635835546
3719,-12.202626778314105
3720,-8.920818987308765
3721,-8.920818987308765
3722,-8.920818987308765
3723,-37.395833587280684
3724,-12.393002042363713
3725,-9.111194251358373
3726,-14.318010905298388
3727,-15.217025546608744
3728,-11.183786884396902
3729,-9.53682408956665
3730,-14.145998936690535
3731,-33.383024728523864
3732,-9.983483938036919
3733,-6.720339214538661
3734,-5.831501378547245
3735,-9.278811003144009
3736,-9.278811003144009
3737,-7.738924398533338
3738,-7.738924398533338
3739,-9.112436128746987
3740,-10.004134916692987
3741,-6.722327125687648
3742,-6.722327125687648
3743,0.3626837484941119
3744,0.5955190419391942
3745,1.01902681709254
3746,0.48302761244513454
3747,0.25019231900005173
3748,1.5895084739690906
3749,1.5895084739690906
3750,1.5895084739690906
3751,-0.5329863751301733
3752,-0.5329863751301733
3753,-0.5329863751301733
3754,-0.5329863751301733
3755,-1.4724303519335022
3756,-2.90892052333498
3757,-2.90892052333498
3758,-2.90892052333498
3759,-3.5697550487538194
3760,-5.0677005292716455
3761,-6.435597218222053
3762,-6.53899365143125
3763,-9.026193871111307
3764,-6.9766124343329725
3765,-4.297384964494043
3766,-4.497334427672126
3767,-6.67743810092996
3768,-5.5208257219824866
3769,-10.331808552034135
3770,-10.331808552034135
3771,-13.10205029267635
3772,-9.299069706371277
3773,-9.112539616544884
3774,0.2752740133866873
3775,2.154672315313536
3776,2.4883854604087485
3777,2.4883854604087485
3778,2.4883854604087485
3779,8.56994458811321
3780,8.56994458811321
3781,9.725726754849699
3782,7.1673024280539765
3783,7.1673024280539765
3784,7.1673024280539765
3785,7.268103602610801
3786,7.268103602610801
3787,7.268103602610801
3788,7.268103602610801
3789,7.268103602610801
3790,7.268103602610801
3791,8.110315782198823
3792,5.043186199494037
3793,5.043186199494037
3794,4.709473054398825
3795,3.0171094506329035
3796,2.916308276076078
3797,2.916308276076078
3798,1.4027488880057741
3799,4.104407124108966
3800,4.104407124108966
3801,5.482885302214236
3802,6.822098295119764
3803,11.320859388480548
3804,9.395850525545873
3805,1.9330457585489833
3806,-3.3333044435488826
3807,-15.866629153692216
3808,-14.476731574032152
3809,-11.497584289701118
3810,-10.608746453709708
3811,-15.583593926172272
3812,-3.9831951152955534
3813,-7.265002906300888
3814,-3.9831951152955534
3815,-16.729758235387315
3816,-8.41116721551594
3817,-5.1293594245106
3818,-5.1293594245106
3819,-33.60437402448252
3820,-8.601542479565548
3821,-28.243705700286906
3822,-23.53561656648013
3823,-24.722933079051213
3824,-16.40434205917983
3825,-18.479787737121825
3826,-18.61726384037331
3827,-14.852317727656077
3828,-13.205354932825825
3829,-15.404703261095818
3830,-10.109501427320348
3831,-12.5375487583552
3832,-5.881434623847343
3833,-7.18301464204619
3834,-9.929342252723597
3835,-11.302853982937249
3836,-10.879346207783902
3837,-10.879346207783902
3838,-7.597538416778563
3839,-0.15778730396880325
3840,0.07504798947628066
3841,1.342042278897237
3842,1.342042278897237
3843,2.6071524659699805
3844,1.342042278897237
3845,3.593904784749848
3846,-0.19432571237643215
3847,-4.6925965251476205
3848,-3.719984193275897
3849,-3.719984193275897
3850,-0.09219111085153786
3851,-1.8732374995742638
3852,-1.8732374995742638
3853,-1.8732374995742638
3854,0.0006265133980211113
3855,1.3734366732813816
3856,-0.9710257707041753
3857,-0.9710257707041753
3858,-0.9710257707041753
3859,-2.893553232479617
3860,-5.47415723959597
3861,-5.47415723959597
3862,-2.8415757179912373
3863,-4.935695306509913
3864,-14.948372265685615
3865,-14.948372265685615
3866,-23.30009201937024
3867,-21.633886413866666
3868,-16.76558794224394
3869,-16.76558794224394
3870,-16.76558794224394
3871,-11.548546976586403
3872,-13.962713736375418
3873,-13.962713736375418
3874,-14.512045462014655
3875,-12.331111340692184
3876,-15.872126456049124
3877,-15.872126456049124
3878,-15.918560846293012
3879,-15.918560846293012
3880,-17.381085792571827
3881,-16.269167986929457
3882,-16.269167986929457
3883,-19.53732562337133
3884,-19.53732562337133
3885,-19.53732562337133
3886,-19.959288821868448
3887,-19.959288821868448
3888,-17.893634106207646
3889,-15.737394275408144
3890,-16.485487652236944
3891,-15.859359585215978
3892,-15.859359585215978
3893,-15.038705101234656
3894,-15.038705101234656
3895,-12.422313445502962
3896,-10.720725320496337
3897,-12.79652543243262
3898,-9.455963285330046
3899,-9.475888549118336
3900,-9.475888549118336
3901,-5.005684339937508
3902,-8.393793483336168
3903,-18.61946845465909
3904,-22.14810001512516
3905,-23.256898794246894
3906,-23.892343450966415
3907,-21.492222828838326
3908,-28.445341551823454
3909,-20.126750531952077
3910,-20.264226635203563
3911,-26.120413113333687
3912,-24.853374904957523
3913,-19.42934619289414
3914,-17.59492645400229
3915,-19.715125997658735
3916,-19.715125997658735
3917,-19.715125997658735
3918,-18.17523939304805
3919,-18.17523939304805
3920,-18.17523939304805
3921,-14.893431602042703
3922,-18.17523939304805
3923,-12.763330485500573
3924,-9.058014919341883
3925,-9.058014919341883
3926,-12.339822710347226
3927,-11.486062250376742
3928,-9.516100588583086
3929,-10.334008481237925
3930,-10.334008481237925
3931,-8.425712420446235
3932,-8.425712420446235
3933,-8.425712420446235
3934,-8.425712420446235
3935,4.583681895104859
3936,4.583681895104859
3937,3.3185717080321178
3938,4.583681895104859
3939,3.7414697155168364
3940,3.7414697155168364
3941,3.7414697155168364
3942,3.7414697155168364
3943,3.401903725577502
3944,3.401903725577502
3945,3.401903725577502
3946,3.401903725577502
3947,1.620857336854773
3948,1.620857336854773
3949,1.620857336854773
3950,1.620857336854773
3951,0.9600228114359367
3952,0.9600228114359367
3953,0.9600228114359367
3954,0.9600228114359367
3955,1.8001971986241925
3956,1.8001971986241925
3957,1.8001971986241925
3958,1.8001971986241925
3959,0.8125584716294754
3960,-1.9120021587823932
3961,-1.9120021587823932
3962,-2.227909719599412
3963,-5.571081735416016
3964,-7.03900472400119
3965,-2.8958506313165784
3966,-2.9287913630788647
3967,-0.4742608597320902
3968,0.2470456129719258
3969,0.2470456129719258
3970,0.2470456129719258
3971,4.424708847078576
3972,4.424708847078576
3973,4.424708847078576
3974,4.424708847078576
3975,4.424708847078576
3976,4.424708847078576
3977,1.8662845202828542
3978,1.8662845202828542
3979,-0.9755800525372891
3980,-0.9755800525372891
3981,-0.9755800525372891
3982,-0.9755800525372891
3983,-0.9755800525372891
3984,-2.1900159570113322
3985,-2.1900159570113322
3986,-2.1900159570113322
3987,-2.1900159570113322
3988,0.6518486158088106
3989,3.2102729426045316
3990,4.030927426585852
3991,1.7486940760374636
3992,1.0597482190615128
3993,1.0597482190615128
3994,1.0597482190615128
3995,-0.26175706292562867
3996,-0.26175706292562867
3997,-8.605515093314375
3998,4.44888152664599
3999,-11.089401261471679
4000,-12.527820332634963
4001,-3.6143456518344883
4002,-5.8873366204056605
4003,-3.335556760427554
4004,-5.749860517154174
4005,-5.749860517154174
4006,-5.749860517154174
4007,-3.2379781522983886
4008,-5.8873366204056605
4009,-2.651077894311928
4010,-2.651077894311928
4011,-12.623513348997145
4012,-7.004390410777281
4013,-9.027014357232636
4014,-10.474217129198234
4015,-39.41870954450614
4016,-16.75365819131278
4017,-13.471850400307446
4018,-13.471850400307446
4019,-11.341749283765312
4020,-8.059941492759974
4021,-16.902843437251242
4022,-16.902843437251242
4023,-12.253657155550869
4024,-8.548341589392184
4025,-8.548341589392184
4026,-8.548341589392184
4027,-9.921853319605832
4028,-7.951891657812179
4029,-7.951891657812179
4030,-7.951891657812179
4031,-13.39069870923444
4032,-13.39069870923444
4033,-13.39069870923444
4034,-3.1079118722573504
4035,-13.39069870923444
4036,-3.1079118722573504
4037,-13.39069870923444
4038,-3.1079118722573504
4039,-4.6656855102779025
4040,-4.6656855102779025
4041,-4.6656855102779025
4042,-4.6656855102779025
4043,-6.4467318990006275
4044,-4.572867886028342
4045,-6.542829547821998
4046,-6.542829547821998
4047,-9.737344111457578
4048,-9.737344111457578
4049,-9.737344111457578
4050,-10.365322844282687
4051,-10.025419482693499
4052,-4.329404978636522
4053,-6.540246581860057
4054,-4.912063763987177
4055,-15.878854235989238
4056,-20.310621166089092
4057,-18.0174488807434
4058,-14.397383566770838
4059,-10.59440298046577
4060,-1.5945821785486367
4061,0.9471716121640054
4062,-0.4507208493132294
4063,-0.4826699633546835
4064,-0.4826699633546835
4065,0.3917662767207589
4066,0.43360634659368313
4067,4.1520858852989635
4068,5.138017035166558
4069,5.238818209723383
4070,5.238818209723383
4071,2.4862467306895337
4072,4.100480742800284
4073,4.100480742800284
4074,1.0612231621639836
4075,2.047154312031577
4076,0.12214544909690123
4077,-2.240537446254714
4078,-1.0261015417806705
4079,-4.070705056734447
4080,-2.2473399391399056
4081,-7.013370804111415
4082,-7.013370804111415
4083,-7.549122028929866
4084,-7.549122028929866
4085,-7.549122028929866
4086,-5.198277606841992
4087,-9.982149871272139
4088,-5.215276435517321
4089,-1.9550492761334899
4090,0.6033750506622333
4091,1.4041042708552638
4092,1.4041042708552638
4093,2.74527194390421
4094,0.20351815319156724
4095,-25.03311304677208
4096,-28.061526456154947
4097,11.609244716993777
4098,-19.708681399295546
4099,36.46719225464422
4100,34.95029364290637
4101,1.8203401979103861
4102,4.741031543914361
4103,-22.042058332351026
4104,-4.181960909429728
4105,-15.691470447840366
4106,-25.19166400429402
4107,-40.84695011620324
4108,-17.922979104476553
4109,-17.922979104476553
4110,-17.922979104476553
4111,-21.39516215953151
4112,-21.39516215953151
4113,-22.568740151259682
4114,-20.185947001564696
4115,-14.551728625569693
4116,-9.622958039734105
4117,-11.75911832297961
4118,-14.038741750717385
4119,-14.632369342860388
4120,-14.096889162532456
4121,-14.096889162532456
4122,-14.096889162532456
4123,-12.68394591599124
4124,-9.402138124985907
4125,-9.402138124985907
4126,-9.402138124985907
4127,-3.729060043409182
4128,-2.3538913211244945
4129,-2.3538913211244945
4130,-2.3538913211244945
4131,-2.3538913211244945
4132,-2.3538913211244945
4133,-2.3538913211244945
4134,-1.8818751398486673
4135,-4.144500252590127
4136,-4.986712432178152
4137,-3.8650393027416547
4138,-3.8650393027416547
4139,-3.538763324803614
4140,-4.645244186327572
4141,-4.681096753643217
4142,-7.067880070152453
4143,-6.230769115053466
4144,-6.230769115053466
4145,-9.268601200181955
4146,-8.379763364190541
4147,-4.487606753157655
4148,-7.5037051097733904
4149,-9.201410613155863
4150,-9.952841484362361
4151,-14.195114271966906
4152,-18.579033719601718
4153,-17.321651300980765
4154,-13.332140624849297
4155,-1.9770961220459191
4156,-1.9770961220459191
4157,-2.194044677402761
4158,-4.987776251690125
4159,-5.608002004301518
4160,-6.517446847877663
4161,-12.523447334709735
4162,-15.93493868220502
4163,-8.22610196891394
4164,-10.10666326245827
4165,16.63207818064211
4166,-48.903053750838055
4167,-47.63120788567333
4168,-60.07324338319354
4169,-60.07324338319354
4170,-65.1431734876134
4171,-64.25433565162197
4172,-64.25433565162197
4173,-64.25433565162197
4174,-56.71083201494434
4175,-59.75544609612486
4176,-47.63120788567333
4177,-49.03038736373948
4178,-51.43019353378219
4179,-28.72054766047555
4180,-14.984259712719837
4181,-13.103698419175505
4182,-14.260310798122973
4183,-16.247226374877087
4184,-15.335318503091528
4185,-13.220611079169576
4186,-11.25058636639681
4187,-4.783969069138605
4188,1.0346824170409503
4189,1.0346824170409503
4190,2.4325748785181838
4191,-16.377682448408805
4192,-25.649915039958746
4193,-23.407029193554372
4194,-24.783780939038397
4195,-2.4868163704151582
4196,-20.59789545695006
4197,-27.76070431008495
4198,-19.44211329021356
4199,-28.906868619299996
4200,-27.75108645256351
4201,-21.57420874929621
4202,-18.292400958290866
4203,-46.76741555826278
4204,-20.685370913304794
4205,-17.593938386349055
4206,-19.51894724928373
4207,-23.699769681599438
4208,-20.417961890594093
4209,-19.46677099652295
4210,-20.018252404551365
4211,-14.384034028556366
4212,-16.80950128841223
4213,-15.433418003593408
4214,-17.713041431331185
4215,-16.859280971360697
4216,-16.859280971360697
4217,-16.859280971360697
4218,-13.577473180355359
4219,-13.056228721760144
4220,-9.774420930754808
4221,-9.774420930754808
4222,-9.774420930754808
4223,1.8926723851714127
4224,1.8926723851714127
4225,2.125507678616496
4226,2.5975238598923265
4227,1.8926723851714127
4228,2.5975238598923265
4229,2.5975238598923265
4230,2.061524655244921
4231,0.03173483594854448
4232,0.03173483594854448
4233,0.5037510172243742
4234,0.03173483594854448
4235,-0.4842013657014385
4236,-1.5906822272253953
4237,-3.0886277077432243
4238,-3.5121354828965705
4239,-2.675024527797579
4240,-3.636970803668001
4241,-4.7667875039992555
4242,-17.629151400835756
4243,-5.810417009413758
4244,-4.6984992037713855
4245,-2.088008536641517
4246,-8.378176230878985
4247,-6.287101595402451
4248,-7.830404986010207
4249,-9.220302565670277
4250,-9.15344395468682
4251,-6.810896073385605
4252,2.576917556545965
4253,2.576917556545965
4254,4.223880351376216
4255,2.744728465369161
4256,5.899991544912597
4257,3.6752803632120847
4258,5.164932335711413
4259,6.187332490274632
4260,6.288133664831457
4261,7.443915831567943
4262,6.288133664831457
4263,3.937289242743582
4264,5.093071409480069
4265,5.093071409480069
4266,3.025381370958024
4267,0.7109139241714189
4268,1.867526303118886
4269,1.867526303118886
4270,5.093071409480069
4271,3.025381370958024
4272,1.51182198288772
4273,1.2020162533634815
4274,1.2020162533634815
4275,-2.276400718831941
4276,0.9863515750414933
4277,-1.4391156848143687
4278,3.8282161478616357
4279,2.1043477332874336
4280,3.0158092652529054
4281,5.839832769497937
4282,7.4180709704678565
4283,6.640561989690967
4284,6.640561989690967
4285,6.640561989690967
4286,-2.0362374660347773
4287,-19.65808871649039
4288,-18.268191136830325
4289,-18.268191136830325
4290,-14.092314432791149
4291,-19.641997819715517
4292,-8.041599008838798
4293,-11.323406799844133
4294,-8.041599008838798
4295,-11.313788942322692
4296,-8.031981151317357
4297,-8.031981151317357
4298,-8.222356415366965
4299,-36.697371015338874
4300,-14.32818771061733
4301,-11.046379919611994
4302,-9.399417124781742
4303,-14.128427687752682
4304,-13.928478224574599
4305,-10.646670433569259
4306,-14.169068972484682
4307,-10.006553973831062
4308,-10.006553973831062
4309,-10.006553973831062
4310,-10.758699530135456
4311,-9.278811003144009
4312,-9.278811003144009
4313,-9.278811003144009
4314,-7.738924398533338
4315,-6.298819350534301
4316,-9.58062714153964
4317,-6.298819350534301
4318,-10.395674082239893
4319,3.8160083905616817
4320,2.5508982034889383
4321,3.8160083905616817
4322,0.6770341905166531
4323,0.6770341905166531
4324,0.6770341905166531
4325,0.6770341905166531
4326,0.6770341905166531
4327,-0.8807394475038938
4328,-0.47066954322447374
4329,-0.47066954322447374
4330,0.7944406438482693
4331,0.8514057007821847
4332,0.8514057007821847
4333,0.8514057007821847
4334,-1.1185559610114728
4335,-1.387925867436441
4336,-1.387925867436441
4337,-3.309379123107614
4338,-12.536236232898705
4339,-6.32722724920791
4340,-6.601633931065107
4341,-7.044032662582156
4342,-11.137715993188344
4343,-2.928460466935508
4344,-9.705310072667697
4345,-8.447927654046756
4346,-6.042839529218921
4347,3.531504190539041
4348,3.531504190539041
4349,3.531504190539041
4350,5.2395644981168745
4351,5.011873952631315
4352,5.011873952631315
4353,1.2724651157789548
4354,-1.07837930630892
4355,-1.2227310996907308
4356,-3.772505793968977
4357,-4.565616691859128
4358,-4.565616691859128
4359,-6.691358457054402
4360,-7.471856553431279
4361,-4.820832762832536
4362,-7.761329937583173
4363,-11.465256348722043
4364,-11.465256348722043
4365,-11.465256348722043
4366,-11.465256348722043
4367,-11.465256348722043
4368,-9.584695055177715
4369,-9.584695055177715
4370,-12.574521379182007
4371,-13.11027260400046
4372,-13.11027260400046
4373,-12.045990970747344
4374,-11.169687780614252
4375,-9.640130095398387
4376,-7.040997706359547
4377,-6.220343222378224
4378,-3.378478649558082
4379,-4.826856695362771
4380,0.5579128749265849
4381,-0.20403787143210722
4382,5.424540884033892
4383,-12.03669528737489
4384,-18.10159306931524
4385,-15.904113800331725
4386,-14.888435489316576
4387,-17.251118384668185
4388,-22.255068245642445
4389,-20.530835655706927
4390,-12.212244635835546
4391,-18.258573279308884
4392,-12.202626778314105
4393,-12.202626778314105
4394,-8.920818987308765
4395,-20.711593062235096
4396,-23.53561656648013
4397,-14.465594675402242
4398,-13.245570749491
4399,-36.794177994437554
4400,-14.506555009592983
4401,-15.41846288137854
4402,-16.170608437682933
4403,-14.040507321140796
4404,-13.414379254119831
4405,-10.132571463114491
4406,-10.132571463114491
4407,-11.020732189538675
4408,-8.62776223452475
4409,-8.62776223452475
4410,-8.62776223452475
4411,-9.50683624624848
4412,-9.58062714153964
4413,-6.298819350534301
4414,-6.298819350534301
4415,3.862634046965071
4416,0.7236598469200414
4417,0.7236598469200414
4418,0.7236598469200414
4419,0.7236598469200414
4420,1.9887700339927856
4421,0.7236598469200414
4422,0.7236598469200414
4423,0.43099639597223816
4424,-0.8341137911005053
4425,-0.8341137911005053
4426,-0.8341137911005053
4427,0.523814020221798
4428,0.523814020221798
4429,-0.4842013657014385
4430,-0.4842013657014385
4431,-1.7155175479968277
4432,-2.1390253231501735
4433,-2.1390253231501735
4434,-3.636970803668001
4435,-5.227222052572513
4436,-5.853350119593479
4437,-5.810417009413758
4438,-6.196444684289213
4439,-9.997621456217447
4440,-9.58452503738379
4441,-12.354766778026004
4442,-8.365256101894538
4443,1.022557528037031
4444,1.022557528037031
4445,0.826721942017052
4446,-1.657911489487508
4447,-2.6066915131047725
4448,-4.957535935192649
4449,-4.957535935192649
4450,-5.36065596601095
4451,-0.98715714588432
4452,-0.98715714588432
4453,-0.98715714588432
4454,-1.731802674945554
4455,-1.731802674945554
4456,-1.731802674945554
4457,-5.933781288737609
4458,-5.933781288737609
4459,-15.23271984449036
4460,-15.23271984449036
4461,-15.23271984449036
4462,-4.053219995193276
4463,-4.053219995193276
4464,-4.053219995193276
4465,-3.2727218988163984
4466,-3.2727218988163984
4467,-1.4870558033871275
4468,-3.3984032193554303
4469,-3.3984032193554303
4470,-1.1197883398844728
4471,-2.207789647292455
4472,-2.207789647292455
4473,0.6340749255276878
4474,3.1924992523234086
4475,3.993228472516439
4476,3.993228472516439
4477,4.905136344301996
4478,-4.482677285629568
4479,-20.13585269724425
4480,-20.12706899644193
4481,-20.38413421161211
4482,-20.38413421161211
4483,-22.64677873048872
4484,-14.32818771061733
4485,-22.64677873048872
4486,-22.64677873048872
4487,-20.38413421161211
4488,-22.64677873048872
4489,-14.32818771061733
4490,-9.399417124781742
4491,-39.734730915552916
4492,-13.072137693425121
4493,-13.303450184558274
4494,-14.169068972484682
4495,-15.41846288137854
4496,-16.170608437682933
4497,-16.170608437682933
4498,-15.544480370661969
4499,-10.132571463114491
4500,-10.132571463114491
4501,-8.66647575379498
4502,-8.66647575379498
4503,-11.912430977484677
4504,-8.630623186479335
4505,-11.48892320233133
4506,-11.48892320233133
4507,-9.58062714153964
4508,-7.610665479745985
4509,-5.826803169258471
4510,-5.826803169258471
4511,1.9887700339927856
4512,1.4527708293453798
4513,-1.9715204636287427
4514,-0.7064102765559994
4515,-0.7064102765559994
4516,-1.9715204636287427
4517,-2.803113167386864
4518,-0.7064102765559994
4519,-1.370112995747911
4520,-0.10500280867516748
4521,-0.10500280867516748
4522,-0.10500280867516748
4523,-1.8860491973978928
4524,-1.8860491973978928
4525,-1.8860491973978928
4526,-1.8860491973978928
4527,-2.5468837228167303
4528,-2.5468837228167303
4529,-2.5468837228167303
4530,-2.5468837228167303
4531,-2.595547171619887
4532,-2.595547171619887
4533,-2.595547171619887
4534,-7.800865804173183
4535,-9.00721461067799
4536,-9.00721461067799
4537,-13.211418808466453
4538,-13.211418808466453
4539,-7.234758740767422
4540,-3.500725871584638
4541,-3.9242336467379846
4542,-3.618020671797365
4543,-4.500333805056708
4544,-7.342198377876851
4545,-10.581880635956137
4546,-10.581880635956137
4547,-9.89074595156652
4548,-9.89074595156652
4549,-9.89074595156652
4550,-9.89074595156652
4551,-9.89074595156652
4552,-11.297372114964364
4553,-11.297372114964364
4554,-20.59631067071711
4555,-25.069512630035707
4556,-25.657820467488786
4557,-25.657820467488786
4558,-25.657820467488786
4559,-25.657820467488786
4560,-26.346766324464742
4561,-26.346766324464742
4562,-24.762175540918353
4563,-13.100554089813972
4564,-16.041051264564608
4565,-13.906183056706624
4566,-11.99772465545176
4567,-15.79080425482677
4568,-15.79080425482677
4569,-12.946307141267171
4570,-12.546299034459397
4571,-7.05470566055065
4572,-9.055473422858425
4573,-10.573841471764323
4574,-6.870620566144611
4575,-23.95590601921542
4576,-18.724565535003865
4577,-15.058353490934628
4578,-10.908731307483798
4579,-10.690021227973709
4580,-23.926974089740003
4581,-23.509213565169762
4582,-2.811492513488497
4583,-4.142213280033227
4584,-18.151422128308624
4585,-26.25583275809871
4586,-0.5130595105884155
4587,-19.6503198185602
4588,12.205451923802226
4589,13.097112029012008
4590,13.402177420489974
4591,11.049973821375039
4592,14.383403308422508
4593,14.383403308422508
4594,12.907428098241045
4595,11.595727356290002
4596,-10.022491287638024
4597,-4.886580282796812
4598,4.203973949647028
4599,-1.7962087506295692
4600,-1.7962087506295692
4601,-2.2429149746296875
4602,-4.0267772851172
4603,-3.8620064352381838
4604,-2.0040185007170663
4605,-3.117242469623816
4606,-6.932378684455721
4607,5.370100662102176
4608,4.351862468446956
4609,4.351862468446956
4610,3.765291274603883
4611,-1.050270010409581
4612,2.4865573342604255
4613,2.4865573342604255
4614,-1.9097702463933892
4615,-4.134455581230369
4616,-0.5112591969013532
4617,-0.5112591969013532
4618,-5.994077953037363
4619,0.05367940439230634
4620,0.8799962548873196
4621,0.8799962548873196
4622,0.8799962548873196
4623,-0.5758163786766434
4624,-0.5758163786766434
4625,-0.16305242099360417
4626,-0.16305242099360417
4627,1.7535715422208038
4628,1.7535715422208038
4629,1.7535715422208038
4630,1.7535715422208038
4631,-1.9586278151857814
4632,-1.9586278151857814
4633,-7.085630380404579
4634,0.7343766104834537
4635,0.5766623195445806
4636,0.040663114897174946
4637,-3.6515654771408554
4638,-15.56680116086871
4639,-8.67819627214659
4640,-10.046092961096996
4641,-9.526100189132812
4642,-10.038823742553632
4643,-19.61413526206138
4644,-23.011776721708816
4645,-23.011776721708816
4646,-25.78117585124456
4647,-25.78117585124456
4648,-27.145088239411944
4649,-36.05990636972353
4650,-36.05990636972353
4651,-25.78117585124456
4652,-25.78117585124456
4653,-24.89233801525315
4654,-23.011776721708816
4655,-19.61413526206138
4656,-19.61413526206138
4657,-17.146958354524454
4658,-7.848019798771697
4659,-7.067521702394819
4660,-6.644013927241474
4661,-5.6224626235468556
4662,-6.779075002494324
4663,-6.077825554429744
4664,-3.726981132341868
4665,-3.726981132341868
4666,1.6733077672739964
4667,3.784217922209131
4668,3.1152025703827655
4669,2.691694795229417
4670,-1.436500245393369
4671,-18.78673921582876
4672,-20.22515828699205
4673,-18.835260707331976
4674,-20.37514731194266
4675,-20.37514731194266
4676,-20.156437232432566
4677,-27.77762992940012
4678,-17.650586681530772
4679,-17.650586681530772
4680,-17.650586681530772
4681,-14.368778890525437
4682,-16.110700076920104
4683,-27.79369631939493
4684,-16.110700076920104
4685,-16.110700076920104
4686,-16.110700076920104
4687,-16.110700076920104
4688,-14.929171882920803
4689,-9.995166038146017
4690,-9.32615068631965
4691,-4.583257130598548
4692,-7.196049569777522
4693,-5.319958964711257
4694,-5.319958964711257
4695,-4.847942783435427
4696,-4.847942783435427
4697,-4.847942783435427
4698,-4.847942783435427
4699,-9.33188083666345
4700,-4.795586932799884
4701,-5.841592511419255
4702,1.7274994115617184
4703,20.768460033652076
4704,24.325067119478458
4705,24.325067119478458
4706,24.325067119478458
4707,20.01489407480976
4708,20.01489407480976
4709,20.01489407480976
4710,24.325067119478458
4711,20.616301542690593
4712,24.92647458735929
4713,20.616301542690593
4714,29.65315760802048
4715,-8.068333144898718
4716,-4.235235950162106
4717,-4.975697184188438
4718,-10.197486756955612
4719,-6.098648985926276
4720,-4.600703505408446
4721,-4.600703505408446
4722,-8.56502202493791
4723,-10.88329713951281
4724,-12.039909518460282
4725,-9.57476801589094
4726,-8.418155636943473
4727,-19.021191211627862
4728,-18.643947360109845
4729,-21.41418910075206
4730,-21.41418910075206
4731,-17.424678424620584
4732,-6.069633921817197
4733,-6.069633921817197
4734,-6.069633921817197
4735,-6.101583035858654
4736,-4.3935227282808205
4737,-6.9519470550765385
4738,-6.618233909981327
4739,0.09087384674618387
4740,0.09087384674618387
4741,0.09087384674618387
4742,-2.2599705753416917
4743,-1.1041884086052016
4744,-1.1041884086052016
4745,-1.1041884086052016
4746,-0.26197622901717804
4747,0.9649138162450028
4748,18.263272742073116
4749,18.263272742073116
4750,-0.1908683504914827
4751,-1.1041884086052016
4752,-1.417758395753667
4753,-2.4036895456212606
4754,-2.7374026907164724
4755,-3.2731539155349254
4756,-6.215819662911893
4757,-0.9223094934470502
4758,-3.8649752408240183
4759,-7.481790243376739
4760,-7.481790243376739
4761,-4.9233659165810195
4762,-6.4369253046513215
4763,-3.210728824602431
4764,-3.210728824602431
4765,-3.210728824602431
4766,-5.952242638179724
4767,-21.690489406716424
4768,-29.877177267129607
4769,-26.562270824534867
4770,-26.562270824534867
4771,-28.644157936883307
4772,-20.325566917011923
4773,-20.325566917011923
4774,-17.043759126006574
4775,-26.371895560485257
4776,-17.224516532534743
4777,-17.224516532534743
4778,-17.224516532534743
4779,-23.330347827785126
4780,-20.04854003677978
4781,-19.84878001391514
4782,-19.648830550737053
4783,-18.628566647690462
4784,-17.056621163069764
4785,-17.056621163069764
4786,-17.19409726632125
4787,-14.061811786511527
4788,-14.135602681802688
4789,-14.135602681802688
4790,-14.135602681802688
4791,-16.56365001283754
4792,-12.559863509876376
4793,-12.559863509876376
4794,-12.559863509876376
4795,-12.686806867945831
4796,-12.686806867945831
4797,-9.404999076940495
4798,-9.404999076940495
4799,-2.307265664721107
4800,-1.8352494834452782
4801,-2.3712486880926837
4802,-3.6570255992106233
4803,-3.6570255992106233
4804,-2.3712486880926837
4805,-3.6570255992106233
4806,-3.6570255992106233
4807,-3.929022326113232
4808,-5.214799237231173
4809,-5.214799237231173
4810,-3.929022326113232
4811,-4.380975504391637
4812,-4.380975504391637
4813,-5.487456365915596
4814,-5.487456365915596
4815,-6.148290891334433
4816,-6.148290891334433
4817,-6.184143458650077
4818,-6.881817883672722
4819,-8.804345345448167
4820,-7.233934363835063
4821,-7.233934363835063
4822,-8.055186517801804
4823,-16.493015591254782
4824,-20.504042582536393
4825,-18.210489136972186
4826,-14.22097846084071
4827,-2.8659339580373318
4828,-2.8659339580373318
4829,-2.8659339580373318
4830,-3.716297977255221
4831,-3.7482470912966748
4832,-5.807762027166168
4833,-6.3352413316595015
4834,-5.349310181791909
4835,-3.547211907219442
4836,-8.615149791688644
4837,-8.615149791688644
4838,-6.289821705800571
4839,-6.289821705800571
4840,-7.445603872537061
4841,-7.0703198021774485
4842,-6.181481966186034
4843,-7.337264132922526
4844,-7.337264132922526
4845,-5.268161908072315
4846,-7.337264132922526
4847,-7.337264132922526
4848,-6.556766036545648
4849,-2.8106376562637485
4850,-7.955945514611796
4851,-11.434362486807213
4852,-11.434362486807213
4853,-11.434362486807213
4854,-11.434362486807213
4855,-14.329698003217011
4856,-13.043921092099072
4857,-10.693076670011198
4858,-6.939304225405494
4859,-6.138575005212464
4860,-4.6687485372728075
4861,-4.6687485372728075
4862,-1.844725033027775
4863,-10.94414738383181
4864,-27.59125161630921
4865,-29.029670687472493
4866,-26.75093527182101
4867,-26.75093527182101
4868,-20.694988770826235
4869,-25.46801892789596
4870,-20.875746177354404
4871,-26.93169267834918
4872,-20.417961890594093
4873,-20.417961890594093
4874,-20.21820186772945
4875,-20.291992763020613
4876,-21.20390063480617
4877,-32.80429944568289
4878,-39.095702168751146
4879,-37.1693569246561
4880,-33.81017158857725
4881,-33.629387097887616
4882,-17.65854408061291
4883,-13.774113044498801
4884,-13.984498950357956
4885,-13.984498950357956
4886,-13.984498950357956
4887,-13.984498950357956
4888,-11.263084151747993
4889,-11.263084151747993
4890,-10.59406879992163
4891,-9.741012209860518
4892,-9.741012209860518
4893,-9.741012209860518
4894,-9.268996028584684
4895,-3.5553214696394244
4896,-4.576872773334046
4897,-4.576872773334046
4898,-3.5553214696394244
4899,-2.187424780689017
4900,-2.187424780689017
4901,-2.187424780689017
4902,-2.187424780689017
4903,-1.5860173128081856
4904,-1.5860173128081856
4905,-1.5860173128081856
4906,-1.5860173128081856
4907,0.6035032022722384
4908,0.6035032022722384
4909,2.6641131028719576
4910,-2.485412748181634
4911,-2.13326487735234
4912,-2.13326487735234
4913,-2.13326487735234
4914,-3.6731514819630124
4915,-6.22180701075942
4916,-6.310563646745518
4917,-6.346416214061163
4918,-2.088008536641517
4919,-9.58452503738379
4920,-11.290330177860879
4921,-12.354766778026004
4922,-0.4910018600332732
4923,2.7766775794106144
4924,2.7766775794106144
4925,2.0592706271325865
4926,-0.35349100054323934
4927,-0.8206381446752742
4928,-2.01487018781568
4929,-2.5059725170077423
4930,-4.710461090580772
4931,3.778873719087191
4932,3.778873719087191
4933,5.740868111112939
4934,1.153666896481623
4935,-6.989489492534637
4936,-42.033243136996106
4937,-42.033243136996106
4938,-42.033243136996106
4939,-42.033243136996106
4940,-42.033243136996106
4941,-42.033243136996106
4942,-42.033243136996106
4943,-42.033243136996106
4944,-29.871647649463128
4945,-8.14527165927113
4946,3.9175029935183976
4947,0.6392592802973174
4948,1.419757376674195
4949,-0.4915900392941075
4950,-3.4342557866710757
4951,-6.873101516166933
4952,-4.5586340693803304
4953,0.5385379633849545
4954,1.5459827973132452
4955,6.3523391162676
4956,4.705376321437348
4957,4.705376321437348
4958,5.604390962747705
4959,-9.677775695477209
4960,-17.511589215863864
4961,-17.560110707367077
4962,-17.560110707367077
4963,-20.38413421161211
4964,-18.81096231207302
4965,-14.202218583043843
4966,-12.97352830442774
4967,-13.885436176213297
4968,-13.885436176213297
4969,-10.603628385207957
4970,-9.447016006260489
4971,-13.143444631280042
4972,-9.592587562765035
4973,-9.658207673448567
4974,-4.528528856358833
4975,-4.410983815447629
4976,-8.041738385624082
4977,-10.9210395142581
4978,-10.9210395142581
4979,-5.719516512569785
4980,-5.719516512569785
4981,-3.6789298853969723
4982,-3.6789298853969723
4983,-2.1390432807862987
4984,-5.97214047552291
4985,-5.97214047552291
4986,-5.97214047552291
4987,4.230650569630094
4988,16.00682066925987
4989,16.00682066925987
4990,16.00682066925987
4991,20.126062708919925
4992,19.238163578611527
4993,20.598078890195755
4994,20.598078890195755
4995,20.598078890195755
4996,19.710179759887357
4997,19.710179759887357
4998,8.35751743541093
4999,-0.8902792733499869
5000,-0.9449889135334586
5001,-0.9449889135334586
5002,-1.4170050948092883
5003,-2.207829454225108
5004,-1.1862781505304865
5005,-2.342890529477956
5006,-2.342890529477956
5007,-0.8946067481745894
5008,-3.5697550487538194
5009,-2.13326487735234
5010,-3.6731514819630124
5011,-5.811737106480001
5012,-5.810417009413758
5013,-3.8328804158449787
5014,-3.5859540171593456
5015,-11.024293530162934
5016,-7.830404986010207
5017,-8.089007354521694
5018,-10.800406749517071
5019,-10.800406749517071
5020,-6.575588825893963
5021,2.8122248040376063
5022,2.8122248040376063
5023,2.5449684425045107
5024,4.603640807590693
5025,4.603640807590693
5026,4.368333560099051
5027,9.701778960942187
5028,7.143354634146464
5029,7.143354634146464
5030,7.143354634146464
5031,7.244155808703289
5032,8.891118603533542
5033,7.443915831567943
5034,5.093071409480069
5035,5.093071409480069
5036,3.937289242743582
5037,5.093071409480069
5038,3.937289242743582
5039,1.51182198288772
5040,3.025381370958024
5041,3.025381370958024
5042,3.5528606754513565
5043,0.07444370325593536
5044,0.07444370325593536
5045,2.916308276076078
5046,2.916308276076078
5047,3.1924992523234086
5048,2.424077968026545
5049,2.350287072735384
5050,5.267738266610837
5051,3.919437577225278
5052,3.919437577225278
5053,3.919437577225278
5054,-4.3117636737588185
5055,-18.736248806757402
5056,-20.174667877920676
5057,-9.34323237478951
5058,-9.524656498609696
5059,-3.468709997614924
5060,-1.215714174894681
5061,-3.2682720077580334
5062,-0.8891830788880875
5063,1.310477502280154
5064,1.310477502280154
5065,1.310477502280154
5066,1.310477502280154
5067,-0.31942971746000687
5068,-4.152526912196618
5069,0.01597891457187306
5070,-41.87680509401278
5071,-46.24793213313759
5072,-45.22766823009099
5073,-48.248080088801565
5074,-49.503690860030886
5075,-44.091781952483416
5076,-60.85748439308638
5077,-73.68399572260724
5078,-61.36729558535054
5079,-39.09664045579493
5080,-37.55675385118426
5081,-37.55675385118426
5082,-31.72454824074196
5083,-37.47270069458726
5084,-37.47270069458726
5085,-40.754508485592595
5086,-31.44397246642872
5087,-26.051072554024795
5088,-34.93810079803533
5089,-24.94459169250084
5090,-19.485616059889548
5091,-24.94459169250084
5092,-22.97463003070718
5093,-22.97463003070718
5094,-33.83161993651138
5095,-18.88420859200872
5096,23.18594282598978
5097,29.09222283100287
5098,27.985741969478916
5099,29.78505262947452
5100,8.223099729018607
5101,7.090889724765574
5102,7.090889724765574
5103,0.5978495889044304
5104,5.48515273803004
5105,3.951482995754829
5106,3.951482995754829
5107,-18.28231769566116
5108,-11.315591855989013
5109,-4.872003994122533
5110,-11.16217168836
5111,-6.344641036578185
5112,-9.114882777220396
5113,-5.496102812574046
5114,0.9379147797896712
5115,10.518069605354984
5116,10.482217038039341
5117,4.6853455847793
5118,-0.9493073427949759
5119,-0.8804552822796046
5120,-0.5467421371843928
5121,-1.4457895881986536
5122,-3.7602570349852567
5123,-1.0202314102343277
5124,-1.0202314102343277
5125,-1.0202314102343277
5126,-1.0202314102343277
5127,-1.3539445553295397
5128,-1.0202314102343277
5129,-1.0202314102343277
5130,-1.8601064896268642
5131,-1.8601064896268642
5132,-1.8601064896268642
5133,-1.8601064896268642
5134,-2.193819634722076
5135,-2.193819634722076
5136,-5.136485382099044
5137,-5.136485382099044
5138,-5.136485382099044
5139,-5.672236606917497
5140,-5.672236606917497
5141,-4.650685303222876
5142,-4.650685303222876
5143,-3.9494358551582978
5144,-3.9494358551582978
5145,-1.5985914330704232
5146,0.05381053535093422
5147,2.517625629377027
5148,3.919437577225278
5149,3.919437577225278
5150,3.993228472516439
5151,-2.914225546926019
5152,-10.854836404891987
5153,-21.774031791272183
5154,-20.38413421161211
5155,-14.32818771061733
5156,-14.32818771061733
5157,-9.637713506508804
5158,-9.637713506508804
5159,-15.693660007503578
5160,-20.38413421161211
5161,-14.32818771061733
5162,-20.38413421161211
5163,-39.52139451958391
5164,-12.681224915787078
5165,-10.846619896747342
5166,-10.646670433569259
5167,-43.90507005461223
5168,-44.3690472601107
5169,-18.700270672383887
5170,-16.170608437682933
5171,-14.929345157132206
5172,-14.303217090111241
5173,-14.303217090111241
5174,-11.021409299105905
5175,-8.62776223452475
5176,-8.62776223452475
5177,-11.909570025530089
5178,-8.62776223452475
5179,-6.295958398579715
5180,-5.823942217303885
5181,-5.823942217303885
5182,-6.641850109958724
5183,1.0871040947960728
5184,1.0871040947960728
5185,0.6770341905166531
5186,0.6770341905166531
5187,1.9421443775893965
5188,0.6770341905166531
5189,1.9421443775893965
5190,1.9421443775893965
5191,-1.5809166724487151
5192,-1.5809166724487151
5193,-1.5809166724487151
5194,-1.5809166724487151
5195,-3.361963061171442
5196,-3.361963061171442
5197,-3.361963061171442
5198,-3.361963061171442
5199,-3.6127276823108594
5200,-3.6127276823108594
5201,-3.6127276823108594
5202,-3.6127276823108594
5203,-3.661391131114016
5204,-1.7319562864120939
5205,-1.7319562864120939
5206,-7.15598499847548
5207,-8.143623725470198
5208,-12.883827127906065
5209,-3.1731341910242503
5210,-3.1731341910242503
5211,-1.8885816585997612
5212,-7.288870558215627
5213,-9.603862412987857
5214,-9.603862412987857
5215,-15.274596859410414
5216,-14.490335405510297
5217,-15.270833501887175
5218,-29.873185900736264
5219,-28.164509828054083
5220,-50.463548534537765
5221,-51.82746092270515
5222,-66.70719673644388
5223,-72.26136187894171
5224,-78.87530911500546
5225,-76.55923984344446
5226,-98.74313992173153
5227,-106.31121617852493
5228,-106.31121617852493
5229,-106.31121617852493
5230,-99.52021111242935
5231,-90.42562807640572
5232,-81.82017374517011
5233,-81.82017374517011
5234,-68.56275825191082
5235,-52.35343900636714
5236,-52.35343900636714
5237,-27.533875532768608
5238,-25.653314239224276
5239,-44.41739858464465
5240,-33.56568114195384
5241,-17.193513239723995
5242,-10.61512611429713
5243,-17.38354285485238
5244,-15.069075408065777
5245,-3.455003735947837
5246,-0.9324319764677584
5247,-8.889269970947263
5248,-11.431023761659903
5249,-25.0906332182189
5250,-25.76528277674308
5251,-25.346193019596253
5252,-23.882519269143035
5253,-22.622935444712994
5254,-28.780454391227323
5255,-25.3692630553904
5256,-24.65773486124158
5257,-24.87644494075167
5258,-19.452416228688282
5259,-43.38757718170249
5260,-42.97637169203813
5261,-17.28640155705663
5262,-14.004593766051293
5263,-41.92148147238298
5264,-14.04253209402681
5265,-14.04253209402681
5266,-13.619024318873464
5267,-8.630623186479335
5268,-8.630623186479335
5269,-8.207115411325988
5270,-8.207115411325988
5271,-7.735099230050161
5272,-7.735099230050161
5273,-9.518961540537672
5274,-9.518961540537672
5275,-5.826803169258471
5276,-5.826803169258471
5277,-5.826803169258471
5278,-5.826803169258471
5279,-0.16157564987140244
5280,-0.16157564987140244
5281,-0.16157564987140244
5282,-0.16157564987140244
5283,-0.16157564987140244
5284,-0.16157564987140244
5285,-0.16157564987140244
5286,-0.16157564987140244
5287,1.6580394660906423
5288,1.6580394660906423
5289,1.6580394660906423
5290,1.6580394660906423
5291,1.9736959681987807
5292,1.9736959681987807
5293,1.9736959681987807
5294,1.9736959681987807
5295,1.3128614427799434
5296,1.3128614427799434
5297,1.3128614427799434
5298,1.3128614427799434
5299,1.264197993976787
5300,1.264197993976787
5301,1.264197993976787
5302,-1.4603626364350826
5303,-2.448001363429799
5304,-7.575003928648595
5305,0.9295009508885874
5306,0.9295009508885874
5307,2.6375612584664205
5308,-2.762727641149442
5309,-5.113572063237318
5310,-5.160197719640707
5311,-10.414938025124224
5312,-11.195436121501102
5313,-24.227271539532165
5314,-24.092210464279322
5315,-23.747446779764513
5316,-47.46102061003604
5317,-82.22876516198913
5318,-83.27489257949017
5319,-91.4246431996861
5320,-131.18464380846
5321,-258.07296517537725
5322,-265.1762648174326
5323,-265.9533360081304
5324,-265.9533360081304
5325,-265.9533360081304
5326,-265.9533360081304
5327,-288.76508167601406
5328,-460.95501806637236
5329,-368.73481691590683
5330,-352.6982856901107
5331,-197.69652879548514
5332,-86.06525325697146
5333,-59.908593510261426
5334,-52.12680654766482
5335,-135.90325114587648
5336,-103.65391236393755
5337,-49.330714102454685
5338,-32.17283548258165
5339,-34.91320806944289
5340,-33.02808872454524
5341,-26.433189825471878
5342,-3.2795548879705403
5343,-10.406454450470168
5344,-5.059076079956297
5345,-14.857271227933895
5346,-15.873256387610963
5347,63.25319929366219
5348,-16.598611790215983
5349,-16.598611790215983
5350,-20.194170026645924
5351,-17.900997741300227
5352,-19.54672825058108
5353,60.80648550970368
5354,-4.623870515885075
5355,-22.781001559428955
5356,-7.07667217598085
5357,-4.732209731995294
5358,-6.754833678450651
5359,-30.665247411262236
5360,-8.202036450416252
5361,-11.569477363185191
5362,-4.920228659410914
5363,-28.6207794164837
5364,-9.775839014435062
5365,-6.070523448276377
5366,-8.414985892261932
5367,-8.703104969881107
5368,-6.9824313200619335
5369,-6.510415138786104
5370,-6.510415138786104
5371,-8.748664283833545
5372,-9.582280478992477
5373,-10.554892810864196
5374,-10.554892810864196
5375,-5.710913025309375
5376,-2.7704158505587335
5377,-2.1211595534774816
5378,-2.1211595534774816
5379,-4.235872177135337
5380,-4.235872177135337
5381,-4.235872177135337
5382,-5.500982364208082
5383,-5.9307956973506455
5384,-5.894943130035
5385,-5.9307956973506455
5386,-5.9307956973506455
5387,-6.4467318990006275
5388,-7.8739310756934175
5389,-7.8739310756934175
5390,-4.572867886028342
5391,-5.7057185927230085
5392,-6.812199454246961
5393,-6.812199454246961
5394,-5.900291582461404
5395,-8.791220645546288
5396,-10.43818344037654
5397,-6.254413841571197
5398,-11.85276919368003
5399,-22.650787579826265
5400,-14.354978337294618
5401,-2.813403744664845
5402,-2.813403744664845
5403,-2.813403744664845
5404,1.2573394582646045
5405,-1.3010848685311172
5406,-4.142949441351261
5407,-5.129167607853219
5408,-6.881808726549684
5409,-12.933063426853229
5410,-19.007166156511182
5411,-12.049153818397656
5412,-12.049153818397656
5413,-10.225788700803115
5414,-14.271374825854625
5415,-13.520156618297783
5416,-13.520156618297783
5417,-15.824903551370507
5418,-16.418410295360733
5419,195.34149745501077
5420,-17.224083029436656
5421,-26.523021585189426
5422,-26.523021585189426
5423,-20.166748776813627
5424,-18.2861874832693
5425,-18.2861874832693
5426,-15.445285094123058
5427,-15.98103631894151
5428,-15.200538222564631
5429,-15.200538222564631
5430,-15.200538222564631
5431,-20.65121965846512
5432,-18.33675221167852
5433,-12.371498630422241
5434,-5.751182901414137
5435,-2.108589108400964
5436,0.4498352183947593
5437,1.3473794824269758
5438,1.4041042708552638
5439,-8.413791448619959
5440,-19.388016242108243
5441,-28.66024883365818
5442,-27.270351253998108
5443,-27.270351253998108
5444,-29.532995772874717
5445,-21.21440475300334
5446,-21.21440475300334
5447,-21.2047868954819
5448,-21.2047868954819
5449,-21.2047868954819
5450,-18.113354368526164
5451,-29.713753179402886
5452,-31.63876204233756
5453,-24.219185663776543
5454,-20.185947001564696
5455,-20.185947001564696
5456,-3.5292305521008456
5457,-16.482069719247196
5458,-17.171027230527105
5459,-16.168293142355335
5460,-14.038741750717385
5461,-14.038741750717385
5462,-18.232457413508286
5463,-15.838810348927124
5464,-12.557002557921788
5465,-12.557002557921788
5466,-12.557002557921788
5467,-12.68394591599124
5468,-12.68394591599124
5469,-12.68394591599124
5470,-12.68394591599124
5471,-0.6526175200915657
5472,-2.526481533063851
5473,-2.526481533063851
5474,-2.526481533063851
5475,-2.526481533063851
5476,-4.491768945081417
5477,-4.491768945081417
5478,-4.491768945081417
5479,-6.462306540785003
5480,-6.462306540785003
5481,-6.462306540785003
5482,-4.5884425278127186
5483,-6.369488916535445
5484,-8.339450578329096
5485,-8.339450578329096
5486,-8.650953331707928
5487,-9.311787857126763
5488,-8.399879985341208
5489,-8.399879985341208
5490,-7.2253623094365
5491,-6.684156184670373
5492,-3.2715534735112946
5493,-3.8583542278130207
5494,-18.233010475847877
5495,-26.710869319555645
5496,-31.42352345284774
5497,-29.267261993190548
5498,-17.725687400560766
5499,-17.725687400560766
5500,-16.51175202640252
5501,-20.566589789707
5502,-18.858529482129164
5503,-21.068113803333727
5504,-14.718476805424428
5505,-14.617675630867604
5506,-13.64729878001736
5507,-11.422232907839609
5508,-11.422232907839609
5509,-12.797974642262231
5510,-13.956659922312346
5511,-15.112442089048836
5512,-22.765367758627203
5513,-24.679021159853928
5514,-24.679021159853928
5515,-25.49967564383525
5516,-18.832681124124473
5517,-20.656046241719014
5518,-20.656046241719014
5519,-20.656046241719014
5520,-20.656046241719014
5521,-23.598711989095982
5522,-23.598711989095982
5523,-23.313808729933115
5524,-23.313808729933115
5525,-21.922494528651555
5526,-21.922494528651555
5527,-22.86400680334694
5528,-20.54953935656033
5529,-19.151646895083097
5530,-18.738375989291587
5531,-15.916436680259734
5532,-13.880351553409168
5533,-15.914640601560645
5534,-14.709604308122447
5535,-24.1510741416244
5536,-20.18355919493049
5537,-32.508876295109616
5538,-36.08275189700588
5539,-13.124493141391772
5540,9.840054378089528
5541,-29.541309012884778
5542,-29.541309012884778
5543,-13.114875283870331
5544,-13.114875283870331
5545,-13.114875283870331
5546,7.60845230062777
5547,-48.22739371366705
5548,-2.8437780952086196
5549,-2.8437780952086196
5550,-2.5101077485723606
5551,-5.827680874812515
5552,-1.6333988762165288
5553,-10.173765467396926
5554,-9.220239194393724
5555,-3.722869974913096
5556,-6.692194383560437
5557,-6.692194383560437
5558,-6.692194383560437
5559,-6.5936027912047575
5560,-6.5936027912047575
5561,-3.3117950001994108
5562,-0.6454573873070262
5563,-2.989118896263047
5564,0.31778596452073954
5565,2.4264054646339335
5566,3.1022835431587157
5567,10.467524808910017
5568,4.713034024177106
5569,2.6419877547708417
5570,2.0909415931679116
5571,2.0909415931679116
5572,2.0909415931679116
5573,2.0909415931679116
5574,1.7309994973095506
5575,1.7273556978062166
5576,1.7273556978062166
5577,1.7273556978062166
5578,1.2553395165303884
5579,3.2818165856763297
5580,3.2818165856763297
5581,4.158119775809422
5582,3.051638914285466
5583,4.964187187805901
5584,8.368176314862673
5585,8.368176314862673
5586,7.9125836608784015
5587,5.363928132081994
5588,14.848928621466737
5589,31.406470547431038
5590,-2.7724462172691213
5591,-25.42985931956195
5592,-35.723412263078714
5593,-31.36980225828928
5594,-27.54379234663356
5595,-22.56624761387513
5596,-23.384683359853963
5597,-25.531692461219254
5598,-30.12462872267351
5599,-17.3377594979185
5600,-19.89618382471422
5601,-16.92141849323488
5602,-16.820617318678057
5603,-6.605811778683336
5604,-14.073189859748872
5605,-15.27349752491851
5606,-15.463040443704738
5607,-16.854354644986298
5608,-17.67500912896762
5609,-17.67500912896762
5610,-28.736416109057295
5611,-30.807462378463562
5612,-32.837474559211316
5613,-45.44580220208903
5614,-73.72943645748924
5615,-81.6306797375409
5616,-89.40666392020859
5617,-84.27811736725904
5618,-84.27811736725904
5619,-72.9556100668682
5620,-49.47348979638909
5621,-44.610571983748244
5622,-34.4353302378624
5623,-29.30540125503725
5624,-25.012092765753266
5625,-23.620778564471703
5626,-21.71907507536814
5627,-18.658704907513588
5628,-4.8458753864089115
5629,-22.351044265996833
5630,0.10303614618523066
5631,-24.66582442850227
5632,-41.160959676234675
5633,-41.362596272497335
5634,-42.801015343660616
5635,-38.371231765174656
5636,-15.406684245693357
5637,-40.111810141114255
5638,-18.06566470524679
5639,-17.137644764111506
5640,-4.694667232410006
5641,-4.655478946670294
5642,-3.6573126939083758
5643,-40.7024495932832
5644,0.3926359221854589
5645,-14.187369410210053
5646,-14.261878044464021
5647,-43.95132854890998
5648,-12.269001809545708
5649,-42.832499562815826
5650,-13.412363035099082
5651,-18.419378090364088
5652,-8.27579279378628
5653,-8.10697488640376
5654,-9.843529714734409
5655,-8.635220230475952
5656,-9.430198338621079
5657,-9.929342252723597
5658,-9.929342252723597
5659,-7.597538416778563
5660,-6.295958398579715
5661,-6.295958398579715
5662,-6.295958398579715
5663,4.1902257275254575
5664,2.925115540452714
5665,2.960968107768358
5666,2.960968107768358
5667,2.5508982034889383
5668,2.5508982034889383
5669,2.5508982034889383
5670,2.5508982034889383
5671,0.9931245654683916
5672,0.1509123858803687
5673,1.0397502218717798
5674,1.0397502218717798
5675,0.05179783894596712
5676,0.05179783894596712
5677,0.05179783894596712
5678,-1.0546830225779895
5679,-2.1390253231501735
5680,-2.1390253231501735
5681,-1.7289554188707532
5682,-3.2269008993885815
5683,-5.227222052572513
5684,-5.810417009413758
5685,-12.513681122484877
5686,-25.72834026428259
5687,-12.354766778026004
5688,-9.036603310376817
5689,0.35121031955475246
5690,1.8647697076250562
5691,3.5728300152028907
5692,-0.35349100054323934
5693,-3.731354778010788
5694,-6.082199200098663
5695,-7.2720033819792524
5696,-8.445173624143614
5697,-1.633728764733864
5698,-3.303064697102154
5699,-25.837760520095493
5700,-37.89402373165282
5701,-55.622661034977504
5702,-62.90762010718537
5703,-64.27153249535276
5704,-79.52224318739218
5705,-87.09031944418558
5706,-87.09031944418558
5707,-94.19361908624086
5708,-94.19361908624086
5709,-94.19361908624086
5710,-95.91841738981942
5711,-92.16931154233332
5712,-86.88937701787258
5713,-86.88937701787258
5714,-79.32130076107917
5715,-62.74749305631406
5716,-57.33736504432039
5717,-56.20940473944241
5718,-44.26256764536664
5719,-75.5282341649134
5720,-19.73135455661121
5721,-15.127459231885355
5722,-7.078786617443896
5723,-24.66676964322516
5724,-8.852862259143215
5725,6.064000848931753
5726,9.519969439759686
5727,-3.4388866556768747
5728,-1.3788622043239922
5729,-10.57238621476685
5730,-19.65808871649039
5731,-18.268191136830325
5732,-16.804517386377107
5733,-20.530835655706927
5734,-11.323406799844133
5735,-17.369735443317467
5736,-11.5041642063723
5737,-8.222356415366965
5738,-10.147365278301638
5739,-22.64677873048872
5740,-11.046379919611994
5741,-10.846619896747342
5742,-10.646670433569259
5743,-9.626406530522669
5744,-14.169068972484682
5745,-15.41846288137854
5746,-15.018352038315545
5747,-14.040507321140796
5748,-10.758699530135456
5749,-13.414379254119831
5750,-10.132571463114491
5751,-7.738924398533338
5752,-7.738924398533338
5753,-7.738924398533338
5754,-7.738924398533338
5755,-7.113866291234554
5756,-7.113866291234554
5757,-7.113866291234554
5758,-7.113866291234554
5759,4.218395713576467
5760,4.218395713576467
5761,4.690411894852299
5762,4.690411894852299
5763,4.280341990572878
5764,4.280341990572878
5765,4.280341990572878
5766,4.690411894852299
5767,3.1326382568317506
5768,3.1326382568317506
5769,3.1326382568317506
5770,2.427786782110836
5771,2.144685873905938
5772,2.108833306590294
5773,1.0023524450663368
5774,-0.4955930354514888
5775,-0.08198985550584559
5776,-0.08198985550584559
5777,-0.08198985550584559
5778,-1.5799353360236714
5779,-2.2449815413526135
5780,-1.9162686264083004
5781,-9.61246291272695
5782,-6.089814462819361
5783,-5.390817524351305
5784,0.33717192488843906
5785,9.9115156446464
5786,9.9115156446464
5787,9.9115156446464
5788,11.619575952224233
5789,9.061151625428511
5790,9.061151625428511
5791,10.769607072094269
5792,10.821368745693766
5793,8.896359882759091
5794,8.207414025783137
5795,8.927574190324515
5796,3.509493178753145
5797,0.1493140332819007
5798,-2.791183141468736
5799,-2.537719797691087
5800,-2.537719797691087
5801,-2.537719797691087
5802,-1.7805138809351682
5803,-1.7805138809351682
5804,-1.7805138809351682
5805,-1.7805138809351682
5806,-1.7805138809351682
5807,-1.7805138809351682
5808,-0.9528552079309665
5809,-0.9528552079309665
5810,-0.9528552079309665
5811,-1.4886064327494193
5812,-1.4886064327494193
5813,-1.4886064327494193
5814,-0.9249509044720565
5815,-2.3735680598615105
5816,-3.1307739766174296
5817,-3.1307739766174296
5818,-1.5287033018819887
5819,-2.09881656964747
5820,0.14815902162155514
5821,4.104475809894512
5822,2.293819390734238
5823,-9.377870521778643
5824,-9.377870521778643
5825,-18.952214241536602
5826,-27.361574467462507
5827,-11.136831439981501
5828,-8.143112698914692
5829,-8.143112698914692
5830,-8.938090807059815
5831,-9.261820692318377
5832,-0.02410477679326828
5833,-2.2556134334294415
5834,-2.2556134334294415
5835,-7.168748780754571
5836,-3.8869409897492346
5837,-12.247295935995888
5838,-13.467626612808747
5839,-23.5585387321067
5840,-16.052030064756142
5841,-12.770222273750806
5842,-1.8456581578675484
5843,-8.179573351295852
5844,-7.6440931709679285
5845,-6.104206566357255
5846,-6.104206566357255
5847,-8.532253897392112
5848,-4.826938331233426
5849,-6.128518349432276
5850,-4.826938331233426
5851,-28.791777419688618
5852,-4.230488399653421
5853,-3.264533981820746
5854,-3.264533981820746
5855,-3.9546440113241954
5856,4.280341990572878
5857,4.280341990572878
5858,4.280341990572878
5859,4.280341990572878
5860,4.280341990572878
5861,4.280341990572878
5862,4.280341990572878
5863,-5.922487553624165
5864,-5.922487553624165
5865,2.7225683525523303
5866,2.7225683525523303
5867,2.206632150902348
5868,2.206632150902348
5869,2.206632150902348
5870,2.206632150902348
5871,1.5457976254835106
5872,1.5457976254835106
5873,1.5457976254835106
5874,1.5457976254835106
5875,0.9226925442474143
5876,1.332762448526835
5877,-4.091266263536549
5878,-4.091266263536549
5879,-7.884999298489123
5880,-6.402926969444997
5881,0.9622128381229917
5882,-0.25222306635105274
5883,-1.3587039278750086
5884,-0.07415139545052074
5885,-3.321521579222195
5886,-4.418006896500267
5887,-0.3468685544828962
5888,-2.503104275333418
5889,-2.503104275333418
5890,-14.245521815767473
5891,-12.901534271113809
5892,-21.170515480563676
5893,-33.02877400577297
5894,-48.31344970992737
5895,-57.33187118565468
5896,-57.33187118565468
5897,-77.67724293902606
5898,-89.23246618864123
5899,-103.73025335120099
5900,-101.86790803487605
5901,-108.9012742598833
5902,-101.3786235091019
5903,-101.3786235091019
5904,-121.46446296980037
5905,-121.46446296980037
5906,-121.46446296980037
5907,-103.73025335120099
5908,-124.09235126739846
5909,-109.42097536854975
5910,-61.22070616948076
5911,-89.55439529087808
5912,-68.97601688131067
5913,-26.941749557955227
5914,-26.941749557955227
5915,-27.35302076001912
5916,-25.218152552161133
5917,-8.943789515157574
5918,0.7251648458839788
5919,-9.29100015753448
5920,-10.437589272277302
5921,-15.4836116205816
5922,-23.454264193932687
5923,-20.849930709798578
5924,-20.849930709798578
5925,-21.761838581584136
5926,-15.448972033529328
5927,-21.499128812613684
5928,-15.448972033529328
5929,-15.52276292882049
5930,-15.52276292882049
5931,-40.08405194885568
5932,-13.94702375689417
5933,-10.66521596588883
5934,-38.09710728726499
5935,-38.50831277692936
5936,-13.523515981740823
5937,-37.67359951211165
5938,-10.241708190735483
5939,-32.67289609422855
5940,-8.111607074193351
5941,-4.82979928318801
5942,-4.35778310191218
5943,-6.141645412399696
5944,-4.35778310191218
5945,-4.35778310191218
5946,-4.35778310191218
5947,-28.7946383716432
5948,-2.4494870411204928
5949,-2.4494870411204928
5950,-2.4494870411204928
5951,3.088893518840815
5952,2.5528943141934093
5953,2.5528943141934093
5954,3.088893518840815
5955,3.088893518840815
5956,3.088893518840815
5957,1.511725742743967
5958,1.511725742743967
5959,4.908508634802861
5960,3.3313408587060107
5961,-0.20548648596399466
5962,3.3313408587060107
5963,1.5502944699832848
5964,5.224165136910998
5965,1.5502944699832848
5966,1.5502944699832848
5967,5.405542791080186
5968,5.405542791080186
5969,5.405542791080186
5970,1.7316721241524724
5971,4.782437709844088
5972,-0.10586886155766906
5973,0.8434411749581758
5974,0.8434411749581758
5975,-4.056764212781293
5976,4.44774066675589
5977,3.233304762281846
5978,4.941365069859681
5979,-35.444463260867565
5980,0.7504562211384804
5981,-0.3180410541309827
5982,-8.052036641054091
5983,-9.864401425447134
5984,-9.864401425447134
5985,-26.669791846242003
5986,-55.92346748304563
5987,-99.93370214031616
5988,-117.5734590332094
5989,-125.56504306515613
5990,-139.7721680670764
5991,-142.39186025013825
5992,-216.52260297270206
5993,-224.87404955878364
5994,-287.9959096727527
5995,-296.54801787332127
5996,-1077.5967411477789
5997,-1085.4592425193323
5998,-1085.0357347441789
5999,-974.8824400631024
6000,-996.3968175691446
6001,-996.3968175691446
6002,-1400.4650931477554
6003,-217.01645564983593
6004,-205.8933542839371
6005,-195.98081558315815
6006,-105.40572601128268
6007,-138.8707658589053
6008,-73.09631670900161
6009,-31.03148724569509
6010,-23.876704265286435
6011,-39.56429940983929
6012,-24.287975467350314
6013,-24.287975467350314
6014,-4.20816965978808
6015,-10.378950359445305
6016,-10.60688758062552
6017,-10.033269883974308
6018,-20.70698031748568
6019,-26.158240542551983
6020,-17.315338598060716
6021,-21.37371709665045
6022,-17.697552748522806
6023,-14.561552991432105
6024,-20.98404495023716
6025,-13.368884067223597
6026,-13.368884067223597
6027,-34.819499515942915
6028,-13.368884067223597
6029,-10.087076276218257
6030,-9.66356850106491
6031,-10.96514851926376
6032,-10.96514851926376
6033,-10.96514851926376
6034,-10.96514851926376
6035,-5.553239611716292
6036,-5.966003569399331
6037,-5.171025461254204
6038,-4.699009279978374
6039,-6.482871590465888
6040,-5.496119271686019
6041,-3.712256961198502
6042,-7.302010433030396
6043,-30.253833525583936
6044,-29.28122119371222
6045,-5.371348155695565
6046,-28.447604998553288
6047,-12.259594891104705
6048,-12.259594891104705
6049,-9.89691199575309
6050,1.2276900019701884
6051,-9.89691199575309
6052,-7.863267310450898
6053,1.9962245001996428
6054,1.9962245001996428
6055,0.438450862179095
6056,1.7035610492518383
6057,1.7035610492518383
6058,1.7035610492518383
6059,-0.07748533947088726
6060,-0.07748533947088726
6061,-2.421947783456443
6062,-2.421947783456443
6063,-3.0827823088752844
6064,-4.943781167892543
6065,-6.0502620294165
6066,-6.996726101905909
6067,-7.900413209042294
6068,-7.7998464854124885
6069,-11.954606564630902
6070,-11.017312453477588
6071,-25.7422325893194
6072,-23.550692733541652
6073,-14.173626770515098
6074,-15.191319154033705
6075,-17.22560820218518
6076,-18.075972221403077
6077,-17.417424907674224
6078,-17.417424907674224
6079,-10.46388874511655
6080,-11.578036143084622
6081,-15.953522715341585
6082,-25.338181411244463
6083,-17.061881844470346
6084,-17.061881844470346
6085,-17.882536328451668
6086,-20.204131060374483
6087,-19.950667716596833
6088,-10.56600902069395
6089,-8.74264390309941
6090,-10.56600902069395
6091,-7.588414909914227
6092,-7.588414909914227
6093,-7.588414909914227
6094,-7.066075709969065
6095,-7.066075709969065
6096,-8.564957924409294
6097,-8.564957924409294
6098,-8.564957924409294
6099,-7.60182693478752
6100,-7.60182693478752
6101,-4.459577718883379
6102,-5.441808153517401
6103,-7.632197040389253
6104,-6.25645530596663
6105,-9.79610339458193
6106,-4.411333824292573
6107,-7.668406701351421
6108,-4.092289991037081
6109,-4.092289991037081
6110,-4.092289991037081
6111,-15.653420829791743
6112,-25.78191766402479
6113,-32.903623573379
6114,-34.34204264454229
6115,-32.14456337555877
6116,-29.076622064289598
6117,-10.098417939691313
6118,-10.098417939691313
6119,-31.691454581650234
6120,-33.26650640080984
6121,-33.26650640080984
6122,-10.301958881328549
6123,-51.43338985793141
6124,-25.02574714449079
6125,-24.27431627328429
6126,-22.281440038365982
6127,-28.116177701831106
6128,-28.253653805082592
6129,-23.22729985177005
6130,-18.700086261725833
6131,-25.529287335041065
6132,-13.288177354178352
6133,-15.213186217113027
6134,-10.772859953669162
6135,3.233499696312309
6136,-9.719339470834022
6137,-10.270820878862441
6138,-6.989013087857105
6139,-6.057902655918458
6140,-4.2740403454309455
6141,-4.2740403454309455
6142,-2.240395660128748
6143,2.259691764910409
6144,-1.3498808661478914
6145,-1.3498808661478914
6146,0.994581577837665
6147,-1.3498808661478914
6148,-1.3498808661478914
6149,-1.3498808661478914
6150,-1.3498808661478914
6151,-0.5631920601828826
6152,-0.5631920601828826
6153,-2.59683674548508
6154,-2.59683674548508
6155,-3.112772947135063
6156,-3.112772947135063
6157,-3.584789128410892
6158,-3.584789128410892
6159,-4.440196643568133
6160,-5.938142124085961
6161,-3.8887152355397157
6162,-4.088475258404363
6163,-6.807444159098776
6164,-5.855047628035821
6165,-5.675880629932814
6166,-6.388776752638528
6167,-19.090858398324503
6168,-12.970501346750252
6169,-1.4289267541204755
6170,0.30075755716640906
6171,1.1654330354923577
6172,1.1654330354923577
6173,-0.23245942598487834
6174,1.475600881592956
6175,1.9014587038984954
6176,0.6256320014629899
6177,2.970094445448546
6178,2.970094445448546
6179,2.691256145428381
6180,4.514621263022923
6181,4.514621263022923
6182,3.1560899689049617
6183,3.4095533126826107
6184,3.4095533126826107
6185,1.999436523286623
6186,1.999436523286623
6187,0.049374167211368225
6188,-0.5129656483087213
6189,-1.5616713211103042
6190,0.6853042701587206
6191,-2.2551929045919166
6192,-5.064489172054052
6193,-5.064489172054052
6194,-5.064489172054052
6195,-5.600240396872505
6196,-5.600240396872505
6197,-5.153011376675685
6198,-2.8314166447528697
6199,-4.56662915604283
6200,-4.56662915604283
6201,-4.56662915604283
6202,-2.0082048292471075
6203,-2.056728825668447
6204,-2.056728825668447
6205,-3.8673852448287205
6206,-3.8673852448287205
6207,-14.458139232733139
6208,-25.813183735536526
6209,-30.814393520468343
6210,-35.37945090213907
6211,-33.181971633155555
6212,-20.952972864881374
6213,-9.560774378128492
6214,-30.078264986651575
6215,-34.232383987937006
6216,-9.728549984530915
6217,-11.303601803690523
6218,-11.303601803690523
6219,-12.222003887304368
6220,-26.027390066852767
6221,-22.745582275847433
6222,-21.994151404640938
6223,-20.001275169722618
6224,-17.51742181331636
6225,-17.654897916567847
6226,-19.301404473845835
6227,-13.889495566298345
6228,-13.889495566298345
6229,-14.333506610047051
6230,-14.333506610047051
6231,-11.829410416819124
6232,-12.45505162198718
6233,-12.45505162198718
6234,-11.697845705231257
6235,-6.896018477465128
6236,-7.447499885493545
6237,-5.957245510562495
6238,-3.6645746545236375
6239,5.1591482723930175
6240,8.05623455178728
6241,8.05623455178728
6242,8.05623455178728
6243,8.05623455178728
6244,8.05623455178728
6245,8.05623455178728
6246,8.05623455178728
6247,2.216558315903993
6248,2.216558315903993
6249,2.2457005239872507
6250,2.2457005239872507
6251,14.494241010763043
6252,1.3416418207520557
6253,0.8696256394762256
6254,-0.9940611388036492
6255,2.015065288549276
6256,2.015065288549276
6257,3.7659677454365283
6258,9.428639436684852
6259,6.27889543205822
6260,3.5646381242393597
6261,3.0127301526317325
6262,4.252599906909537
6263,-23.416710539243663
6264,-21.19932346569097
6265,-26.196986328351628
6266,-24.838110714847303
6267,-24.93835613391315
6268,-24.93835613391315
6269,-27.496780460708866
6270,-24.62999941463749
6271,-12.073746337868753
6272,-9.153357685320318
6273,-13.329777712918666
6274,-8.910849687793563
6275,-5.140752958945138
6276,-6.459637057254734
6277,-6.459637057254734
6278,-6.459637057254734
6279,-7.016046156769073
6280,-11.440652656567222
6281,-12.491522533329503
6282,-20.721690409198036
6283,-20.721690409198036
6284,-23.39786785587254
6285,-16.498186863337942
6286,-12.50069783450234
6287,-13.414812293237476
6288,-11.005498563799089
6289,-6.580892064000937
6290,-8.029538831071628
6291,-8.565290055890083
6292,-8.096600051232285
6293,-8.096600051232285
6294,-3.237198306949579
6295,-4.022108068520317
6296,-2.6307938672387534
6297,-1.2329014057615184
6298,-3.043557824921792
6299,-4.042745262623545
6300,-6.365254586931518
6301,-3.806830260135799
6302,-2.231778440976191
6303,-12.8110788598437
6304,-14.85223016617329
6305,-33.98188176327617
6306,-45.94113833217976
6307,-41.5113547536938
6308,-42.537664931306644
6309,-41.61121243856402
6310,-40.6130461858021
6311,-40.980971278673266
6312,-27.081191823567366
6313,-4.1166443040860745
6314,-4.1166443040860745
6315,-46.21845213153919
6316,-36.19635993640662
6317,-12.548060799404864
6318,-12.622569433658832
6319,-12.622569433658832
6320,-14.260447768916979
6321,-15.37236557455935
6322,-15.509841677810833
6323,-11.862691965388805
6324,-12.306703009137511
6325,-11.680574942116547
6326,56.54306463462472
6327,-6.441940808585434
6328,-5.684734891829515
6329,-5.684734891829515
6330,-3.140512424979308
6331,-1.3601899970626914
6332,-3.9927715186674244
6333,-2.27209786884825
6334,-2.27209786884825
6335,3.8037801401524893
6336,5.837424825454687
6337,3.492962381469131
6338,3.492962381469131
6339,3.492962381469131
6340,3.492962381469131
6341,3.492962381469131
6342,3.492962381469131
6343,1.9351887434485846
6344,1.9351887434485846
6345,1.9351887434485846
6346,1.9351887434485846
6347,1.4192525417986017
6348,1.4192525417986017
6349,-1.1613514653177508
6350,1.2580541192061307
6351,0.4026466040488939
6352,0.4026466040488939
6353,0.5306202369239646
6354,0.3308602140593151
6355,-2.807562267685974
6356,-11.490899387855038
6357,-36.68596902492389
6358,-17.037132791672015
6359,-14.442950363264101
6360,-5.620037514712638
6361,-5.620037514712638
6362,-0.6812152811142461
6363,-0.37104743501364734
6364,-2.9294717618093706
6365,-2.9294717618093706
6366,-3.37670078200619
6367,-3.9152209266094595
6368,-9.422371117432359
6369,-5.071544296095554
6370,-4.314338379339634
6371,-1.2063185517086155
6372,-9.106146872903533
6373,-26.224423324648512
6374,-33.12410431718314
6375,-31.714028594458
6376,-29.801052220952354
6377,-27.456589776966798
6378,-27.456589776966798
6379,-36.79569327496699
6380,-36.79569327496699
6381,-33.22811567821991
6382,-29.801052220952354
6383,-29.801052220952354
6384,-24.999538236031224
6385,-26.156150614978696
6386,-26.156150614978696
6387,-3.2362507543659964
6388,-0.8917883103804394
6389,7.0080400108144705
6390,7.0080400108144705
6391,-1.4252773149868803
6392,3.8387492056058425
6393,6.4713307272105745
6394,6.4713307272105745
6395,-1.2543218784932415
6396,-0.9150424779710875
6397,6.884102772261184
6398,14.378076550890345
6399,0.5306548829419939
6400,4.953362229646492
6401,1.0773352173302715
6402,-10.870372459194495
6403,-13.281576846049326
6404,-18.285526707023568
6405,-16.561294117088057
6406,-4.960895306211338
6407,-15.384827288227724
6408,-9.328880787232947
6409,-6.047072996227609
6410,-8.88405399499024
6411,-36.0022696668915
6412,-36.90128430820186
6413,-7.66906379147401
6414,-7.269354305431279
6415,-38.102286666618404
6416,-15.587120023422347
6417,-12.04114675324056
6418,-12.793292309544952
6419,-30.918400295735907
6420,-6.755255334976515
6421,-6.755255334976515
6422,-6.755255334976515
6423,-4.361608270395359
6424,-4.361608270395359
6425,-4.361608270395359
6426,-5.179516163050198
6427,-2.4533122096036686
6428,-6.129520118110503
6429,-2.847712327105162
6430,-2.847712327105162
6431,3.854951465700436
6432,4.326967646976267
6433,4.326967646976267
6434,2.8962312259930925
6435,2.8962312259930925
6436,2.8962312259930925
6437,2.8962312259930925
6438,2.8962312259930925
6439,1.8803561729643063
6440,1.8803561729643063
6441,1.8803561729643063
6442,1.4083399916884765
6443,0.9661946853296539
6444,0.23667048910869062
6445,0.4290973678555664
6446,3.0335237098973504
6447,1.266208322954557
6448,0.8068479804855668
6449,0.8068479804855668
6450,0.8068479804855668
6451,-1.3561437053611995
6452,-8.90424596496338
6453,-8.861312854783659
6454,-13.020834904848522
6455,5.392447328200244
6456,5.805543747033897
6457,7.513604054611732
6458,4.066341891824597
6459,2.969856574546524
6460,2.0579487027609673
6461,-3.961783180378177
6462,2.0949266420107406
6463,-32.17275812338567
6464,-51.562036300966895
6465,-71.77296172814354
6466,-110.80451567799416
6467,-105.94342346445696
6468,-106.76397373186984
6469,-133.8610660735616
6470,-305.7174618807955
6471,-1498.2445918203148
6472,-2259.1968071893316
6473,-2552.703350411733
6474,-1912.5777199186732
6475,-1538.6591282785073
6476,-1561.6296608432415
6477,-1561.6296608432415
6478,-1561.6296608432415
6479,-1579.3411912627455
6480,-1579.3411912627455
6481,-1579.3411912627455
6482,-680.8636373612028
6483,-954.1243157824417
6484,-216.31649416897105
6485,-77.25204720372288
6486,-129.8107735585377
6487,-304.9923367580702
6488,-162.3693563412789
6489,-82.59558081755709
6490,-72.78444238534672
6491,-63.93882626832693
6492,-23.98098308486393
6493,-16.139332454089974
6494,-0.992929721964394
6495,-6.311274913101869
6496,-3.788703153621789
6497,-0.5226081858647573
6498,-8.681731537180225
6499,-17.953964128730163
6500,-16.56406654907009
6501,-15.100392798616877
6502,-17.67009868899923
6503,-15.407454170122625
6504,-19.103882795142187
6505,-21.366527314018793
6506,-17.634246121683585
6507,-19.437243350792784
6508,-6.080942082132508
6509,-5.411926730306143
6510,-7.156798609509594
6511,-3.761703395350715
6512,-6.383730360209962
6513,-6.383730360209962
6514,-6.5941162660691175
6515,-5.4429213606069355
6516,-20.92511241411216
6517,-19.280519308591213
6518,-6.454007979070366
6519,-4.914121374459696
6520,-4.914121374459696
6521,-1.6323135834543507
6522,-1.6323135834543507
6523,-1.1303014091082615
6524,-1.1303014091082615
6525,-1.1303014091082615
6526,-1.1303014091082615
6527,3.9485091012427587
6528,-0.09453588828687781
6529,-0.09453588828687781
6530,-0.09453588828687781
6531,-0.6362955387321163
6532,-0.6362955387321163
6533,-0.6362955387321163
6534,-0.6362955387321163
6535,-0.03488807085128448
6536,1.4016021005501922
6537,3.4983049913810564
6538,3.4983049913810564
6539,1.7172586026583303
6540,0.28076843125685363
6541,0.28076843125685363
6542,0.28076843125685363
6543,1.0564240772394937
6544,-0.3800660941619834
6545,1.0564240772394937
6546,1.0564240772394937
6547,0.43331899600339735
6548,-4.990709716059986
6549,-4.990709716059986
6550,-11.105351008273503
6551,0.09862195291519854
6552,0.09862195291519854
6553,1.8066822604930317
6554,-3.2161240725311706
6555,-4.187543858802279
6556,-3.826790180055509
6557,-14.116215047038013
6558,-22.051814613614333
6559,-42.90265444967008
6560,-76.63992568294978
6561,-127.66577189752184
6562,-163.40114071583477
6563,-126.23073510049592
6564,-127.38902515510574
6565,-210.11443175453152
6566,-585.1249575364059
6567,-636.2480159711332
6568,-2042.1523828525278
6569,-2056.3691995469967
6570,-2056.3691995469967
6571,-2006.9334436574047
6572,-2006.9334436574047
6573,-2006.9334436574047
6574,-2196.2524406320613
6575,-911.3039190359435
6576,-979.9702471244645
6577,-858.3581481898167
6578,-765.9480732649461
6579,-449.8883105940599
6580,-159.83430364292298
6581,-133.04600635925584
6582,-117.9158767759863
6583,-120.12912084751268
6584,-82.30798167825321
6585,-75.44491368824961
6586,-12.068081629771951
6587,-33.30589691686641
6588,-20.774198595624036
6589,-20.909259670876885
6590,-5.335386973299595
6591,-9.083761681497887
6592,-5.234672031444599
6593,-4.661054334793387
6594,-11.711100114209726
6595,-20.796802615933274
6596,-20.94679164088388
6597,-20.94679164088388
6598,-20.910939073568237
6599,-20.910939073568237
6600,-20.369179423122997
6601,-14.945150711059606
6602,-13.40526410644893
6603,-28.198933920239625
6604,-13.40526410644893
6605,-13.40526410644893
6606,-9.699948540290244
6607,-8.518420346290942
6608,-11.800228137296282
6609,-8.518420346290942
6610,-8.518420346290942
6611,-3.1065114387434734
6612,-3.1065114387434734
6613,-2.6344952574676443
6614,-1.965479905641277
6615,-1.965479905641277
6616,-3.371197091580355
6617,-3.371197091580355
6618,-3.371197091580355
6619,-3.24676334127618
6620,-1.4629010307886647
6621,-1.4629010307886647
6622,-1.4629010307886647
6623,3.7248209152022644
6624,3.7248209152022644
6625,2.7032696115076433
6626,4.799972502338508
6627,-2.410725509259211
6628,-2.410725509259211
6629,2.7032696115076433
6630,2.7032696115076433
6631,2.945716951372839
6632,4.52288472746969
6633,4.52288472746969
6634,2.945716951372839
6635,1.1646705626501141
6636,1.1646705626501141
6637,1.1646705626501141
6638,1.1646705626501141
6639,0.5038360372312762
6640,4.17770670415899
6641,4.17770670415899
6642,3.7556639482047904
6643,2.186704933972486
6644,-0.7083016998261695
6645,-0.7083016998261695
6646,-6.822942992039683
6647,5.625519506523394
6648,6.782131885470863
6649,7.840477019166051
6650,-29.64191972894285
6651,-29.64813659127831
6652,7.082782095375149
6653,6.689224263301585
6654,1.7228581130581933
6655,1.9399878318060486
6656,1.9399878318060486
6657,-7.295996218005537
6658,-12.436270787613562
6659,-38.98009946158555
6660,-42.21913332739354
6661,-68.75071259628757
6662,-75.74241221994276
6663,-75.48894887616511
6664,-75.48894887616511
6665,-75.48894887616511
6666,-49.66620316159926
6667,-49.66620316159926
6668,-49.66620316159926
6669,-49.66620316159926
6670,-49.242695386445924
6671,-45.80308634780096
6672,-35.50826578652913
6673,-16.45598098825228
6674,13.633384104107767
6675,13.633384104107767
6676,21.322981500385676
6677,-233.52122068993538
6678,-0.9476736291699401
6679,1.2570713901641442
6680,11.515511959043202
6681,12.98123733899554
6682,10.633829691070261
6683,-1.2629705015384547
6684,5.498381436647058
6685,8.135457372509785
6686,9.157008676204407
6687,-1.7469809023535436
6688,-1.1733632057023322
6689,-4.0728679677090165
6690,-12.999204615075378
6691,-13.047726106578594
6692,-13.047726106578594
6693,-13.044580274776695
6694,-13.044580274776695
6695,-13.044580274776695
6696,-11.504693670166024
6697,-11.504693670166024
6698,-8.222885879160685
6699,-23.59889540230521
6700,-11.504693670166024
6701,-9.451576157776785
6702,-9.451576157776785
6703,-9.451576157776785
6704,-9.451576157776785
6705,-7.846540188624142
6706,-9.028068382623438
6707,-6.897967266081307
6708,-18.580963508556117
6709,-6.897967266081307
6710,-3.1441432938001355
6711,-4.928005604287649
6712,-3.6859029442453735
6713,-3.6859029442453735
6714,-3.6859029442453735
6715,-1.7776068834536847
6716,-3.5614691939411984
6717,-3.5614691939411984
6718,-1.7776068834536847
6719,-3.26315685685393
6720,-1.1664539660230655
6721,-3.26315685685393
6722,-3.26315685685393
6723,-3.26315685685393
6724,-3.26315685685393
6725,-3.26315685685393
6726,-3.26315685685393
6727,-2.6617493889730985
6728,-2.6617493889730985
6729,-2.6617493889730985
6730,-1.8301566852149773
6731,-2.3460928868649593
6732,-2.3460928868649593
6733,-1.8100936822175537
6734,-1.8100936822175537
6735,-2.4709282076363914
6736,-2.942944388912223
6737,-4.0494252504361805
6738,-5.547370730954007
6739,-5.406057324010567
6740,-12.109321437081682
6741,-11.175775117224383
6742,-17.921149702321678
6743,-0.9524606070036422
6744,-0.5393641881699879
6745,-0.5393641881699879
6746,3.003115858299697
6747,0.4446915315039761
6748,-3.190473915164848
6749,-4.28695923244292
6750,-6.190855126040732
6751,-7.4416232899688355
6752,-2.54152584652739
6753,-2.54152584652739
6754,-15.062014973158362
6755,-27.951103732681446
6756,-30.683515492752356
6757,-44.73219789905767
6758,-44.73219789905767
6759,-43.16897389521585
6760,-42.70952116578869
6761,-49.91596252835385
6762,-49.49177688882546
6763,-49.49177688882546
6764,-51.315142006420004
6765,-44.532886283383235
6766,-44.532886283383235
6767,-44.47873455528002
6768,-44.47873455528002
6769,-40.913213868207976
6770,-27.697640388903796
6771,-27.10543130884426
6772,-27.10543130884426
6773,-3.6497802234131016
6774,-1.5548270407621865
6775,-11.214879522266974
6776,-11.214879522266974
6777,-8.852196626915356
6778,-0.7926622719099294
6779,-22.237405916145335
6780,-9.495171895605926
6781,0.09020354682461995
6782,3.5495754140453792
6783,-9.55471789084907
6784,-16.068547237915386
6785,-13.456496310371161
6786,-25.78191766402479
6787,-34.377807979777096
6788,-32.180328710793574
6789,-30.605276891633963
6790,-30.605276891633963
6791,-32.0525710266516
6792,-7.020151090323215
6793,-7.020151090323215
6794,-7.020151090323215
6795,-51.43338985793141
6796,-45.88234626968618
6797,-20.99250848227896
6798,-20.99250848227896
6799,-19.79758668195973
6800,-16.515778890954387
6801,-16.653254994205874
6802,-19.945492060764707
6803,-16.169660434941708
6804,-12.887852643936368
6805,-13.331863687685074
6806,-13.331863687685074
6807,-11.453408699625202
6808,-13.978010573874624
6809,-10.69620278286928
6810,-9.049239988039028
6811,-7.814688380631269
6812,-7.1654621112306565
6813,-4.5848581041143035
6814,-4.5848581041143035
6815,-1.3498808661478914
6816,-1.3498808661478914
6817,-0.08477067907514862
6818,-1.3498808661478914
6819,-1.3498808661478914
6820,-1.3498808661478914
6821,-1.3498808661478914
6822,-1.3498808661478914
6823,-2.9076545041684385
6824,-2.9076545041684385
6825,-2.9076545041684385
6826,-2.9076545041684385
6827,-5.336567079324065
6828,-7.445154905164588
6829,-5.2845895648356835
6830,-5.2845895648356835
6831,-6.500423543750061
6832,-8.147386338580311
6833,-8.904592255336233
6834,-8.90059334055291
6835,-5.4328852719493606
6836,-13.546433247272953
6837,-12.018955375839566
6838,-27.196385347113004
6839,-23.336535654238308
6840,-17.209558741028548
6841,-17.209558741028548
6842,-15.175269692877071
6843,-17.043326095613576
6844,-17.043326095613576
6845,-12.104503862015187
6846,-12.104503862015187
6847,-10.965343194587986
6848,-12.341084929010607
6849,-12.341084929010607
6850,-12.341084929010607
6851,-11.943603224200743
6852,-11.943603224200743
6853,-11.943603224200743
6854,-16.78723262631697
6855,-16.53376928253932
6856,-16.53376928253932
6857,-16.53376928253932
6858,-16.53376928253932
6859,-16.53376928253932
6860,-15.15802754811671
6861,-15.15802754811671
6862,-15.15802754811671
6863,-15.15802754811671
6864,-7.099718827124366
6865,-6.601489212796095
6866,-5.780834728814768
6867,-6.316585953633221
6868,-6.316585953633221
6869,-6.316585953633221
6870,-6.316585953633221
6871,-10.797746316943908
6872,-5.412976746654549
6873,-7.223633165814827
6874,-7.223633165814827
6875,-6.111625296917677
6876,-8.145914345069155
6877,-9.1162911959194
6878,-9.1162911959194
6879,-15.44112837799547
6880,-16.61929841691891
6881,-26.747795251151956
6882,-35.08843406576344
6883,-30.83685899738286
6884,-30.83685899738286
6885,-30.327934601897326
6886,-8.232941392924042
6887,-31.365264518807766
6888,-35.41555155795947
6889,-11.267836468455716
6890,-7.986028677450376
6891,-53.36964429590881
6892,-8.02179401268519
6893,-12.222003887304368
6894,-21.994151404640938
6895,-23.28308296072796
6896,-20.799229604321706
6897,-17.654897916567847
6898,-17.654897916567847
6899,-13.889495566298345
6900,-13.889495566298345
6901,-13.889495566298345
6902,-14.333506610047051
6903,-10.953107226686031
6904,-12.45505162198718
6905,-12.45505162198718
6906,-11.697845705231257
6907,-10.72930767649888
6908,-7.447499885493545
6909,-6.975483704217715
6910,-9.608065225822445
6911,1.579986007963491
6912,1.579986007963491
6913,1.579986007963491
6914,1.579986007963491
6915,3.492962381469131
6916,3.492962381469131
6917,3.492962381469131
6918,3.492962381469131
6919,1.9351887434485846
6920,1.9351887434485846
6921,1.9351887434485846
6922,1.9351887434485846
6923,1.4192525417986017
6924,1.4192525417986017
6925,1.4192525417986017
6926,1.4712300562869807
6927,-0.29608533065581255
6928,-1.8138422070615916
6929,-0.3666394350959895
6930,-2.7708081466821604
6931,-4.305507748203802
6932,-5.837547957038098
6933,-9.753225841830234
6934,-18.085838464473596
6935,-5.620037514712638
6936,-5.620037514712638
6937,-5.620037514712638
6938,1.026845026463588
6939,-2.9294717618093706
6940,-2.9294717618093706
6941,-4.603248450576529
6942,-4.603248450576529
6943,-2.8947930039107757
6944,-10.68430377723437
6945,-12.033735104471177
6946,-7.1336376610297245
6947,-2.7203668111056296
6948,-3.596670001238722
6949,-4.079509876502256
6950,-9.25220975312921
6951,-8.241540492595641
6952,-9.72756446212605
6953,-6.418175375001097
6954,-6.418175375001097
6955,-4.13340750103201
6956,-4.13340750103201
6957,-1.5321661188284015
6958,-2.2893720355843206
6959,-3.764267466261425
6960,-3.764267466261425
6961,-3.764267466261425
6962,-3.764267466261425
6963,-4.300018691079878
6964,-4.627051259108326
6965,-3.4005035905379875
6966,-1.1328861991233308
6967,-1.9177959606940693
6968,-1.9177959606940693
6969,2.573884582446875
6970,3.918657866675912
6971,2.4722414087773394
6972,3.8701338702545742
6973,4.617901777890022
6974,4.617901777890022
6975,-7.053788134622856
6976,-6.2278486291623905
6977,-16.72982204071092
6978,-23.887293285299936
6979,-25.325712356463217
6980,-32.945379755073006
6981,0.49296416754734496
6982,-10.899234319205544
6983,-24.21441077749598
6984,-24.21441077749598
6985,-7.918146781866653
6986,-8.094829990245865
6987,-32.15801025970092
6988,-26.606966671455698
6989,-1.717128884048469
6990,-1.717128884048469
6991,-7.609427342183677
6992,-11.528039086926364
6993,-9.178685507317638
6994,-14.890050781224847
6995,-9.478141873677377
6996,-11.376615680905823
6997,-18.048243905946947
6998,-7.65155116691913
6999,-9.334690001488438
7000,-10.246597873273995
7001,-10.246597873273995
7002,-6.541282307115314
7003,-7.502030079645924
7004,-3.7482061073647555
7005,-3.7482061073647555
7006,-4.160970065047796
7007,2.2765079578360505
7008,3.0714860659811762
7009,3.0714860659811762
7010,3.0714860659811762
7011,3.0714860659811762
7012,3.0714860659811762
7013,3.0714860659811762
7014,3.0714860659811762
7015,1.5137124279606295
7016,1.5137124279606295
7017,1.5137124279606295
7018,1.5137124279606295
7019,0.9977762263106464
7020,0.5257600450348163
7021,0.5257600450348163
7022,0.5257600450348163
7023,-1.2415553419079766
7024,-1.2415553419079766
7025,-1.6650631170613224
7026,-2.2511007257935924
7027,-4.062371026476595
7028,-11.47112374477917
7029,-7.302587112155572
7030,-14.996215083554054
7031,2.709471054327128
7032,9.577763678225377
7033,8.826332807018877
7034,8.826332807018877
7035,10.53439311459671
7036,7.078424523768777
7037,3.3845307525464094
7038,2.2880454352683377
7039,-4.464491548714107
7040,-9.214435822781082
7041,-3.4866797063354324
7042,-3.4866797063354324
7043,-7.807436421581474
7044,-28.32259033226199
7045,-42.450653657468926
7046,-42.450653657468926
7047,-47.06809862075975
7048,-64.23259015143375
7049,-68.27880577526004
7050,-79.92567701002329
7051,-83.89762624226213
7052,-83.89762624226213
7053,-86.34727399394828
7054,-87.39340141144932
7055,-87.39340141144932
7056,-87.39340141144932
7057,-85.04893896746377
7058,-82.59929121577763
7059,-85.47950488458163
7060,-77.33007782502528
7061,-56.975972926433535
7062,-41.7383312337545
7063,-75.17842260969869
7064,-56.63091839280838
7065,-52.80082615272689
7066,-23.899537249717667
7067,-31.295508622193466
7068,-25.60951890310361
7069,-24.294432503619753
7070,-7.246966130537014
7071,-13.622155850440041
7072,-11.476495481327355
7073,-7.053788134622856
7074,-7.053788134622856
7075,-23.599073009143442
7076,-14.928291002779668
7077,-11.93457226171286
7078,-11.265876619404766
7079,-14.367754536065593
7080,-13.921153537774508
7081,-9.328880787232947
7082,-6.491084039976315
7083,-36.89110750288291
7084,-6.917632920267516
7085,-6.71787289740286
7086,-9.879844972561145
7087,-28.01198977051526
7088,-15.3229545442459
7089,-12.793292309544952
7090,-12.167164242523988
7091,-10.110854021273008
7092,-34.260937551643835
7093,-8.570967416662342
7094,-5.253307058341357
7095,-8.535114849346696
7096,-5.253307058341357
7097,-4.82979928318801
7098,-4.82979928318801
7099,-6.203311013401664
7100,-2.9215032223963227
7101,-2.9215032223963227
7102,-2.4494870411204928
7103,5.056078629401605
7104,3.790968442328862
7105,3.790968442328862
7106,3.790968442328862
7107,5.056078629401605
7108,5.056078629401605
7109,1.6317873364274817
7110,3.790968442328862
7111,2.2331948043083134
7112,2.2331948043083134
7113,2.2331948043083134
7114,3.4983049913810564
7115,1.7172586026583303
7116,2.253257807305736
7117,0.2832961455120797
7118,1.7812416260299062
7119,-1.484019241430714
7120,-1.484019241430714
7121,-1.9075270165840608
7122,-1.4974571123046405
7123,-9.12033007753044
7124,-9.746458144551404
7125,-13.504338612188333
7126,-11.23928944494204
7127,0.007572706650205485
7128,4.480539456414687
7129,6.601696182826173
7130,3.5072726513830474
7131,1.042890645154567
7132,2.199503024102037
7133,-1.9163329654392947
7134,2.9837644780021537
7135,6.639419907951853
7136,-6.76990705467053
7137,-32.546975460349444
7138,-32.546975460349444
7139,-42.08792033966133
7140,-43.58454619553192
7141,-43.58454619553192
7142,-50.36680191856869
7143,-58.581793543793715
7144,-66.14986980058708
7145,-66.14986980058708
7146,-66.14986980058708
7147,-66.14986980058708
7148,-58.581793543793715
7149,-50.113338574791044
7150,-43.404873747045436
7151,-42.04096135887805
7152,-36.09538915272385
7153,-26.75628565472365
7154,-26.75628565472365
7155,-27.292036879542103
7156,-3.836385794110951
7157,1.9316017718071639
7158,6.356208271605313
7159,-1.0555577505014198
7160,5.76454157657791
7161,5.76454157657791
7162,5.095526224751547
7163,-1.178084274220178
7164,-1.2740639032052188
7165,5.6260667057166955
7166,8.184491032512414
7167,-4.871524637278095
7168,0.463090581211961
7169,0.463090581211961
7170,-9.124483071584255
7171,-16.958296591970914
7172,-17.00681808347413
7173,-15.359855288643878
7174,-10.751111559614701
7175,-16.80705806060948
7176,-19.069702579486083
7177,-10.751111559614701
7178,-17.76885157001212
7179,-37.34311355449166
7180,-48.5104275013063
7181,-26.97386286016405
7182,-12.11493764853172
7183,-41.202998130515375
7184,-12.325323554390874
7185,-11.663342920054266
7186,-12.205102570499506
7187,-34.22508498432819
7188,-8.535114849346696
7189,-5.253307058341357
7190,-4.711547407896119
7191,-4.711547407896119
7192,-4.288039632742772
7193,-4.288039632742772
7194,-4.288039632742772
7195,-2.5100615071634684
7196,-0.05718384484958827
7197,-0.05718384484958827
7198,-1.1303014091082615
7199,-5.8883646439853825
7200,1.0832833976868028
7201,1.0832833976868028
7202,1.0832833976868028
7203,2.1584349848230464
7204,1.0832833976868028
7205,0.06173209399218155
7206,0.06173209399218155
7207,0.6631395618730132
7208,0.6631395618730132
7209,0.6631395618730132
7210,0.6631395618730132
7211,2.0003473676757726
7212,2.0003473676757726
7213,2.0003473676757726
7214,2.0003473676757726
7215,1.3395128422569367
7216,1.3395128422569367
7217,1.3395128422569367
7218,-3.865805790296358
7219,-4.707620951042544
7220,-4.707620951042544
7221,-8.465501418679473
7222,-8.786676276015887
7223,-0.9861859710177665
7224,-0.9861859710177665
7225,-3.1855565606860687
7226,-1.4774962531082338
7227,-2.549298891078968
7228,-3.64578420835704
7229,-4.069291983510385
7230,-4.069291983510385
7231,-2.36083653684463
7232,-2.36083653684463
7233,-2.36083653684463
7234,-2.36083653684463
7235,10.618449039724204
7236,11.506348170032606
7237,11.506348170032606
7238,2.0758354061210533
7239,-30.84141271831451
7240,-31.467540785335473
7241,-31.467540785335473
7242,-13.092783218370514
7243,-11.960573214117483
7244,1.4935122612430345
7245,-14.669155826884278
7246,-14.043027759863312
7247,-14.043027759863312
7248,-12.647539461333979
7249,-12.647539461333979
7250,3.5151286267933357
7251,9.835575888568023
7252,11.199488276735405
7253,17.275726796931142
7254,16.8522190217778
7255,2.9389888609091206
7256,2.9389888609091206
7257,-2.7901833132903926
7258,1.6344231865077576
7259,-11.89323262807619
7260,-12.781131758384591
7261,-4.328015794207261
7262,-3.2315304769291906
7263,-7.872986679226281
7264,-9.083761681497887
7265,-4.661054334793387
7266,-4.661054334793387
7267,-20.898270149380664
7268,-20.94679164088388
7269,-20.87300074559272
7270,-20.87300074559272
7271,-20.87300074559272
7272,-12.167164242523988
7273,-12.167164242523988
7274,-12.240955137815149
7275,-38.13295985458063
7276,-10.701068533204474
7277,-10.66521596588883
7278,-10.66521596588883
7279,-13.87323286160301
7280,-37.59980861682049
7281,-11.056755131435732
7282,-11.056755131435732
7283,-8.962506582209244
7284,-5.680698791203908
7285,-8.962506582209244
7286,-5.172830042612435
7287,-27.211901455833043
7288,-6.956692353099949
7289,-5.172830042612435
7290,-5.172830042612435
7291,-32.12570123501635
7292,-32.12570123501635
7293,-4.566114000019595
7294,-32.53846519269939
7295,5.338806246532861
7296,6.603916433605604
7297,6.603916433605604
7298,1.5385493087900897
7299,4.512489396037849
7300,1.571992221287211
7301,-0.19158179123480945
7302,-0.19158179123480945
7303,3.09204860315487
7304,3.09204860315487
7305,-0.5311477811741432
7306,3.86517979947967
7307,6.9724399821587015
7308,3.969252755654589
7309,8.857559327056347
7310,8.857559327056347
7311,5.852262357651951
7312,5.852262357651951
7313,0.9639557862501951
7314,-0.6228156319756983
7315,-0.6228156319756983
7316,-0.6228156319756983
7317,-12.190340191307264
7318,-10.008433918768418
7319,-6.321542238219306
7320,-6.62719602146347
7321,-46.36376805510947
7322,-43.33034411646267
7323,-5.8151639759090985
7324,-13.549159562832207
7325,-15.99231428589325
7326,-27.382865381199395
7327,-67.61630278948797
7328,-99.76023903404926
7329,-128.0694009770019
7330,-146.58580281060603
7331,-137.45100500187723
7332,-127.10092559057333
7333,-395.9068785569676
7334,-1058.0379791470684
7335,-428.8381984088883
7336,-319.7288207107562
7337,-197.2056268675183
7338,-295.5860443569166
7339,-404.74439772121735
7340,-323.3325992855367
7341,-294.2679639958423
7342,-427.520118047814
7343,-182.04321765044068
7344,-125.0578607233359
7345,-121.1631538928018
7346,-103.03326614356752
7347,-86.99673491777146
7348,-78.84698429757549
7349,-78.84698429757549
7350,-54.05673021759346
7351,-75.16626877472028
7352,-39.883247638703175
7353,-32.728464658294506
7354,-29.750870547514765
7355,-23.715512914595188
7356,-23.715512914595188
7357,-25.429856890477073
7358,-10.2834541583515
7359,-17.293021307196998
7360,-9.989176982847962
7361,-4.291939066516907
7362,-3.673403248850203
7363,-13.471598396827808
7364,-20.22993994253414
7365,-16.51532491019413
7366,-16.51532491019413
7367,-5.1110008778671006
7368,-1.3548936038573105
7369,0.9543018552763067
7370,1.8721750835715902
7371,-34.22102490242936
7372,-36.041393416368166
7373,-14.288249934960362
7374,-15.083228043105485
7375,-37.74827939629885
7376,-10.96514851926376
7377,-10.96514851926376
7378,-10.96514851926376
7379,-8.835047402721626
7380,-30.198518737716135
7381,-7.533467384522782
7382,-3.779643412241612
7383,-23.1192467438107
7384,-6.284812195433141
7385,-4.500949884945627
7386,-4.500949884945627
7387,-4.3765161346414505
7388,-4.3765161346414505
7389,-2.5926538241539387
7390,-2.5926538241539387
7391,0.21699050104958717
7392,0.21699050104958717
7393,0.21699050104958717
7394,0.21699050104958717
7395,0.21699050104958717
7396,0.21699050104958717
7397,0.21699050104958717
7398,0.21699050104958717
7399,-1.34078313697096
7400,-1.34078313697096
7401,-1.34078313697096
7402,-3.3060705489885263
7403,-3.82200675063851
7404,-3.82200675063851
7405,-3.82200675063851
7406,-3.8578593179541536
7407,-4.9314578010560295
7408,-4.9314578010560295
7409,-5.474220286156899
7410,-16.895330112345928
7411,-12.930362973668817
7412,-13.505482311103982
7413,-25.361964898964473
7414,-13.671223268136085
7415,2.330997343005846
7416,1.618101220300133
7417,1.4011526649432913
7418,-1.908702533058932
7419,-7.84291844887638
7420,-12.212666430064534
7421,-11.885633862036087
7422,-15.019239416943396
7423,-7.653480610080268
7424,-6.825821937076067
7425,-6.825821937076067
7426,-22.187213452853285
7427,-21.740402109708434
7428,-33.59866063491774
7429,-33.59866063491774
7430,-51.16810421304121
7431,-51.93233325278218
7432,-51.93233325278218
7433,-51.93233325278218
7434,-51.18423987595338
7435,-51.18423987595338
7436,-51.18423987595338
7437,-51.18423987595338
7438,-51.18423987595338
7439,-43.661589125171986
7440,-31.803976878285134
7441,-28.37691342101758
7442,-28.37691342101758
7443,-28.91266464583603
7444,-15.920161485936918
7445,-18.028749311777442
7446,-14.423369034072758
7447,-16.528169898252102
7448,-17.903911632674728
7449,-12.504076052022954
7450,-9.25595157375607
7451,-17.47762632164996
7452,-19.96562121602186
7453,-10.279412423788521
7454,-8.292717564567543
7455,-20.481493060068622
7456,-20.481493060068622
7457,-15.653420829791743
7458,-14.078369010632134
7459,-25.932682418616373
7460,-34.34204264454229
7461,-32.14456337555877
7462,-9.180015856077471
7463,-31.691454581650234
7464,-7.020151090323215
7465,-10.301958881328549
7466,-30.832455799506384
7467,-51.43338985793141
7468,-20.99250848227896
7469,-20.99250848227896
7470,-16.515778890954387
7471,-19.935062785211215
7472,-16.653254994205874
7473,-18.299761551483858
7474,-18.299761551483858
7475,-13.331863687685074
7476,-13.331863687685074
7477,-11.681527954427628
7478,-12.307169159595686
7479,-10.69620278286928
7480,-9.049239988039028
7481,-9.600721396067444
7482,-9.600721396067444
7483,-5.973840781855737
7484,-5.973840781855737
7485,-8.606422303460468
7486,-8.606422303460468
7487,-3.262857239653532
7488,-3.262857239653532
7489,-3.262857239653532
7490,-3.262857239653532
7491,-1.997747052580789
7492,-3.262857239653532
7493,-3.262857239653532
7494,-3.262857239653532
7495,-4.820630877674081
7496,-4.820630877674081
7497,-4.820630877674081
7498,-4.820630877674081
7499,-5.336567079324065
7500,-5.336567079324065
7501,-5.336567079324065
7502,-5.2845895648356835
7503,-7.051904951778476
7504,-6.500423543750061
7505,-6.500423543750061
7506,-16.209246390869662
7507,-18.075756079705236
7508,-22.85347907847
7509,-26.805471790513582
7510,-19.17627049428634
7511,-11.582936432524336
7512,-10.626306996153003
7513,-11.08681147849657
7514,-12.484703939973807
7515,-12.931932960170629
7516,-16.19660093495827
7517,-23.08856744424964
7518,-18.73774062291283
7519,-24.655520625992988
7520,-40.95741287301708
7521,-54.555463949828045
7522,-56.45935984342585
7523,-69.93309469212271
7524,-91.2741994389588
7525,-107.93774464015794
7526,-103.58267795616345
7527,-97.92711384719213
7528,-98.59390774804822
7529,-97.80648628792922
7530,-101.3433925077306
7531,-92.82740779173513
7532,-92.26809568271347
7533,-93.57785634277764
7534,-101.49779304146942
7535,-96.70047120207767
7536,-91.77861226622292
7537,-99.4103148849639
7538,-101.1632709621258
7539,-101.71899172898163
7540,-92.50837662827864
7541,-68.97209237086398
7542,-52.43560476770661
7543,-74.08076695432305
7544,-68.22599301658605
7545,-53.57734077718521
7546,-31.329852818271604
7547,-47.90157818404688
7548,-46.510263982765316
7549,-28.467086574722245
7550,-29.52631212267602
7551,-36.40381311590893
7552,-33.8453887891132
7553,-34.42388139082629
7554,-20.4780940896828
7555,-26.23730813900857
7556,-31.212191207929994
7557,-26.782407629444027
7558,-4.736262193576588
7559,-28.894895497073147
7560,-28.855095376129967
7561,-28.855095376129967
7562,-9.169196247472827
7563,-54.58857720116608
7564,-51.68360190908688
7565,-21.994151404640938
7566,-17.51742181331636
7567,-17.51742181331636
7568,-17.654897916567847
7569,-19.301404473845835
7570,-19.301404473845835
7571,-17.171303357303685
7572,-14.079870830347952
7573,-11.806867686656512
7574,-12.683170876789605
7575,-36.59345853818793
7576,-11.436813428331964
7577,-10.679607511576043
7578,-8.38693665553719
7579,-26.918081972218296
7580,-3.6645746545236375
7581,-3.6645746545236375
7582,-0.767488375129376
7583,8.05623455178728
7584,9.321344738860022
7585,5.423653030182547
7586,7.53224085602307
7587,3.993109245287915
7588,2.7279990582151727
7589,3.2161339260886326
7590,1.1075461002481104
7591,3.5278901992508884
7592,4.437141436205629
7593,5.96388332974711
7594,-5.160718667976167
7595,11.40895430451705
7596,10.884930879890398
7597,4.872322541202943
7598,3.3189554997102997
7599,5.445639265530306
7600,5.445639265530306
7601,6.02519925527547
7602,2.7806645665704557
7603,-14.328305604235528
7604,-17.836628107536598
7605,-21.589826727527637
7606,-20.457254172931165
7607,-7.130771742615294
7608,-20.785706152730235
7609,-21.537137023936737
7610,-21.984366044133555
7611,-15.566087580298518
7612,-20.605103539686745
7613,-28.469574296457175
7614,-39.79035882485099
7615,-31.18730083843709
7616,-29.48899461404433
7617,-46.60885069610617
7618,-78.42222717425096
7619,-57.222772059190696
7620,-69.56613865440627
7621,-72.12785703773528
7622,-72.12785703773528
7623,-59.718314719752364
7624,-68.30504531930023
7625,-68.30504531930023
7626,-80.32162935580537
7627,-86.84902667698121
7628,-75.21414023457494
7629,-64.32551650294779
7630,-64.32551650294779
7631,-63.19755619806981
7632,-58.40023435867807
7633,-55.389722838791606
7634,-55.389722838791606
7635,-53.36375568028105
7636,-48.842630282394985
7637,-41.73933064033975
7638,-18.17861934950104
7639,-38.83049550611029
7640,-26.60818616372194
7641,-13.20915579582241
7642,4.684178419541313
7643,-8.629857296319306
7644,1.6940883133408517
7645,-0.11656810581942789
7646,15.781265497512656
7647,13.687838299437574
7648,35.78257046287109
7649,-4.506946612797062
7650,-41.57184033690896
7651,-35.381103277084904
7652,-51.378534324956625
7653,-35.41094349288773
7654,-35.41094349288773
7655,-36.711381317545225
7656,-43.33255078515583
7657,-34.75699500191615
7658,-20.04892078848884
7659,-59.231651913831904
7660,-12.038605150880135
7661,-21.37277174633273
7662,49.759116184577984
7663,-33.30815874839212
7664,-16.59656857697647
7665,2.2941406524123455
7666,0.17584525231122428
7667,-3.1204155907381357
7668,-4.860993966677732
7669,0.947452747718148
7670,1.2515350807982408
7671,-2.2028224278494597
7672,-26.10374130064856
7673,-3.935276194794072
7674,-1.0290773754726896
7675,1.2143353509375694
7676,-23.70387734369225
7677,-23.70387734369225
7678,-23.70387734369225
7679,-5.224337234021728
7680,-6.419452448285637
7681,3.8633343886914537
7682,2.8450961950362346
7683,2.8450961950362346
7684,4.758072568541876
7685,7.10253501252743
7686,5.068890327225232
7687,1.148433793853071
7688,0.17582146198134987
7689,3.765574933813241
7690,2.7788226150333726
7691,0.9977762263106464
7692,0.9977762263106464
7693,-6.877790944280657
7694,0.20279811816551988
7695,-2.015234111363936
7696,-2.015234111363936
7697,-1.1564275608703256
7698,-8.841505033797198
7699,-6.420628123256422
7700,-10.948491729620072
7701,-10.027326334800406
7702,-1.314224502153357
7703,1.8376221892078797
7704,5.468376759384333
7705,7.115339554214585
7706,5.5135446637902
7707,17.01918105897094
7708,5.5135446637902
7709,2.969856574546524
7710,2.969856574546524
7711,3.4638761167382364
7712,3.4638761167382364
7713,-0.34943184011460815
7714,3.3362296988527955
7715,5.61659085347961
7716,5.61659085347961
7717,-0.8784230304610869
7718,-4.187812117586046
7719,-12.591244159279615
7720,-27.389999859239552
7721,-27.389999859239552
7722,-25.47865244327125
7723,-25.47865244327125
7724,-32.45507304591983
7725,-32.45507304591983
7726,-40.76332814742565
7727,-41.891288452303634
7728,-44.21270577255135
7729,-44.21270577255135
7730,-32.35509352566451
7731,-29.46378129321541
7732,-29.46378129321541
7733,-29.46378129321541
7734,-5.598060303504834
7735,-27.434695926130914
7736,-3.099014353362546
7737,-3.099014353362546
7738,3.052069621890418
7739,-18.786609497915396
7740,-1.054561855628591
7741,0.39264091633701015
7742,8.306682862873638
7743,-1.6884797077989333
7744,-3.1520097151007658
7745,-2.0825635008299446
7746,-6.005082461821274
7747,-16.62813185438082
7748,-25.037492080306723
7749,-24.204467612503663
7750,-22.740793862050445
7751,-25.290645302519934
7752,-23.926190501339487
7753,-16.65580809587067
7754,-13.37400030486533
7755,-43.06345080931129
7756,-23.174262571733966
7757,-39.555312616752495
7758,-41.19319095201064
7759,-38.59954292120999
7760,-34.67702396021865
7761,-10.402924838906523
7762,-9.733920791941316
7763,-17.110391715958702
7764,-4.103530691244813
7765,-5.574419659380978
7766,-9.393472353313795
7767,-35.22734468963811
7768,-34.81613919997374
7769,-9.028111989975523
7770,-34.3926314248204
7771,-33.69051896183821
7772,-31.30779334236151
7773,-27.00171342505941
7774,-4.230488399653421
7775,4.690411894852299
7776,5.95552208192504
7777,-3.522898754857428
7778,-3.522898754857428
7779,5.545452177645621
7780,5.545452177645621
7781,-3.522898754857428
7782,-3.522898754857428
7783,-5.922884572466001
7784,-5.922884572466001
7785,-5.922884572466001
7786,-5.922884572466001
7787,-3.6128953506663946
7788,-3.6128953506663946
7789,2.253257807305736
7790,1.7812416260299062
7791,0.01392623908711288
7792,-1.0739493371512943
7793,0.0004883682131864298
7794,-7.580443472919771
7795,-9.12033007753044
7796,-12.035998365579344
7797,-10.626540465360131
7798,-3.9490245999532587
7799,0.8497848862382296
7800,1.7154036741646363
7801,3.630175437196797
7802,3.5072726513830474
7803,1.042890645154567
7804,2.199503024102037
7805,2.199503024102037
7806,2.2353555914176804
7807,4.318002587704133
7808,4.318002587704133
7809,4.318002587704133
7810,-8.202486538926843
7811,-3.480307017778987
7812,-26.93595810321014
7813,-26.93595810321014
7814,-42.220633807364536
7815,-41.96717046358689
7816,-41.96717046358689
7817,-41.96717046358689
7818,-41.96717046358689
7819,-43.331082851754275
7820,-43.331082851754275
7821,-41.96717046358689
7822,-41.96717046358689
7823,-30.109558216700027
7824,-26.68249475943249
7825,-26.68249475943249
7826,-16.84231659214725
7827,-4.175691317653444
7828,0.07287974913119832
7829,3.3822688362561535
7830,7.806875336054301
7831,-0.6264419897470503
7832,5.524641985505914
7833,4.778099510837865
7834,4.742246943522222
7835,-2.7836456393169464
7836,-2.7836456393169464
7837,4.32413245089163
7838,4.32413245089163
7839,-5.261551020317607
7840,-6.035771114055041
7841,-1.812823790215191
7842,2.120444497137414
7843,-5.34236026985948
7844,-14.614592861409415
7845,-11.721625939887325
7846,-11.721625939887325
7847,-16.79468073871571
7848,-11.409911168426358
7849,-10.576294973267427
7850,-12.811820100241079
7851,-6.3038854995299705
7852,-6.393519116900448
7853,-4.16831232480032
7854,-4.16831232480032
7855,-6.582327817007027
7856,-12.804632782762997
7857,-9.849093455799654
7858,-18.110341830291294
7859,-35.334473041850785
7860,-9.414588082597371
7861,-4.48581749676178
7862,-30.07142718492811
7863,-32.32601877336896
7864,-31.91481328370459
7865,-32.90166429602847
7866,-29.242664486535766
7867,-27.326024237266967
7868,-23.019944319964868
7869,-27.326024237266967
7870,-27.326024237266967
7871,-4.022066985195848
7872,-4.022066985195848
7873,-6.055711670498048
7874,-6.055711670498048
7875,-8.418394565849663
7876,-8.418394565849663
7877,-8.418394565849663
7878,-8.418394565849663
7879,-9.976168203870207
7880,-10.948780535741927
7881,-7.35902706391004
7882,-8.345779382689907
7883,-6.888775429566075
7884,-6.888775429566075
7885,0.8889505830998501
7886,-7.683753537711202
7887,-7.270989580028162
7888,-7.270989580028162
7889,-4.873956911543828
7890,-4.50133616781597
7891,-4.50133616781597
7892,-8.2592166354529
7893,-8.580391492789314
7894,-3.098896179389901
7895,0.5879955011592151
7896,0.5879955011592151
7897,0.5879955011592151
7898,-0.7983677227060781
7899,-1.904848584230035
7900,-3.4248416766614542
7901,-3.4248416766614542
7902,-2.5360038406700416
7903,-2.195445082954692
7904,-1.8810448835952474
7905,-1.0967834296951304
7906,-2.118334733389751
7907,2.065922314834879
7908,-5.66807327208823
7909,1.7165657353348933
7910,1.7165657353348933
7911,-5.1244810655538835
7912,-5.1244810655538835
7913,-31.030372181403195
7914,-56.92650479313911
7915,-37.729292098385976
7916,-37.729292098385976
7917,-27.82558030963839
7918,-31.064614175446394
7919,-45.83090798056603
7920,-46.79349669133952
7921,-46.79349669133952
7922,-30.438486108425426
7923,-45.83090798056603
7924,-30.438486108425426
7925,-14.159554638741229
7926,-14.159554638741229
7927,-43.61627582535472
7928,-8.720482719484385
7929,-18.34945685786076
7930,-18.34945685786076
7931,-11.89323262807619
7932,-11.89323262807619
7933,-12.781131758384591
7934,-5.509543988206561
7935,-27.92856734197538
7936,-6.716374300278815
7937,-8.542002031052647
7938,-4.661054334793387
7939,-10.596954442923453
7940,-21.52439821640163
7941,-21.572919707904845
7942,-21.572919707904845
7943,-21.572919707904845
7944,-28.34927425834134
7945,-12.240955137815149
7946,-12.205102570499506
7947,-40.04819938154004
7948,-10.66521596588883
7949,-10.12345631544359
7950,-10.12345631544359
7951,-28.198933920239625
7952,-27.787728430575257
7953,-8.518420346290942
7954,-6.620714715848481
7955,-19.284283413097032
7956,-3.031105081689472
7957,-2.6145229942400845
7958,-2.1425068129642546
7959,-3.9263691234517695
7960,-14.413959019940362
7961,-3.9263691234517695
7962,-3.9263691234517695
7963,-14.788605244093363
7964,-14.788605244093363
7965,-14.788605244093363
7966,-18.210879158453658
7967,1.7316301482768568
7968,12.330726513910967
7969,23.008265727567768
7970,23.008265727567768
7971,23.008265727567768
7972,27.318438772236465
7973,27.318438772236465
7974,27.318438772236465
7975,29.13805388819851
7976,24.82788084352981
7977,24.82788084352981
7978,24.82788084352981
7979,15.906122585820285
7980,15.571493015681192
7981,15.571493015681192
7982,15.571493015681192
7983,15.245288060401442
7984,4.646191694767343
7985,4.646191694767343
7986,-0.7083016998261695
7987,4.972396650047091
7988,0.24765293749364398
7989,1.1105253031176754
7990,9.172807868655342
7991,11.092304930139564
7992,11.092304930139564
7993,8.185484274988681
7994,2.882421221669942
7995,2.882421221669942
7996,2.882421221669942
7997,3.6666826755700592
7998,3.6666826755700592
7999,16.866778686212047
8000,36.89874294999067
8001,32.474136450192525
8002,28.741239587914222
8003,19.240293195515605
8004,19.240293195515605
8005,19.240293195515605
8006,19.240293195515605
8007,19.493756539293255
8008,19.493756539293255
8009,19.493756539293255
8010,19.493756539293255
8011,19.620611757450085
8012,22.53834412079641
8013,19.493756539293255
8014,19.493756539293255
8015,19.493756539293255
8016,19.493756539293255
8017,19.9172643144466
8018,19.9172643144466
8019,19.9172643144466
8020,19.9172643144466
8021,19.9172643144466
8022,19.9172643144466
8023,5.580526378424581
8024,11.270291891089874
8025,4.275960704023221
8026,4.275960704023221
8027,-20.747762777984388
8028,-10.240121383681918
8029,3.032521423232947
8030,3.241107610202617
8031,-5.039992855935685
8032,-5.039992855935685
8033,465.5018474345448
8034,-0.6172855092311855
8035,-4.74548054985397
8036,-12.579294070240621
8037,-14.167702166354509
8038,-14.167702166354509
8039,-14.167702166354509
8040,-12.627815561743835
8041,-16.30397990987148
8042,-16.30397990987148
8043,-18.79915955768955
8044,-7.116163315214734
8045,-3.834355524209392
8046,-7.116163315214734
8047,-18.79915955768955
8048,-21.16274339865344
8049,-21.16274339865344
8050,-9.479747156178618
8051,-4.06783824863115
8052,-15.75083449110596
8053,-17.318652359717788
8054,-16.907446870053423
8055,-15.34869069792414
8056,-15.34869069792414
8057,-15.34869069792414
8058,-15.34869069792414
8059,-14.66908491574855
8060,-14.66908491574855
8061,-14.66908491574855
8062,-14.66908491574855
8063,-9.151171012510286
8064,-9.151171012510286
8065,-9.151171012510286
8066,-9.151171012510286
8067,-9.151171012510286
8068,-9.151171012510286
8069,-11.002691323019693
8070,-12.513110230673778
8071,-11.911702762792945
8072,-11.911702762792945
8073,-10.475212591391468
8074,-10.475212591391468
8075,-9.054061205583277
8076,-9.054061205583277
8077,-8.212246044837089
8078,-8.51806200093587
8079,-7.676246840189683
8080,-7.676246840189683
8081,-13.467292034329908
8082,-11.676982747972517
8083,-11.676982747972517
8084,-20.380398519926192
8085,-18.15828246285962
8086,-8.8310910528015
8087,-1.1284023202893416
8088,1.2640560221144916
8089,-2.741571076646835
8090,-2.741571076646835
8091,-2.283529158208076
8092,-2.283529158208076
8093,-6.476311669898251
8094,-9.609111568335354
8095,-20.42114524830058
8096,-42.84019505257891
8097,-56.96825837778584
8098,-56.96825837778584
8099,-45.273735746999776
8100,-60.52444643903921
8101,-78.53820117840816
8102,-94.1871825397893
8103,-96.14108862975363
8104,-85.4486737395616
8105,-99.92026932467596
8106,-99.92026932467596
8107,-106.68495396142643
8108,-106.68495396142643
8109,-89.66258401862727
8110,-90.68027640214589
8111,-95.60213533800064
8112,-95.60213533800064
8113,-94.85404196117183
8114,-94.85404196117183
8115,-90.86522019804593
8116,-90.86522019804593
8117,-92.1749808581101
8118,-92.1749808581101
8119,-118.2816904067194
8120,-109.71655653813224
8121,-84.40496979747687
8122,-70.32394048374533
8123,-80.155613200413
8124,-77.42217068125271
8125,-49.04787103074812
8126,-44.65126294469591
8127,-73.22368381189924
8128,-54.05593890844779
8129,-35.40217019354695
8130,-33.814122717601464
8131,-18.450140989707975
8132,-24.559787138121806
8133,-29.534670207043234
8134,-25.78076470708205
8135,-27.89325257471117
8136,-29.382107281112354
8137,-34.4496739708323
8138,-25.02574714449079
8139,-50.68195898672491
8140,-24.27431627328429
8141,-14.02840761356772
8142,-10.17270414504763
8143,-31.302844736416667
8144,-7.164437820215935
8145,-15.932347665749205
8146,-17.435957120845003
8147,-15.106095981438212
8148,-11.963005640778254
8149,-11.87050708828107
8150,-13.31525468075963
8151,-37.02278324082436
8152,-37.02278324082436
8153,-37.02278324082436
8154,-36.611577751159984
8155,-32.715865038749655
8156,-32.715865038749655
8157,-28.409785121447555
8158,-28.409785121447555
8159,-8.797487258941217
8160,-8.797487258941217
8161,-7.9556720981950315
8162,-8.797884277783055
8163,-9.639699438529242
8164,-8.797884277783055
8165,-8.797884277783055
8166,-7.909046441791642
8167,-0.3984691473091412
8168,-1.6635793343818852
8169,-1.6635793343818852
8170,-1.6635793343818852
8171,-2.179515536031867
8172,-8.045668694003997
8173,-2.179515536031867
8174,-8.045668694003997
8175,-4.810311723244365
8176,-5.916792584768321
8177,-11.9639263780678
8178,-11.9639263780678
8179,-17.297546017631042
8180,-18.667608750096946
8181,-10.065795121997983
8182,-7.653171960796857
8183,-3.084154351821402
8184,-4.905930467586747
8185,-6.957216054981575
8186,-6.957216054981575
8187,-5.9051800581254
8188,-5.9051800581254
8189,-29.34283276110463
8190,-46.4839846704166
8191,-57.79993673702819
8192,-68.40490111529874
8193,-93.48848201970891
8194,-123.07833127134067
8195,-95.04112596272937
8196,-108.03169806044727
8197,-181.87677706946513
8198,-110.01235835391778
8199,-105.57407613667614
8200,-110.49593507253088
8201,-134.62046905673054
8202,-134.62046905673054
8203,-105.76935911669153
8204,-105.76935911669153
8205,-105.76935911669153
8206,-105.76935911669153
8207,-100.84750018083679
8208,-100.84750018083679
8209,-100.84750018083679
8210,-100.84750018083679
8211,-87.21077704807249
8212,-89.07312236439742
8213,-78.47404755315493
8214,-49.95345462342604
8215,-76.03778506604847
8216,-69.96429376957599
8217,-64.00405315649017
8218,-32.41736906660442
8219,-34.299285623620456
8220,-28.176853722436967
8221,-26.891076811319028
8222,-11.744674079193446
8223,-33.4649987412908
8224,-14.811230026389953
8225,-13.2097716392148
8226,-5.96304078826527
8227,-5.96304078826527
8228,-17.504615380895046
8229,-26.590317882618592
8230,-25.200420302958527
8231,-26.236591329901785
8232,-27.135605971212144
8233,-26.378400054456225
8234,-15.393682967625852
8235,-16.840885739591457
8236,-19.066403536269235
8237,-17.552844148198933
8238,-14.048726888746083
8239,-30.157046009272282
8240,-30.29452211252377
8241,-32.57414554026154
8242,-16.465826419735347
8243,-14.3357253031932
8244,-11.05391751218786
8245,-11.05391751218786
8246,-9.514030907577196
8247,-11.942078238612048
8248,-8.660270447606715
8249,-13.648823967258298
8250,-10.367016176252962
8251,-6.813926457332408
8252,-6.740135562041249
8253,-6.740135562041249
8254,-6.740135562041249
8255,4.280341990572878
8256,4.280341990572878
8257,4.280341990572878
8258,4.280341990572878
8259,4.280341990572878
8260,4.280341990572878
8261,5.545452177645621
8262,4.280341990572878
8263,2.7225683525523303
8264,2.7225683525523303
8265,2.7225683525523303
8266,2.7225683525523303
8267,2.6167020551817672
8268,2.6167020551817672
8269,2.5808494878661237
8270,2.5808494878661237
8271,1.4479987811714574
8272,-0.5172886308461071
8273,-10.383284670661416
8274,-10.806792445814763
8275,-15.192651646276806
8276,-11.992538388996476
8277,-4.218556311637374
8278,-4.175623201457653
8279,3.1968653802380773
8280,5.077313874068067
8281,16.314123624974933
8282,3.429157708448145
8283,-3.7687782837936896
8284,-5.1951351530011864
8285,-5.1951351530011864
8286,-21.624403337576652
8287,-37.44706210334238
8288,-45.20908705671534
8289,-61.248920837929155
8290,-71.98697596933788
8291,-72.92562730364676
8292,-71.60158232303968
8293,-85.2411330352709
8294,-85.2411330352709
8295,-81.56055711389486
8296,-81.56055711389486
8297,-81.56055711389486
8298,-81.56055711389486
8299,-80.24247675282056
8300,-73.20911052781334
8301,-75.07145584413827
8302,-82.11184893529584
8303,-73.58888110678811
8304,-66.49865046409323
8305,-48.17735136432814
8306,-40.16854797272102
8307,-41.86091157648695
8308,-26.57623587233253
8309,-14.717977347123234
8310,-4.614502481225511
8311,-9.921923758550774
8312,-2.937223588138873
8313,-2.3735680598615105
8314,-3.1307739766174296
8315,-7.122093811610422
8316,0.22526581750831465
8317,2.4722414087773394
8318,6.428558197050297
8319,-11.476495481327355
8320,-11.476495481327355
8321,-7.053788134622856
8322,-0.5433102832948671
8323,-10.11765400305283
8324,-24.21155257484626
8325,-22.014073305862752
8326,-16.329534959995232
8327,-18.954965867546566
8328,-17.491292117093348
8329,-14.55079494234272
8330,-16.41342101011724
8331,-32.15801025970092
8332,-31.40657938849442
8333,-25.855535800249196
8334,-7.609427342183677
8335,-29.577944273021433
8336,-17.621423314697612
8337,-11.06759148995169
8338,-9.71079256188103
8339,-4.860736608000732
8340,-6.466213586596431
8341,-7.100069758890716
8342,-6.11166456230846
8343,-9.45161976512887
8344,-6.964790082268661
8345,-6.541282307115314
8346,-6.541282307115314
8347,-5.53206841785227
8348,-3.7482061073647555
8349,-3.7482061073647555
8350,-3.7482061073647555
8351,3.954382102591832
8352,2.689271915519089
8353,2.725124482834733
8354,2.725124482834733
8355,2.725124482834733
8356,2.725124482834733
8357,4.690411894852299
8358,4.280341990572878
8359,2.7225683525523303
8360,2.7225683525523303
8361,2.7225683525523303
8362,2.7225683525523303
8363,2.206632150902348
8364,1.364419971314324
8365,2.253257807305736
8366,2.253257807305736
8367,1.1204071006110699
8368,0.01392623908711288
8369,-7.121083130450779
8370,-6.738231293331746
8371,-10.971561765414219
8372,-10.000412398339167
8373,-3.991957710132978
8374,-3.9490245999532587
8375,2.557845193816063
8376,3.630175437196797
8377,3.630175437196797
8378,2.0579487027609673
8379,1.5219494981135615
8380,-3.961783180378177
8381,2.0949266420107406
8382,2.0949266420107406
8383,5.750582071960442
8384,-8.202486538926843
8385,-8.202486538926843
8386,-8.202486538926843
8387,-2.458755714084362
8388,-2.458755714084362
8389,-3.480307017778987
8390,-3.480307017778987
8391,-16.84231659214725
8392,-26.75628565472365
8393,-26.75628565472365
8394,-26.75628565472365
8395,-26.75628565472365
8396,-25.868386524415254
8397,-25.868386524415254
8398,-11.069630824455313
8399,-11.351174838141066
8400,-50.41597347244412
8401,-33.19016953362825
8402,-34.855303926481035
8403,-19.844116425079033
8404,-13.877764266003886
8405,-8.17267780628163
8406,-14.139029965356773
8407,-34.97675356949433
8408,-11.587871327723187
8409,-14.353007109973237
8410,-6.804395008609138
8411,-7.603380152693346
8412,-7.597163290357886
8413,-7.597163290357886
8414,-0.03194645648896188
8415,-7.778362967491004
8416,-6.19323468443007
8417,-3.6348103576343482
8418,0.9478851003717055
8419,1.8985470390144537
8420,-7.675796680743508
8421,-16.797351749782692
8422,-15.407454170122625
8423,-16.56406654907009
8424,-15.100392798616877
8425,-16.56406654907009
8426,-15.100392798616877
8427,-18.8267110679467
8428,-10.27231801758159
8429,-5.97024632352966
8430,-8.735382105779708
8431,-30.170836078339136
8432,-10.850394802599974
8433,-15.962265789933582
8434,-12.054329931907278
8435,-17.83707718096914
8436,-2.705431147713026
8437,-2.705431147713026
8438,-2.705431147713026
8439,-4.407118784617552
8440,-1.1253109936122103
8441,-1.1253109936122103
8442,-0.65329481233638
8443,-13.299393243465483
8444,-8.993313326163385
8445,0.1748541812003176
8446,12.55781285732195
8447,15.137271097647577
8448,13.040568206816722
8449,13.040568206816722
8450,17.350741251485424
8451,23.466645173697362
8452,13.040568206816722
8453,19.156472129028664
8454,11.883955827869254
8455,13.641975674697544
8456,13.641975674697544
8457,13.641975674697544
8458,13.641975674697544
8459,12.801019797858224
8460,18.26780522147438
8461,18.26780522147438
8462,18.26780522147438
8463,17.606970696055555
8464,17.606970696055555
8465,9.344879390113416
8466,-1.254216975520698
8467,-4.822348309126677
8468,-4.146006033329043
8469,5.645662324739072
8470,5.645662324739072
8471,7.565159386223292
8472,9.273219693801124
8473,6.021391782827611
8474,3.5618534137943354
8475,3.5618534137943354
8476,3.5618534137943354
8477,2.051434506140252
8478,5.149244319987164
8479,7.745598896961321
8480,6.434191991499573
8481,6.434191991499573
8482,5.892432341054335
8483,2.065922314834879
8484,2.065922314834879
8485,-2.3586841849632716
8486,-5.66807327208823
8487,-5.414609928310581
8488,-5.414609928310581
8489,-5.928011779286555
8490,-5.928011779286555
8491,-5.928011779286555
8492,-5.040112648978155
8493,-15.642204662266572
8494,-17.00611705043395
8495,-31.80487275039387
8496,-31.81108961272933
8497,-211.10432564514295
8498,-35.69992459655544
8499,-42.25659216438422
8500,-42.25659216438422
8501,-58.11434409736291
8502,-39.48288835941431
8503,-34.04570072015234
8504,-35.99089734796952
8505,-24.411014950575257
8506,-22.169985869875305
8507,-21.724306611577134
8508,-22.3933219634035
8509,-22.3933219634035
8510,-8.461355135751965
8511,-50.071730803800925
8512,-11.838042950963779
8513,-11.838042950963779
8514,-7.883299427299194
8515,-10.665993331882659
8516,-14.638666982997787
8517,-23.04802720892368
8518,-19.877935608068462
8519,-20.652155701805892
8520,-20.652155701805892
8521,-20.652155701805892
8522,-20.85054793994018
8523,-39.98780824791198
8524,-39.98780824791198
8525,-13.29295842774902
8526,-12.985042774603109
8527,-38.837932278399556
8528,-10.840861349630588
8529,-10.191605052549336
8530,-12.011973566488141
8531,-6.6000646589406715
8532,-6.6000646589406715
8533,-6.6000646589406715
8534,-5.141296158884972
8535,-28.190299313690392
8536,-6.720654306483255
8537,-7.877289170746377
8538,-7.877289170746377
8539,-32.55596801307973
8540,-5.94662689341155
8541,-4.162764582924036
8542,-1.800081687572418
8543,3.8037801401524893
8544,3.8037801401524893
8545,3.8037801401524893
8546,5.068890327225232
8547,-6.055711670498048
8548,2.706207431873617
8549,2.706207431873617
8550,2.706207431873617
8551,-1.2446366980976564
8552,-5.277902986706093
8553,-6.250515318577814
8554,-2.627318934248798
8555,-2.7331852316193608
8556,-0.20275796114814204
8557,0.44649833593311017
8558,-7.4759058872592545
8559,-7.298845333845494
8560,-7.298845333845494
8561,-7.298845333845494
8562,-8.093823441990617
8563,-11.438939951944503
8564,-9.794827397263353
8565,-4.313332083863945
8566,-3.098896179389901
8567,2.296055808737049
8568,-0.26236851805867256
8569,-1.894853039984151
8570,-3.109288944458195
8571,-2.3250274905580777
8572,-2.3250274905580777
8573,-12.329316811198767
8574,-13.018262668174719
8575,-17.88770522532059
8576,-46.956989598156404
8577,-45.498730430187756
8578,-70.0443380282484
8579,-63.56064868507172
8580,-91.81645589638859
8581,-99.38453215318198
8582,-106.48783179523728
8583,-189.15262716267725
8584,-113.761701586478
8585,-101.19851287656093
8586,-101.19851287656093
8587,-101.19851287656093
8588,-94.09521323450562
8589,-81.44908530313138
8590,-58.27132976639536
8591,-60.63401266174698
8592,-57.86308694066737
8593,-48.13783674209889
8594,-31.12836273436593
8595,-32.28497511331341
8596,-8.829324027882247
8597,-8.663491293610443
8598,-8.663491293610443
8599,-24.639136974977646
8600,-3.2117290572357238
8601,-3.2117290572357238
8602,-3.2117290572357238
8603,-24.345994163043066
8604,-8.365975235758553
8605,-4.947895186557664
8606,1.9522354223642524
8607,-12.231497332285114
8608,-12.621169478698407
8609,-6.971391555513637
8610,-7.384155513196676
8611,-16.585321435240587
8612,-23.317425140968254
8613,-25.942828263552006
8614,-24.55293068389194
8615,-23.757952575746817
8616,-23.757952575746817
8617,-22.31074980378121
8618,-21.47713360862227
8619,-39.74748999021158
8620,-39.74748999021158
8621,-12.985012746922468
8622,-15.502032174200405
8623,-15.448544737982411
8624,-12.81596321637768
8625,-9.534155425372337
8626,-12.166736946977068
8627,-25.782000840727036
8628,-2.528493523032392
8629,-4.312355833519907
8630,-32.4325432020147
8631,-4.019195507047464
8632,-33.49175911554986
8633,-7.716034191040621
8634,-7.716034191040621
8635,-31.583463054758166
8636,-4.023875819761419
8637,-4.023875819761419
8638,-4.023875819761419
8639,5.455622701154465
8640,7.368599074660108
8641,9.713061518645667
8642,7.82794217374802
8643,5.465259278396403
8644,5.594755435897439
8645,5.594755435897439
8646,5.255189445958103
8647,-1.9048342830409162
8648,7.617872341309719
8649,3.9946759569807058
8650,7.101936139659737
8651,7.101936139659737
8652,2.213629568257982
8653,7.101936139659737
8654,6.441101614240899
8655,6.441101614240899
8656,1.8789999981188914
8657,1.8789999981188914
8658,-12.032987005198233
8659,-10.487213223929299
8660,-9.851080732659387
8661,-11.89265185208938
8662,-8.20576017154027
8663,-46.23427189760843
8664,-46.23427189760843
8665,-40.72805471346971
8666,-5.8151639759090985
8667,-5.8151639759090985
8668,-15.456315081245844
8669,-15.456315081245844
8670,-23.2661541377963
8671,-41.77161028030342
8672,-53.29341140692982
8673,-92.40655686947002
8674,-92.28605383644782
8675,-108.32258506224386
8676,-127.47402411517278
8677,-137.45100500187723
8678,-1272.7858089397666
8679,-1272.7858089397666
8680,-1411.2985946299352
8681,-1411.2985946299352
8682,-1409.9805142688608
8683,-1439.3640303554039
8684,-1462.9681110429635
8685,-1446.2745353002995
8686,-1449.6968092146597
8687,-1399.8462509289943
8688,-1341.08547078352
8689,-1263.2448974556344
8690,-122.31868627069012
8691,-120.07651800756479
8692,-120.07651800756479
8693,-102.43676111467155
8694,-112.31202414519818
8695,-97.98913276264001
8696,-73.19887868265798
8697,-36.90565352792345
8698,-52.42316586247955
8699,-52.42316586247955
8700,-28.06630119453948
8701,-22.565525357056206
8702,-39.99730255577541
8703,-21.83445950686344
8704,-15.962818976797037
8705,-14.222317152584273
8706,-10.887523188403975
8707,-13.05635357837518
8708,-20.213824822964202
8709,-16.024652488281834
8710,-16.024652488281834
8711,-19.913992773490328
8712,-10.328870228683108
8713,-14.049156684058936
8714,-33.40512707154083
8715,-12.691553124034723
8716,-12.691553124034723
8717,-10.90769081354721
8718,-35.76780996689245
8719,-35.76780996689245
8720,-14.497781651065381
8721,-9.77342216582723
8722,-28.572376114543733
8723,-3.712256961198502
8724,-6.246632603177402
8725,-6.246632603177402
8726,-8.214517446056316
8727,-29.93657679812539
8728,-29.93657679812539
8729,-8.214517446056316
8730,-6.306221385264631
8731,-3.438960504803498
8732,-5.472605190105695
8733,-6.306221385264631
8734,3.168532175114141
8735,3.168532175114141
8736,3.168532175114141
8737,3.168532175114141
8738,5.202176860416338
8739,5.202176860416338
8740,5.202176860416338
8741,5.202176860416338
8742,3.644403222395792
8743,3.644403222395792
8744,3.644403222395792
8745,3.644403222395792
8746,5.491149916097423
8747,5.491149916097423
8748,5.491149916097423
8749,5.491149916097423
8750,4.830315390678588
8751,5.958275695556572
8752,3.298867425053006
8753,3.298867425053006
8754,-10.674940275031016
8755,-9.315696583588476
8756,-6.238395382474306
8757,-2.902794809552879
8758,4.460129111700216
8759,4.0722149356788675
8760,4.0722149356788675
8761,7.20038075011698
8762,9.321205015377855
8763,7.621587239075741
8764,7.621587239075741
8765,5.665038971111536
8766,8.649321120212795
8767,8.261406944191444
8768,6.736344746707155
8769,6.736344746707155
8770,11.299079462459337
8771,11.299079462459337
8772,11.299079462459337
8773,13.6435419064449
8774,13.89700525022255
8775,13.89700525022255
8776,10.406362049992941
8777,10.406362049992941
8778,10.089221816610708
8779,10.089221816610708
8780,10.089221816610708
8781,11.253034688804338
8782,11.253034688804338
8783,12.562795348868514
8784,12.562795348868514
8785,13.839824279510532
8786,13.766033384219371
8787,13.766033384219371
8788,13.766033384219371
8789,13.766033384219371
8790,10.903938773320881
8791,10.903938773320881
8792,11.445698423766121
8793,11.445698423766121
8794,4.688227125223816
8795,4.688227125223816
8796,4.688227125223816
8797,11.588357734145733
8798,-1.7875033962196927
8799,-2.456518748046059
8800,-2.456518748046059
8801,1.9661885986584402
8802,1.9661885986584402
8803,-8.555122090924746
8804,-17.640824592648293
8805,-16.25092701298822
8806,-14.711040408377544
8807,-18.605914836015288
8808,-13.179592442751963
8809,-9.897784651746619
8810,-8.669094373130518
8811,-7.487566179131221
8812,-6.8185508273048585
8813,-6.8185508273048585
8814,-5.35904230968798
8815,-7.891668391563528
8816,-6.581907731499361
8817,-6.581907731499361
8818,-0.013386445004416075
8819,0.4586297362714139
8820,0.4586297362714139
8821,0.4586297362714139
8822,0.4586297362714139
8823,-1.3252325742160989
8824,-1.3252325742160989
8825,0.6071729476325206
8826,12.084079759216724
8827,12.084079759216724
8828,12.084079759216724
8829,12.084079759216724
8830,19.978120108533822
8831,19.978120108533822
8832,15.667947063865125
8833,15.667947063865125
8834,19.978120108533822
8835,19.978120108533822
8836,19.978120108533822
8837,19.978120108533822
8838,18.4828246855838
8839,18.4828246855838
8840,23.81304799404696
8841,21.7163451032161
8842,21.897668433858158
8843,21.897668433858158
8844,10.283609157687268
8845,4.130894626538182
8846,2.3635792395953885
8847,-4.560688634185751
8848,-2.2057008111586933
8849,-2.2057008111586933
8850,-10.783688538653546
8851,4.576885333745515
8852,13.094040223996464
8853,14.330033521845548
8854,22.68812162797077
8855,20.129697301175042
8856,20.129697301175042
8857,23.43556864754539
8858,20.403074913951677
8859,7.102792461351338
8860,13.571836388331896
8861,53.59332389485731
8862,56.56448986154205
8863,28.739623783402866
8864,18.69786412812093
8865,25.607726150076704
8866,0.37838757059193245
8867,-19.336283391771747
8868,-9.661113109446285
8869,-9.661113109446285
8870,-4.977654507459328
8871,-4.977654507459328
8872,-4.977654507459328
8873,-4.977654507459328
8874,2.0614823609536477
8875,-15.935081728419542
8876,-9.132355938945597
8877,-54.973430452861514
8878,-56.97164891893437
8879,-66.80294134995441
8880,-58.33448638095167
8881,-24.221370768283542
8882,-43.90175565200963
8883,-56.14849878572139
8884,-55.11392102063741
8885,-41.92359272232436
8886,-48.93842058054501
8887,-45.48034028902425
8888,-2.293178971145574
8889,3.9814524334137635
8890,-11.290363874325273
8891,-12.565607106251784
8892,11.34636714280796
8893,10.458468012499559
8894,-12.05172930850496
8895,6.602039406395875
8896,6.16528484089725
8897,5.496269489070883
8898,10.384978545747938
8899,0.9971649158163629
8900,-8.746792844940263
8901,-10.185211916103544
8902,-5.291197076990629
8903,-7.941107833685233
8904,-8.07858393693672
8905,-16.65620143411818
8906,-15.124753468492596
8907,-15.088900901176952
8908,-15.630660551622192
8909,-13.092870021289547
8910,-12.094743067124112
8911,-12.094743067124112
8912,-12.094743067124112
8913,-15.376550858129455
8914,-6.68283415957664
8915,-6.68283415957664
8916,-6.21081797830081
8917,-6.21081797830081
8918,-6.21081797830081
8919,-6.21081797830081
8920,-6.21081797830081
8921,-6.21081797830081
8922,-3.0559535453649245
8923,-3.0559535453649245
8924,-3.0559535453649245
8925,-3.0559535453649245
8926,4.723616364126376
8927,4.723616364126376
8928,5.259615568773781
8929,7.41879667467516
8930,6.529958838683748
8931,6.529958838683748
8932,6.529958838683748
8933,6.603749733974907
8934,5.814397380251223
8935,5.814397380251223
8936,5.814397380251223
8937,5.814397380251223
8938,5.672678515565019
8939,5.672678515565019
8940,5.200662334289189
8941,2.596235992247406
8942,1.5118936916752244
8943,-2.6128204187930373
8944,0.9971879962120097
8945,-3.5865805613105333
8946,12.110234548201651
8947,21.092798115029893
8948,24.32109979830792
8949,27.08623558055797
8950,32.481187568684916
8951,32.12596358973217
8952,32.12596358973217
8953,26.840775581326252
8954,24.237767688987862
8955,19.69812631817366
8956,20.45533223492958
8957,15.775840717110881
8958,19.938912482253198
8959,18.30050761102884
8960,17.878544412531724
8961,19.599218062350896
8962,23.354474647654804
8963,23.354474647654804
8964,19.490633363589797
8965,19.490633363589797
8966,19.744096707367447
8967,21.657073080873086
8968,21.657073080873086
8969,21.657073080873086
8970,21.657073080873086
8971,24.001535524858646
8972,24.001535524858646
8973,20.042559852690516
8974,25.0011373853652
8975,23.906401136755516
8976,20.275646566579066
8977,18.80075113590196
8978,17.19858579108169
8979,14.412930947063652
8980,14.412930947063652
8981,9.835693086482511
8982,14.058716927296457
8983,8.681420040812101
8984,8.681420040812101
8985,8.681420040812101
8986,9.02963684601411
8987,11.397337490860856
8988,10.366474027077054
8989,20.321293777210695
8990,15.509348826816792
8991,14.752142910060874
8992,21.9988737610104
8993,21.9988737610104
8994,21.9988737610104
8995,12.050665019441915
8996,2.9649625177183787
8997,2.42985123444377
8998,-1.07965407399645
8999,5.122725388321774
9000,1.076128969299258
9001,-11.322552606317341
9002,-15.246970526956849
9003,-15.246970526956849
9004,-9.807586703304962
9005,-9.881377598596123
9006,-8.34149099398545
9007,-8.305638426669807
9008,-8.305638426669807
9009,-8.305638426669807
9010,-2.470221743968985
9011,-2.470221743968985
9012,-1.9982055626931545
9013,-1.9982055626931545
9014,-3.7820678731806683
9015,-1.9982055626931545
9016,-3.7820678731806683
9017,-1.9982055626931545
9018,-0.08990950190146585
9019,-0.08990950190146585
9020,1.091618692097833
9021,1.091618692097833
9022,2.455533488966777
9023,2.455533488966777
9024,2.455533488966777
9025,7.040338128941653
9026,4.507712047066103
9027,4.507712047066103
9028,7.040338128941653
9029,2.9972931394120157
9030,3.5987006072928476
9031,3.5987006072928476
9032,4.493431128249088
9033,4.493431128249088
9034,4.809087630357227
9035,4.809087630357227
9036,4.337071449081397
9037,1.7326451070396132
9038,0.6483028064674305
9039,-1.8812721133235837
9040,-1.4712022090441634
9041,-5.855210743702055
9042,7.124329957800383
9043,14.617320343359998
9044,15.193238944354961
9045,16.058857732281368
9046,20.292624486912228
9047,18.670010397992208
9048,25.53881285880836
9049,23.603254489270217
9050,19.063613118456015
9051,14.947777128914685
9052,19.00566239276811
9053,17.367257521543742
9054,19.0757129682095
9055,18.054161664514883
9056,18.054161664514883
9057,18.054161664514883
9058,22.238418712739506
9059,22.238418712739506
9060,22.238418712739506
9061,22.238418712739506
9062,22.491882056517156
9063,22.491882056517156
9064,22.491882056517156
9065,22.491882056517156
9066,22.491882056517156
9067,30.502649130961238
9068,29.33010041990676
9069,29.33010041990676
9070,30.217999550215158
9071,39.201225897484136
9072,21.58755557826076
9073,20.475637772618388
9074,18.873472427798106
9075,3.5836356074971145
9076,-1.4864203677227619
9077,2.2726227739864258
9078,1.1679787061955527
9079,1.1679787061955527
9080,1.1679787061955527
9081,5.1331684755479134
9082,0.9857071733689526
9083,6.049093505807068
9084,18.427620320078063
9085,15.982010984522734
9086,2.402446689709242
9087,6.116841002735594
9088,11.440401111781366
9089,13.060078402250484
9090,16.813770397128614
9091,16.813770397128614
9092,27.506022443667142
9093,-3.002888203300361
9094,-4.223481290770156
9095,-5.335399096412529
9096,-2.6964635630953104
9097,-8.701203169240108
9098,-8.701203169240108
9099,-8.075075102219143
9100,-8.075075102219143
9101,-8.075075102219143
9102,-6.535188497608469
9103,-5.353660303609172
9104,-5.353660303609172
9105,-4.684644951782805
9106,-2.1310360600873195
9107,-7.5573584533506315
9108,-2.765639928177919
9109,-2.765639928177919
9110,-2.765639928177919
9111,-2.765639928177919
9112,-2.765639928177919
9113,-3.9943302067940194
9114,-2.086034146002329
9115,0.44659193587321944
9116,-1.0129165817436578
9117,-1.6819319335700214
9118,0.28116554913828634
9119,0.28116554913828634
9120,0.28116554913828634
9121,0.28116554913828634
9122,1.7176557205397642
9123,1.7176557205397642
9124,1.7176557205397642
9125,1.7176557205397642
9126,2.319063188420596
9127,2.319063188420596
9128,2.319063188420596
9129,2.319063188420596
9130,-1.588622310555194
9131,-2.6951031720791514
9132,-2.6951031720791514
9133,-2.708541042953077
9134,-4.284280214879394
9135,-0.3894057872416633
9136,-0.17332167467460458
9137,6.78936380048069
9138,9.011479857547265
9139,17.437069116516795
9140,20.20220489876684
9141,22.94853250944425
9142,34.05567457943988
9143,27.86208480597534
9144,27.86208480597534
9145,25.494384161128593
9146,19.050846896716582
9147,19.8351083506167
9148,19.353315858339798
9149,11.431474582609551
9150,7.264139406665522
9151,-9.384448685656237
9152,-35.60954563659503
9153,-87.53261851921248
9154,-64.76009244396691
9155,-105.34347571402454
9156,-85.37392506871124
9157,-110.43667093299261
9158,-140.8955666717379
9159,-142.70310044064868
9160,-150.3096307816997
9161,-142.70310044064868
9162,-71.3330194786551
9163,-53.109312704513094
9164,-53.109312704513094
9165,-53.109312704513094
9166,-41.066372204310525
9167,-35.6658123250553
9168,-23.690811112241214
9169,20.001542113837278
9170,18.551654913087575
9171,39.46095700749461
9172,40.80230788612479
9173,44.78990423831438
9174,1.5318984028597777
9175,211.9157065751509
9176,17.059680836547244
9177,27.573539093185165
9178,25.56814873002552
9179,27.935849374872276
9180,27.18935382379331
9181,26.323735035866903
9182,10.002175139985376
9183,12.767310922235422
9184,12.767310922235422
9185,14.424882486689874
9186,17.190018268939923
9187,5.191713971878494
9188,0.10733241966529328
9189,-1.331086651497987
9190,-2.8204902004719417
9191,-2.8204902004719417
9192,-9.738664491762972
9193,-8.207216526137394
9194,-2.8848221079592427
9195,-2.8848221079592427
9196,-2.8848221079592427
9197,-12.185870886446677
9198,-8.29099645880895
9199,-9.447608837756416
9200,-9.447608837756416
9201,-9.02410106260307
9202,-3.6121921550555967
9203,-2.539074590796923
9204,-1.7978032076193675
9205,-2.466818559445733
9206,-2.870920771878041
9207,-3.794461010293996
9208,-3.2631030964805627
9209,-3.2631030964805627
9210,-1.3548070356888733
9211,-1.3548070356888733
9212,-1.3548070356888733
9213,-2.0238223875152377
9214,-0.6423746892776687
9215,-0.6423746892776687
9216,0.794115482123809
9217,0.794115482123809
9218,0.794115482123809
9219,0.794115482123809
9220,0.794115482123809
9221,0.794115482123809
9222,0.5066851140132282
9223,1.0426843186606338
9224,1.0426843186606338
9225,1.0426843186606338
9226,2.4638357044688237
9227,2.4638357044688237
9228,3.306047884056848
9229,3.306047884056848
9230,4.229588122472802
9231,4.229588122472802
9232,4.229588122472802
9233,0.4717076548358772
9234,0.3370628873258595
9235,5.632028110898879
9236,5.632028110898879
9237,7.340088418476712
9238,7.932556567582696
9239,7.932556567582696
9240,7.610337159958859
9241,6.446524287765233
9242,-2.6570799887460304
9243,-35.05937843485355
9244,-62.788614187392774
9245,-106.22908755814554
9246,-114.31371626391028
9247,-112.79143423272589
9248,-152.78682181741584
9249,-366.2340736925892
9250,-483.5746572842816
9251,-465.6753373567932
9252,-1076.0126469829636
9253,-1793.6199185326288
9254,-1791.3707786393468
9255,-1791.3707786393468
9256,-1791.3707786393468
9257,-1791.3707786393468
9258,-1756.581610837416
9259,-1756.581610837416
9260,-1756.581610837416
9261,-1756.581610837416
9262,-1756.1581030622626
9263,-961.4069207037867
9264,-961.4069207037867
9265,-1189.8551391795734
9266,-476.6029324249162
9267,-267.63972649708427
9268,-127.6080759020072
9269,-117.69340968390543
9270,-221.06998546914394
9271,-95.17284551888558
9272,-110.54227396688574
9273,-76.15283407312404
9274,-97.4933877146334
9275,-31.6605877298531
9276,-19.00544303099011
9277,-12.320404779163638
9278,-41.6696621502155
9279,-26.52325941808992
9280,-4.192827392429639
9281,-1.6344030656339164
9282,2.14089568912821
9283,2.7145133857794215
9284,-4.299679826321278
9285,-13.385382328044814
9286,-11.995484748384749
9287,-11.995484748384749
9288,-11.571976973231402
9289,-11.571976973231402
9290,-15.466851400869134
9291,-9.498769357160585
9292,-7.528807695366926
9293,-4.5634171908801155
9294,-7.528807695366926
9295,-6.347279501367628
9296,-4.5634171908801155
9297,-4.5634171908801155
9298,1.1931532756230925
9299,0.1117898825546502
9300,-1.672072427932862
9301,-2.5956126663488175
9302,-4.1270606319744
9303,-4.1270606319744
9304,-4.1270606319744
9305,-4.1270606319744
9306,-2.7605242216279495
9307,-2.7605242216279495
9308,-2.7605242216279495
9309,-2.7605242216279495
9310,5.39665854261361
9311,5.39665854261361
9312,5.39665854261361
9313,5.39665854261361
9314,1.9743846282533097
9315,1.9743846282533097
9316,1.9743846282533097
9317,1.9743846282533097
9318,3.7939997442153546
9319,3.7939997442153546
9320,9.474698094088613
9321,30.75133367337952
9322,25.80511889019961
9323,24.437222201249202
9324,24.437222201249202
9325,24.437222201249202
9326,24.437222201249202
9327,24.437222201249202
9328,24.437222201249202
9329,19.712478488695755
9330,8.261578585938476
9331,8.261578585938476
9332,8.261578585938476
9333,9.969638893516308
9334,7.7102200622896335
9335,5.7473276901234245
9336,19.401120304229394
9337,19.401120304229394
9338,19.401120304229394
9339,19.401120304229394
9340,5.6923583174640635
9341,-19.883425768724354
9342,-31.9067662803123
9343,-50.53894054181385
9344,-82.77086730420892
9345,-108.87844878235595
9346,-115.76700479242696
9347,-100.82645676237003
9348,-100.1514902311786
9349,-104.69948414522281
9350,-103.60863430655061
9351,-128.08481299091582
9352,-128.08481299091582
9353,-128.08481299091582
9354,-127.23421088019666
9355,-128.95900918377515
9356,-127.20588513663944
9357,-127.20588513663944
9358,-127.20588513663944
9359,-114.71887823072166
9360,-126.86015497692445
9361,-125.70186492231463
9362,-125.70186492231463
9363,-85.98390071027907
9364,-89.98538806492944
9365,-79.33156945267461
9366,-84.56893381842875
9367,-66.65962293003443
9368,-51.84888894336202
9369,-39.98033354744632
9370,-17.554352520933218
9371,-17.554352520933218
9372,-10.569652350521324
9373,-9.931767758748272
9374,-40.81341710220808
9375,-24.208625942121287
9376,-3.4091968581077796
9377,-3.4091968581077796
9378,1.0924812336340701
9379,2.8657526920337366
9380,33.20438650459336
9381,6.412680273534066
9382,10.127295305874078
9383,8.104671359418722
9384,5.3053671677258265
9385,-3.270219068118807
9386,-3.270219068118807
9387,-5.430784408447706
9388,0.9352422348840101
9389,-1.098402450418187
9390,-1.098402450418187
9391,-1.098402450418187
9392,-3.461085345769804
9393,-5.26731387280046
9394,-2.0131322975510124
9395,-2.0131322975510124
9396,-2.999884616330881
9397,-4.885003961228526
9398,-1.831864500304945
9399,-0.845112181525079
9400,-0.845112181525079
9401,-0.845112181525079
9402,-0.8219354656310338
9403,-0.8219354656310338
9404,-1.7454757040469886
9405,-1.7454757040469886
9406,-1.3347029251989713
9407,-0.9608379033884514
9408,0.16712240148953272
9409,0.16712240148953272
9410,2.52980529684115
9411,4.563449982143347
9412,4.563449982143347
9413,5.486990220559302
9414,1.5847541385531985
9415,-0.3282222349524414
9416,-0.3282222349524414
9417,-0.3282222349524414
9418,1.0929291508557477
9419,1.0929291508557477
9420,1.616922846619957
9421,0.8114884748664537
9422,-0.2536799732787818
9423,1.2482644220223684
9424,-1.2783745013681713
9425,-10.52618280000413
9426,-12.275989996859929
9427,8.195605683008871
9428,8.195605683008871
9429,9.163935817852
9430,14.554867175331124
9431,21.62576735576219
9432,15.62627480117794
9433,10.210330240230647
9434,10.046914007902165
9435,9.167407942955677
9436,-28.02024762352613
9437,-47.27762045753886
9438,-42.485835596162865
9439,-98.22714712885634
9440,-111.4329896113737
9441,-118.29022449840849
9442,-100.47804345808981
9443,-109.47065892520973
9444,-224.64276683400087
9445,-575.4196260127419
9446,-544.2031416319107
9447,-717.5334112522501
9448,-717.5334112522501
9449,-717.5334112522501
9450,-367.68884282475847
9451,-186.08284644822874
9452,-186.08284644822874
9453,-186.08284644822874
9454,-74.3996512972722
9455,-68.24303724388776
9456,-77.74786231120929
9457,-68.99540321585758
9458,-65.67570962482311
9459,-65.67570962482311
9460,-70.06955946632536
9461,-64.10026401122846
9462,-68.45157510000254
9463,-39.607530418656644
9464,-25.247499407716038
9465,-12.100368719829037
9466,-20.362915356482144
9467,-19.675995347909964
9468,-6.931176266984063
9469,-7.3517073579497145
9470,-15.819831772777317
9471,12.23807255451964
9472,-1.715331644461687
9473,-2.956938298676391
9474,1.4657690480281078
9475,1.7170861180699413
9476,-5.961988510508991
9477,-13.479187355550058
9478,-12.802730775865175
9479,-4.089952725317853
9480,0.4451748844029194
9481,-10.898529050943274
9482,-9.054476739638366
9483,-3.4824167529053414
9484,-8.958089531879775
9485,-7.387537015452541
9486,-12.092879914304083
9487,-12.592023828406601
9488,-12.592023828406601
9489,-11.290443810207751
9490,-9.160342693665617
9491,-9.160342693665617
9492,-7.190381031871966
9493,-7.190381031871966
9494,-7.868068537527065
9495,-8.685976430181897
9496,-8.685976430181897
9497,-8.685976430181897
9498,-5.531111997246017
9499,-5.531111997246017
9500,-5.531111997246017
9501,-5.531111997246017
9502,-0.6252841260474774
9503,-0.6252841260474774
9504,-0.6252841260474774
9505,-0.6252841260474774
9506,-0.6252841260474774
9507,-0.6252841260474774
9508,-0.6252841260474774
9509,-0.6252841260474774
9510,-2.183057764068024
9511,-2.183057764068024
9512,-2.183057764068024
9513,-2.183057764068024
9514,-0.7619063782598344
9515,-0.7619063782598344
9516,-2.7677206073691347
9517,-3.874201468893094
9518,-3.874201468893094
9519,-5.414088073503765
9520,-6.717634361315498
9521,-11.688779404855358
9522,12.320073439625364
9523,12.320073439625364
9524,11.607177316919657
9525,13.31523762449749
9526,23.831927300823533
9527,23.831927300823533
9528,23.831927300823533
9529,15.49974824452378
9530,12.846074644455435
9531,8.730238654914103
9532,13.148543606078656
9533,11.525929517158632
9534,8.447891424116518
9535,8.447891424116518
9536,2.6332499308774135
9537,4.702352155727623
9538,20.533390177415978
9539,17.106326720148445
9540,11.194286679415818
9541,7.804903756168238
9542,8.058367099945887
9543,8.058367099945887
9544,8.058367099945887
9545,8.058367099945887
9546,5.382428298988862
9547,11.254209609851912
9548,16.76866262808491
9549,17.65656175839331
9550,16.484013047338834
9551,16.484013047338834
9552,26.237450957038565
9553,29.171805558383102
9554,27.569640213562824
9555,28.282536336268535
9556,28.282536336268535
9557,29.9209412074929
9558,28.30772320877088
9559,23.816607737924095
9560,18.67727884385768
9561,18.67727884385768
9562,14.287508190162129
9563,21.18763879908404
9564,17.882543276384755
9565,19.576791537243334
9566,6.16528484089725
9567,5.496269489070883
9568,9.918976835775382
9569,9.918976835775382
9570,10.384978545747938
9571,-0.9700659570554513
9572,-8.803879477442106
9573,-10.242298548605383
9574,-9.454751154818748
9575,-6.970897798412494
9576,-0.912678370838442
9577,-1.050154474089929
9578,-12.87336028422041
9579,-12.327244654195088
9580,-13.48385703314256
9581,-10.013636196847777
9582,-10.013636196847777
9583,-11.755557383242449
9584,-10.296048865625572
9585,-12.828674947501122
9586,-11.533327773152788
9587,-11.533327773152788
9588,-11.533327773152788
9589,-5.668491683721404
9590,-5.668491683721404
9591,-5.668491683721404
9592,-5.668491683721404
9593,-5.668491683721404
9594,-5.052078189465788
9595,-5.052078189465788
9596,-5.052078189465788
9597,-5.052078189465788
9598,1.2099346723216324
9599,1.2099346723216324
9600,1.2099346723216324
9601,1.2099346723216324
9602,-0.300484235332453
9603,-0.8422438857776922
9604,-0.8422438857776922
9605,0.5942462856237856
9606,1.1956537535046186
9607,1.1956537535046186
9608,1.1956537535046186
9609,1.1956537535046186
9610,2.6168051393128073
9611,1.1828426821665565
9612,-2.7120317454711733
9613,-3.8185126069951285
9614,0.02707138245303048
9615,-0.6706030425696169
9616,-0.6706030425696169
9617,-5.054611577227511
9618,9.011479857547265
9619,19.3177779392678
9620,17.460139152310944
9621,20.22527493456099
9622,25.620226922687937
9623,28.773992677760898
9624,27.86208480597534
9625,25.494384161128593
9626,20.95474279031439
9627,14.935010907175252
9628,19.353315858339798
9629,19.353315858339798
9630,15.400198220152342
9631,7.264139406665522
9632,-8.020536297488853
9633,-9.384448685656237
9634,-3.770258180909315
9635,-20.828340710400006
9636,-52.47629473723847
9637,-51.815653149617056
9638,-54.14557023875143
9639,-51.909359900615975
9640,-60.260806486697525
9641,-60.260806486697525
9642,-58.94272612562323
9643,-58.94272612562323
9644,-60.6675244292018
9645,-54.32524677161261
9646,-56.18759208793755
9647,-56.18759208793755
9648,-58.95272787018761
9649,-59.81834665811401
9650,-54.847403412624594
9651,-48.856021576211674
9652,-41.287945319418256
9653,-23.969555906183153
9654,-26.118509977406294
9655,-25.242993746471942
9656,-16.567684512780517
9657,-4.572810224260918
9658,-12.23251769421314
9659,-14.576980138198696
9660,-9.505256341292439
9661,-7.8668514700680765
9662,-16.82079447266678
9663,-15.223869397222936
9664,10.100285350777906
9665,12.658709677573626
9666,7.855327901121878
9667,8.47800426681595
9668,3.74377119341533
9669,-1.7074298944285973
9670,-8.959637601410298
9671,0.21022156913368362
9672,1.4101717149787003
9673,-3.26892783814503
9674,-5.979480856613595
9675,-3.8106811078294998
9676,-3.1845530408085336
9677,-5.215826945152923
9678,-10.878286057176037
9679,-9.227950323918586
9680,-8.177983528716878
9681,-6.263774869661834
9682,-2.612306241594348
9683,-10.754383768240967
9684,-8.679877854542044
9685,-7.0837812145589085
9686,-6.612234905050513
9687,-5.310654886851663
9688,-6.128562779506502
9689,-6.128562779506502
9690,-4.220266718714813
9691,-4.294057614005972
9692,-4.294057614005972
9693,-3.405219778014561
9694,3.2894265961725697
9695,3.2894265961725697
9696,3.2894265961725697
9697,2.753427391525164
9698,2.753427391525164
9699,2.753427391525164
9700,2.753427391525164
9701,3.2894265961725697
9702,1.7316529581520244
9703,1.7316529581520244
9704,1.7316529581520244
9705,1.7316529581520244
9706,3.152804343960213
9707,-2.7120317454711733
9708,-3.8185126069951285
9709,-0.3471459545107459
9710,-1.4769626548419965
9711,-1.5128152221576405
9712,-5.896823756815535
9713,-3.674707699748963
9714,14.617320343359998
9715,15.729238149002368
9716,21.37426600169727
9717,20.006369312746862
9718,25.63593848246966
9719,19.47368302273543
9720,18.209469701131766
9721,18.209469701131766
9722,10.344539188697196
9723,4.3644103523278845
9724,-11.53649568833717
9725,-31.99158852167894
9726,-56.92276380077571
9727,-86.64378068322107
9728,-105.61500030581735
9729,-111.65856463985862
9730,-85.37392506871124
9731,-85.37392506871124
9732,-85.37392506871124
9733,-85.37392506871124
9734,-111.03424429064968
9735,-111.03424429064968
9736,-85.97149842636831
9737,-85.97149842636831
9738,-85.54225590128543
9739,-85.54225590128543
9740,-85.54225590128543
9741,-85.54225590128543
9742,-86.70606877347906
9743,-85.54225590128543
9744,-86.70606877347906
9745,-87.10154629383571
9746,-61.62219948839332
9747,-55.04909089808364
9748,-57.60528018099027
9749,-41.88777686464052
9750,-27.39060391831907
9751,-24.32941688950086
9752,-13.725327527910071
9753,-7.560679478831225
9754,-7.489845318394312
9755,-7.489845318394312
9756,1.1332597232419523
9757,2.04516759502751
9758,-9.048516750115244
9759,-6.297159342086644
9760,15.180632877059223
9761,18.845684095655535
9762,18.432920137972495
9763,18.307964692848458
9764,5.49251102088777
9765,-5.464991204711676
9766,-9.239240603693577
9767,-2.764337263229027
9768,-3.629956051155434
9769,-1.4517099180201614
9770,-1.4517099180201614
9771,-2.310117548352616
9772,-10.14200099683445
9773,-9.515872929813487
9774,-10.878286057176037
9775,-6.67807618255685
9776,-5.0277404492994044
9777,-8.935189445472796
9778,-3.684476704783247
9779,-1.614006134799649
9780,-9.118888977442424
9781,-5.2240145498046955
9782,-8.265128517471943
9783,-4.37025408983421
9784,-4.37025408983421
9785,-2.4002924280405558
9786,-0.491996367248867
9787,-3.124577888853599
9788,-3.124577888853599
9789,-1.0159900630130763
9790,5.629472885718186
9791,5.629472885718186
9792,5.629472885718186
9793,5.629472885718186
9794,7.542449259223827
9795,7.542449259223827
9796,5.629472885718186
9797,5.629472885718186
9798,4.071699247697639
9799,4.071699247697639
9800,1.9631114218571168
9801,5.984675621203279
9802,3.3272775193772874
9803,2.7637165480489974
9804,1.6572356865250417
9805,8.32880512853572
9806,3.3979974935590125
9807,8.377438077045325
9808,1.9826909015605505
9809,5.872927126815044
9810,20.655345611638566
9811,21.321316080589973
9812,28.93894775957855
9813,28.72199920422171
9814,32.310109923291414
9815,32.34657799003084
9816,23.914252722286136
9817,24.475552161376648
9818,18.570568501202853
9819,12.680419149565422
9820,4.117245873927405
9821,-9.940979846858278
9822,-29.465676497187484
9823,-69.35657732715735
9824,-96.31566739921685
9825,-101.5821605425603
9826,-85.48569171400483
9827,-86.26276290470265
9828,-91.1846218405574
9829,-100.67339207330899
9830,-153.42395594864365
9831,-117.62049734504659
9832,-517.9881617151037
9833,-129.06145552900736
9834,-194.59308489419993
9835,-153.15106239183856
9836,-15.894893123788949
9837,-102.3881642623831
9838,-109.52385524401868
9839,-2.0321325540010893
9840,13.24946672957205
9841,-45.66592846974434
9842,-106.18725090624307
9843,-120.09805434645983
9844,-122.86319012870987
9845,-115.71107475701488
9846,-100.02134451780692
9847,-86.46188642460059
9848,-42.057117234730974
9849,-31.476041911457997
9850,-34.06545217027991
9851,-21.937864414057092
9852,-10.413518992832469
9853,-3.370572621023189
9854,-30.70079435235659
9855,-13.186690975384261
9856,9.166811086070153
9857,13.570601443039207
9858,12.813395526283285
9859,24.68520213518991
9860,23.85158594003098
9861,4.885086910509301
9862,2.207184029609095
9863,0.560154940692115
9864,-2.1044296121109296
9865,-8.532240977646884
9866,-8.555825822734873
9867,-11.187854132706008
9868,-11.942915023600182
9869,-15.534817677971645
9870,-9.5730151043804
9871,-8.033128499769726
9872,-11.314936290775064
9873,-11.314936290775064
9874,-7.010967573699824
9875,-7.010967573699824
9876,-10.905842001337552
9877,-7.010967573699824
9878,-5.005153344590522
9879,-5.005153344590522
9880,-5.005153344590522
9881,-5.078944239881683
9882,-3.1706481790899956
9883,-3.1706481790899956
9884,-4.094188417505951
9885,-4.094188417505951
9886,0.4412768507798013
9887,0.4412768507798013
9888,0.4412768507798013
9889,0.4412768507798013
9890,0.4412768507798013
9891,0.4412768507798013
9892,0.4412768507798013
9893,0.4412768507798013
9894,1.0426843186606338
9895,1.0426843186606338
9896,1.0426843186606338
9897,1.0426843186606338
9898,2.4638357044688237
9899,2.4638357044688237
9900,2.4638357044688237
9901,3.3873759428847787
9902,4.276213778876191
9903,4.276213778876191
9904,-2.3744267179847274
9905,4.520397833426437
9906,5.1426545626548625
9907,4.253816726663451
9908,6.8040892138293065
9909,6.8040892138293065
9910,8.716818021482812
9911,8.716818021482812
9912,6.242440471008453
9913,-2.033172572490982
9914,-39.28381860589729
9915,-57.16601348468752
9916,-106.54588084501293
9917,-123.30586395778295
9918,-128.5388101669599
9919,-113.38047738082972
9920,-408.79711186414585
9921,-574.4767227447653
9922,-408.20869168877806
9923,-862.0708558131715
9924,-862.0708558131715
9925,-2261.9583289960387
9926,-2122.6704734978102
9927,-3132.0224858106985
9928,-3155.096900289907
9929,-3270.6093410622107
9930,-3221.1735851726175
9931,-3102.5999573714957
9932,-3071.0894719033504
9933,-1651.832149694274
9934,-1102.835703760795
9935,-476.6029324249162
9936,-267.071658322368
9937,-143.98438131422887
9938,-127.6080759020072
9939,-110.8741765914261
9940,-78.65291116750001
9941,-81.49962441843908
9942,-97.03519083521051
9943,-103.43897432483044
9944,-76.15283407312404
9945,-76.15283407312404
9946,-112.02268716928835
9947,-31.237079954699748
9948,-21.979576715484196
9949,-11.896897004010292
9950,-41.24615437506216
9951,-41.24615437506216
9952,-26.52325941808992
9953,-4.658157453267705
9954,-2.559093468940974
9955,1.2899961811123135
9956,1.863613877763525
9957,-5.150579334337174
9958,-13.812774060907364
9959,-12.422876481247295
9960,-12.387023913931651
9961,-10.040529007605825
9962,-15.466851400869134
9963,-10.040529007605825
9964,-4.5634171908801155
9965,-3.8944018390537503
9966,-7.209712115166844
9967,-4.071428746376728
9968,-4.071428746376728
9969,-4.071428746376728
9970,-1.974830114942344
9971,0.713230229630707
9972,2.645635751479329
9973,13.24473211711344
9974,15.09991695774061
9975,15.09370009540515
9976,15.09370009540515
9977,15.09370009540515
9978,2.117321163921486
9979,2.117321163921486
9980,2.117321163921486
9981,2.117321163921486
9982,20.46912093489138
9983,24.056062968860896
9984,24.056062968860896
9985,31.867778050800318
9986,31.873994913135775
9987,31.873994913135775
9988,31.873994913135775
9989,31.873994913135775
9990,29.383436984429117
9991,29.383436984429117
9992,3.7939997442153546
9993,3.7939997442153546
9994,5.215151130023547
9995,5.215151130023547
9996,5.215151130023547
9997,8.637425044383846
9998,8.637425044383846
9999,8.637425044383846
10000,2.5227837521703296
10001,4.203140158791663
10002,6.798637300713163
10003,9.663863004269114
10004,7.328878322317315
10005,5.960981633366909
10006,11.670918038089951
10007,20.289019434537792
10008,20.282802572202332
10009,14.718529310329755
10010,28.197364131980667
10011,-12.775771963090344
10012,-26.837885192423023
10013,-53.12782622579757
10014,-104.83668362269599
10015,-111.40979221300567
10016,-164.691697713846
10017,-337.9722374083892
10018,-424.93614927608445
10019,-479.4362065777537
10020,-478.110598520815
10021,-578.7016867056673
10022,-531.275885110884
10023,-2112.902671184197
10024,-2300.107199849173
10025,-2300.107199849173
10026,-2293.161200097193
10027,-1932.9666143400073
10028,-610.9509509986249
10029,-612.6475041015482
10030,-612.6475041015482
10031,-612.6475041015482
10032,-513.430944457136
10033,-509.90901265256974
10034,-512.970199681388
10035,-195.98417471907166
10036,-256.0273642976994
10037,-236.18769280501112
10038,-110.16402895828789
10039,-100.51152372657202
10040,-77.12723893577054
10041,-45.03658043435325
10042,-109.53447501061054
10043,-61.41367503201359
10044,-5.950600925813074
10045,1.2594734777841985
10046,-37.93359954592126
10047,-39.09021192486873
10048,-24.612824544569506
10049,-1.4278529688051766
10050,-1.4278529688051766
10051,2.4212366812481108
10052,3.716160850603337
10053,-0.5985642798458448
10054,-11.39861075745127
10055,-9.213735069646075
10056,-11.747992156693421
10057,-8.187521649922694
10058,-1.098402450418187
10059,-1.098402450418187
10060,-1.409220209101546
10061,-3.3221965826071846
10062,-3.3221965826071846
10063,-3.3221965826071846
10064,-3.3221965826071846
10065,-4.087820699439479
10066,2.4921083241339366
10067,4.523382228478327
10068,4.523382228478327
10069,7.420468507872587
10070,7.420468507872587
10071,7.420468507872587
10072,7.420468507872587
10073,4.3479353668911696
10074,1.9933820022472126
10075,1.9933820022472126
10076,1.9933820022472126
10077,1.9933820022472126
10078,4.979631380942421
10079,4.979631380942421
10080,6.519662964406197
10081,3.6225766850119347
10082,3.6225766850119347
10083,3.6225766850119347
10084,0.3060111646521497
10085,0.3060111646521497
10086,1.5847541385531985
10087,1.5847541385531985
10088,1.5847541385531985
10089,3.929216582538755
10090,5.350367968346947
10091,5.350367968346947
10092,3.7046374590660953
10093,-1.1922738124728642
10094,2.21797457966753
10095,-1.0658702604789276
10096,-10.97716591089535
10097,-7.692913356518132
10098,10.960175682200516
10099,12.717734329703946
10100,12.004838206998233
10101,16.841064329014184
10102,20.0391550725663
10103,23.237386537158017
10104,23.237386537158017
10105,15.45374133136398
10106,15.780773899392427
10107,14.232032934245238
10108,15.048244381497431
10109,13.973410196903904
10110,17.594842017075297
10111,13.248915027755174
10112,8.590885913463538
10113,3.4985008454265585
10114,1.8591479812323444
10115,4.8641458443362025
10116,4.736226754017905
10117,5.900039626211535
10118,1.9274365298590312
10119,9.598530088887223
10120,2.8162743658504428
10121,0.14033556489342805
10122,-15.550411343523841
10123,-16.32748253422167
10124,-16.242665835673396
10125,-37.38388060946865
10126,-72.59047016352922
10127,-72.59047016352922
10128,-49.72924010229844
10129,-27.12803891129795
10130,-28.73020425611824
10131,-28.017308133412527
10132,-11.36872004109073
10133,7.984960945695054
10134,11.581112927918054
10135,22.392316905707833
10136,21.504417775399435
10137,21.504417775399435
10138,0.04828086859116698
10139,0.04828086859116698
10140,11.474836946461412
10141,11.773435366457953
10142,0.7201527971470032
10143,3.3643536485913126
10144,4.766165596439567
10145,6.388779685359593
10146,12.04017731068019
10147,12.04017731068019
10148,0.6851328078768022
10149,-7.1486807125098535
10150,-10.209713872593154
10151,-5.31569903348024
10152,0.7425203940938112
10153,0.14197937932067942
10154,0.14197937932067942
10155,-5.742316535351182
10156,-10.246989748167904
10157,-6.965181957162566
10158,-6.965181957162566
10159,-2.5046049702091024
10160,-0.9647183655984282
10161,-0.9647183655984282
10162,-0.3660652146818736
10163,1.1653827509437082
10164,6.520062187152628
10165,18.134121463323517
10166,18.70696833095767
10167,20.769853693472427
10168,20.769853693472427
10169,16.804663924120064
10170,13.834135384406173
10171,4.934144117449377
10172,13.834135384406173
10173,11.765033159555966
10174,20.936350808590262
10175,24.523292842559783
10176,28.488482611912147
10177,28.494699474247604
10178,28.494699474247604
10179,28.494699474247604
10180,28.494699474247604
10181,28.494699474247604
10182,25.539499856302054
10183,6.67017528083466
10184,0.989476930961402
10185,3.15043677890443
10186,-0.6005712716119516
10187,-1.7070521331359083
10188,-1.7070521331359083
10189,-3.8993346241803275
10190,-6.748981888855167
10191,-4.216355806979617
10192,-14.812433214930108
10193,-0.5930967929235347
10194,7.822186745349042
10195,7.1092906226433294
10196,12.821480704511997
10197,14.529541012089831
10198,19.334040606547205
10199,22.71290349146158
10200,23.948896789310663
10201,17.041554773649718
10202,17.041554773649718
10203,12.92571878410839
10204,17.825816227549836
10205,16.18741135632547
10206,17.89586680299123
10207,13.877794547580228
10208,10.619342337247755
10209,10.619342337247755
10210,23.01578856503144
10211,23.01578856503144
10212,23.01578856503144
10213,23.01578856503144
10214,23.34304280410025
10215,23.34304280410025
10216,23.34304280410025
10217,23.34304280410025
10218,23.34304280410025
10219,23.34304280410025
10220,8.058367099945887
10221,8.058367099945887
10222,8.058367099945887
10223,6.694454711778506
10224,6.694454711778506
10225,8.058367099945887
10226,19.18468817637335
10227,18.012139465318867
10228,18.012139465318867
10229,22.97071699799355
10230,0.4888225850544241
10231,0.4888225850544241
10232,4.693116740450008
10233,7.176970096856263
10234,-17.979178574514744
10235,-9.72368801806486
10236,-9.72368801806486
10237,7.881040336233146
10238,-10.295692068982852
10239,9.269984517703543
10240,11.515705619803786
10241,14.215938671153937
10242,16.514812555899134
10243,20.937519902603633
10244,20.937519902603633
10245,32.34934218898279
10246,-7.240540846615373
10247,-3.221387425728661
10248,0.3361072536854205
10249,6.101768401097019
10250,6.101768401097019
10251,5.551528340162491
10252,-8.771751433553607
10253,-13.241540245247096
10254,-9.959732454241752
10255,-9.202526537485832
10256,-7.555563742655583
10257,-13.190168825980747
10258,-14.589679914883929
10259,-12.769311400945126
10260,-15.401892922549859
10261,-13.681219272730683
10262,-7.796238918487752
10263,-8.170103940298274
10264,-8.170103940298274
10265,-8.170103940298274
10266,-5.015239507362386
10267,-5.015239507362386
10268,-4.641374485551866
10269,-4.641374485551866
10270,4.367174687639591
10271,4.367174687639591
10272,4.367174687639591
10273,4.367174687639591
10274,4.367174687639591
10275,4.367174687639591
10276,6.7298575829912055
10277,6.7298575829912055
10278,5.172083944970658
10279,7.205728630272858
10280,7.205728630272858
10281,4.8612661862873034
10282,-0.9714011950773277
10283,2.9815196610765993
10284,3.3565302160578945
10285,2.599324299301975
10286,3.3255322280998385
10287,-4.893657894738259
10288,7.8343363758666476
10289,9.711165114741119
10290,8.883318395509193
10291,10.526825633203163
10292,9.898715709598644
10293,15.406806998186907
10294,16.903654639205357
10295,4.961547752137263
10296,7.312607624811361
10297,1.375073792519927
10298,2.8611082829522485
10299,2.8611082829522485
10300,-2.409088498009617
10301,-2.409088498009617
10302,2.584321231556702
10303,-2.4731143449264867
10304,-1.6454556719222855
10305,-17.99987076661894
10306,-6.182732957733781
10307,-4.0741451318932596
10308,-19.32485582393272
10309,-23.915337969946364
10310,-29.59549288991616
10311,-47.890813030590685
10312,-47.38149923496139
10313,-46.859160035016224
10314,-46.859160035016224
10315,-46.859160035016224
10316,-46.859160035016224
10317,-49.64558699612987
10318,-49.64558699612987
10319,-49.64558699612987
10320,-42.542287354074574
10321,-7.487437003373233
10322,-0.6906010423509605
10323,-0.6906010423509605
10324,-1.43869441917976
10325,25.013900114320418
10326,-9.70731929141819
10327,-11.053305987625562
10328,0.9415683008940456
10329,6.455623116353797
10330,-12.585917628434501
10331,-7.287842085366007
10332,-1.4757732708592315
10333,0.4252903700979318
10334,-11.710640238144087
10335,24.052083755002556
10336,13.272206408183807
10337,8.602959711939977
10338,8.602959711939977
10339,13.851606564104943
10340,7.006616420637004
10341,-0.6368915426087494
10342,-12.023909280395157
10343,-6.567815524296352
10344,2.5671030457191826
10345,4.829455609235527
10346,4.829455609235527
10347,0.49176963136485663
10348,-2.3616463463767907
10349,1.065993695652339
10350,1.692121762673305
10351,-0.7127397282412247
10352,1.813899195149317
10353,-0.08935728255433734
10354,2.3888306954780134
10355,2.3888306954780134
10356,3.838648648244201
10357,2.962345458111109
10358,2.1641545353006912
10359,2.9213604520566108
10360,2.9213604520566108
10361,4.891322113850267
10362,6.58859303495109
10363,3.9970687023271307
10364,3.9970687023271307
10365,3.9970687023271307
10366,6.037869707453862
10367,6.037869707453862
10368,6.037869707453862
10369,6.037869707453862
10370,6.037869707453862
10371,17.5435061026346
10372,4.390906912623609
10373,4.390906912623609
10374,2.2087078282279986
10375,1.451501911472079
10376,1.2542722869028649
10377,5.825632284851909
10378,6.10889459473269
10379,3.3817270161831123
10380,3.810138596781956
10381,0.04461571583774049
10382,9.486606116757363
10383,-3.707364384387321
10384,-10.60672101707436
10385,2.4028998514426663
10386,-2.044629715834451
10387,-6.688565808023744
10388,-7.810194352579823
10389,0.5374994202591281
10390,4.961547752137263
10391,8.38918779416639
10392,6.420668012103831
10393,3.631461349345032
10394,1.238613260097051
10395,-2.409088498009617
10396,-10.005120850699171
10397,-22.78765209016598
10398,-4.090936796887177
10399,-18.421833965116058
10400,-16.313246139275535
10401,-27.919674066334654
10402,-23.271298260926198
10403,-50.131230749332346
10404,-51.5044392446724
10405,-58.07754783498208
10406,-53.66330846145109
10407,-51.4921661873945
10408,-53.85396764476636
10409,-62.205414230847865
10410,-60.887333869773585
10411,-60.887333869773585
10412,-60.887333869773585
10413,-60.887333869773585
10414,-65.06267996431085
10415,-66.08423126800547
10416,-67.25677997905994
10417,-58.31043738054708
10418,-59.43048559770675
10419,-59.43048559770675
10420,-57.98519568499873
10421,-53.758870087300906
10422,-68.69796698939926
10423,-53.037491429527485
10424,-32.41677481400067
10425,-17.22246561179403
10426,-35.096551574770324
10427,-21.937864414057092
10428,-13.178654775082526
10429,-6.17279036444118
10430,-30.70079435235659
10431,-15.554391620231007
10432,-10.398865500616242
10433,9.166811086070153
10434,15.509348826816792
10435,22.258872259518125
10436,22.832489956169333
10437,16.37275752147998
10438,3.106638228140934
10439,5.304117497124443
10440,7.38572240772357
10441,5.829793558332492
10442,4.5848298873893665
10443,2.0846708887862646
10444,-10.176359562243546
10445,-8.082532791926353
10446,-11.656614599524573
10447,-7.532815003308404
10448,-13.611825304442402
10449,-13.240781829787373
10450,-9.859464801967995
10451,-9.859464801967995
10452,-9.435957026814648
10453,-13.33083145445238
10454,-7.280616548645319
10455,-7.280616548645319
10456,-5.310654886851663
10457,-6.128562779506502
10458,-4.220266718714813
10459,-4.220266718714813
10460,-4.294057614005972
10461,-3.405219778014561
10462,4.412836031088548
10463,4.412836031088548
10464,1.7176557205397642
10465,1.7176557205397642
10466,1.7176557205397642
10467,1.7176557205397642
10468,0.28116554913828634
10469,0.8229251995835252
10470,1.424332667464358
10471,1.424332667464358
10472,5.467377656993993
10473,-5.546984283490985
10474,-1.450684597103567
10475,-4.4068184541324635
10476,-4.4068184541324635
10477,2.0206820553808162
10478,0.7346889675822248
10479,-1.6821641047751534
10480,1.730693941641402
10481,3.9528099987079726
10482,33.738771610230046
10483,16.580025211329026
10484,22.29221529319771
10485,22.29221529319771
10486,27.687167281324655
10487,25.12874295452894
10488,25.12874295452894
10489,25.12874295452894
10490,24.107191650834316
10491,25.926253508314776
10492,25.926253508314776
10493,25.926253508314776
10494,23.612849126176656
10495,20.72736693931958
10496,19.073207755362453
10497,20.72736693931958
10498,24.06241224606863
10499,32.073179320512715
10500,30.127982692695532
10501,32.073179320512715
10502,32.32664266429036
10503,32.32664266429036
10504,32.1410540021856
10505,32.1410540021856
10506,24.13028692774152
10507,30.502649130961238
10508,30.502649130961238
10509,30.502649130961238
10510,30.502649130961238
10511,29.33010041990676
10512,29.33010041990676
10513,30.968505291131123
10514,29.366339946310845
10515,20.735895974356442
10516,19.62397816871407
10517,19.62397816871407
10518,18.519334100923203
10519,18.519334100923203
10520,14.999682497325912
10521,14.999682497325912
10522,9.354129004425985
10523,11.721829649272724
10524,15.352584219449176
10525,22.252714828371097
10526,8.881976784985643
10527,11.440401111781366
10528,13.060078402250484
10529,13.060078402250484
10530,16.813770397128614
10531,16.813770397128614
10532,14.27201660641597
10533,7.239426677370651
10534,-6.076443781951867
10535,-5.798464007934174
10536,-8.585850867880259
10537,-3.159528474616955
10538,-9.197471024793241
10539,-17.905601209061892
10540,-11.853150748777615
10541,-5.101122121477501
10542,-14.478267657572514
10543,-9.91437787810842
10544,-3.561235516866827
10545,-3.561235516866827
10546,0.02837411729218864
10547,0.45188189244553467
10548,1.2010636015753249
10549,1.2010636015753249
10550,-1.6422304932619398
10551,0.4443895042350541
10552,0.4443895042350541
10553,0.4443895042350541
10554,2.352685565026743
10555,2.352685565026743
10556,2.352685565026743
10557,2.352685565026743
10558,4.3749816218857225
10559,6.471684512716586
10560,4.3749816218857225
10561,4.3749816218857225
10562,4.3749816218857225
10563,4.3749816218857225
10564,6.471684512716586
10565,8.7951505658273
10566,5.353513044178498
10567,5.353513044178498
10568,6.277053282594452
10569,7.713543453995928
10570,5.932497065273204
10571,5.932497065273204
10572,5.932497065273204
10573,3.7402145742287862
10574,3.7402145742287862
10575,-0.017665893408139788
10576,-2.3744267179847274
10577,0.38368854372924815
10578,4.789815931310856
10579,4.789815931310856
10580,5.632028110898879
10581,7.340088418476712
10582,8.468555772230102
10583,6.8260757060587425
10584,6.402567930905396
10585,6.402567930905396
10586,7.186829384805514
10587,6.023016512611886
10588,6.023016512611886
10589,4.655119823661479
10590,6.363575270327234
10591,2.7336941095668355
10592,-4.070994750029135
10593,-12.73513171683787
10594,-31.947250074060104
10595,26.02315786337764
10596,-40.939622939346954
10597,-49.40807790834962
10598,-51.68683524646667
10599,-58.79013488852197
10600,-58.79013488852197
10601,-72.62178479529955
10602,-72.62178479529955
10603,-81.87083218656629
10604,-81.87083218656629
10605,-84.21529463055184
10606,-82.3529493142269
10607,-84.21529463055184
10608,-81.47399012953696
10609,-70.3673933695945
10610,-72.28036974310014
10611,-65.17707010104486
10612,-57.608993844251465
10613,-42.27619042925809
10614,-51.99784109887329
10615,-34.645486673523244
10616,-16.03536740063914
10617,-4.04049311211954
10618,-19.558005446675626
10619,-21.530574305310356
10620,-14.545874134898453
10621,-12.8184931115233
10622,-42.69382110365588
10623,-27.547418371530284
10624,-24.759592896762257
10625,-4.848979873264554
10626,-4.737750135183383
10627,-0.888660485130096
10628,3.782419673067368
10629,-1.085878798555349
10630,-8.114755297220015
10631,-5.838559336043286
10632,-5.415051560889941
10633,-10.981187019755126
10634,-9.512514022436193
10635,-9.512514022436193
10636,-4.699258265805276
10637,-4.699258265805276
10638,-7.086312592117399
10639,-9.512514022436193
10640,-6.011104395016958
10641,-6.011104395016958
10642,-2.6546371488592695
10643,-2.6546371488592695
10644,0.6606731272538247
10645,0.6606731272538247
10646,-0.26942872326320433
10647,1.514433587224308
10648,0.5908933488083528
10649,0.5908933488083528
10650,1.096855506992588
10651,1.096855506992588
10652,3.441317950978147
10653,1.459597186129677
10654,13.653356894738277
10655,11.290673999386659
10656,9.3865254715855
10657,9.3865254715855
10658,9.3865254715855
10659,9.3865254715855
10660,8.37001927414919
10661,7.996154252338671
10662,7.656588262399334
10663,7.656588262399334
10664,7.656588262399334
10665,7.656588262399334
10666,9.451604670018046
10667,9.077739648207526
10668,9.077739648207526
10669,9.077739648207526
10670,2.608978613920824
10671,-0.781448607445642
10672,-0.4089572347829701
10673,1.2092571247712955
10674,2.938941436058176
10675,4.750186896892447
10676,8.423534616487842
10677,8.797399638298362
10678,14.228596323255644
10679,15.400771953177108
10680,15.400771953177108
10681,14.8647727485297
10682,11.73555407149348
10683,11.73555407149348
10684,11.73555407149348
10685,0.9582127566065493
10686,-24.85543415269766
10687,-50.65392186100553
10688,-51.027786882816045
10689,-51.702753414007475
10690,-47.243533290697016
10691,-56.17035510159082
10692,-64.6388100705935
10693,-74.12664833559828
10694,-84.3808263861231
10695,-79.70701906090153
10696,-79.28351128574819
10697,-86.3868109278035
10698,-87.54510098241332
10699,-66.30661920581852
10700,-66.30661920581852
10701,-59.20331956376322
10702,-59.20331956376322
10703,-51.63524330696981
10704,-51.63524330696981
10705,-43.16678833796715
10706,-50.62987613688258
10707,-50.62987613688258
10708,-50.62987613688258
10709,-32.88560100568944
10710,-54.51935382694223
10711,-53.53333050086964
10712,-8.65156438808065
10713,5.790415604615559
10714,-19.338039197968737
10715,-20.49465157691621
10716,-9.255359486494832
10717,-9.255359486494832
10718,-40.57427421739535
10719,-25.42787148526977
10720,-22.640046010501734
10721,-1.4278529688051766
10722,-1.1300542712545059
10723,3.1425431539521256
10724,1.725634975428536
10725,-2.8153240228772884
10726,-9.972795267466307
10727,-11.411214338629588
10728,-9.213735069646075
10729,-9.213735069646075
10730,-9.213735069646075
10731,-8.839870047835555
10732,-8.839870047835555
10733,-7.853117729055694
10734,-9.021137845081624
10735,-11.747992156693421
10736,-5.883156067262036
10737,-5.883156067262036
10738,-0.4712471597145591
10739,-0.4712471597145591
10740,-0.4712471597145591
10741,-0.4712471597145591
10742,-0.845112181525079
10743,0.5013651721571634
10744,0.5013651721571634
10745,0.5013651721571634
10746,1.4861209945328961
10747,1.4861209945328961
10748,2.319737189691831
10749,2.319737189691831
10750,0.16712240148953272
10751,4.563449982143347
10752,4.563449982143347
10753,4.563449982143347
10754,4.563449982143347
10755,4.563449982143347
10756,2.2189875381577897
10757,2.2189875381577897
10758,-0.3282222349524414
10759,-0.3282222349524414
10760,-0.3282222349524414
10761,-0.3282222349524414
10762,1.0929291508557477
10763,1.0929291508557477
10764,1.616922846619957
10765,14.674363327143345
10766,-5.576886633717071
10767,-13.894786935829234
10768,-10.308759123988118
10769,-7.077558842548034
10770,7.177913299490254
10771,12.181554585192822
10772,10.805812850770199
10773,8.478562007488593
10774,-1.5346453932634783
10775,-18.589714231822253
10776,-20.12219185854569
10777,-19.037953373761326
10778,-34.31828636688306
10779,-35.00520637545524
10780,-50.92532221564553
10781,-50.71326078035069
10782,-58.636669869961686
10783,-84.72627759292214
10784,-97.53801433230358
10785,-95.67566901597864
10786,-81.84200607295955
10787,-81.84200607295955
10788,-81.84200607295955
10789,-81.84200607295955
10790,-71.26458302813349
10791,-71.26458302813349
10792,-71.26458302813349
10793,-72.01267640496229
10794,-66.53800707229414
10795,-66.53800707229414
10796,-66.53800707229414
10797,-67.23741173746211
10798,-67.23741173746211
10799,-67.23741173746211
10800,-69.09975705378704
10801,-63.511338415824646
10802,-58.54039517033525
10803,-58.54039517033525
10804,-51.43709552827995
10805,-32.68544539956731
10806,-31.25247725945156
10807,-28.46605029833791
10808,-14.55711632860615
10809,-14.55711632860615
10810,-22.912158196872593
10811,-17.958053865567617
10812,-19.754987213401687
10813,-6.027937697841771
10814,-33.29633679277743
10815,-17.27363087051875
10816,-13.414970281862782
10817,5.238798433038053
10818,3.247954173248562
10819,-2.956938298676391
10820,0.2826014780056547
10821,0.38590509838690235
10822,-8.845708230286828
10823,-13.06078645761675
10824,-1.7296407650884258
10825,-0.48467709414529986
10826,1.9201843967692298
10827,5.982918168136925
10828,-3.6244957332701246
10829,-6.906303524275467
10830,-3.4786634822463354
10831,-6.5068046725723185
10832,-6.5068046725723185
10833,-3.9801657491817757
10834,-0.38242060668953065
10835,-0.38242060668953065
10836,-1.8843650019906808
10837,-1.8843650019906808
10838,1.8825103189200454
10839,1.8825103189200454
10840,-0.2664825836454169
10841,1.8825103189200454
10842,3.179386817334812
10843,0.5468052957300803
10844,0.5468052957300803
10845,2.6553931215706026
10846,5.423867896941558
10847,10.818348162516887
10848,5.423867896941558
10849,5.423867896941558
10850,4.901528696996398
10851,0.6196260991336588
10852,0.6196260991336588
10853,-1.4889617267068633
10854,-0.41415384312267944
10855,-0.41415384312267944
10856,-0.41415384312267944
10857,3.195854571882368
10858,2.1999255155881294
10859,2.1999255155881294
10860,0.9618799424763114
10861,1.8381831326094042
10862,-4.349962190419004
10863,-10.783752080451068
10864,-9.515278217648882
10865,4.278189442760497
10866,4.278189442760497
10867,3.658998907056721
10868,3.42808984971085
10869,-6.780002227066421
10870,-15.959565244446726
10871,-22.621076226690157
10872,-26.81804860690148
10873,-45.819682903949
10874,-54.035552963848026
10875,-68.20012067866783
10876,-101.33304836710496
10877,-128.23332034296126
10878,-119.34953308790442
10879,-123.76539140822747
10880,-125.85018067360042
10881,-122.8725865628207
10882,-100.64470256418355
10883,-98.23984107326902
10884,-99.02726253338803
10885,-87.00773387782536
10886,-79.72273840964463
10887,-74.80087947378989
10888,-74.80087947378989
10889,-74.80087947378989
10890,-70.07430351795054
10891,-70.77370818311852
10892,-72.63605349944345
10893,-73.38414687627225
10894,-60.05007093694565
10895,-60.05007093694565
10896,-52.946771294890354
10897,-43.83612484623486
10898,-17.66989169721978
10899,-9.759480479161374
10900,-6.973053518047725
10901,8.31162218610665
10902,-15.398280903410795
10903,1.5927713212033425
10904,7.106826136663092
10905,7.106826136663092
10906,-18.04932253470791
10907,-9.814131669093
10908,-8.902223797307443
10909,-5.292215382302396
10910,-16.876849865883997
10911,-15.266355137793175
10912,4.600391593031016
10913,7.15881591982674
10914,10.08689711506895
10915,12.125330345961963
10916,12.698948042613175
10917,7.4250285688197195
10918,-10.34687730158137
10919,-11.785296372744648
10920,-4.147808962056955
10921,3.7812179399116115
10922,3.7812179399116115
10923,3.6437418366601255
10924,2.78533420632767
10925,-10.38312337742536
10926,-10.827134421174065
10927,-14.108942212179413
10928,-11.062726441321173
10929,-9.72406853861877
10930,-0.48193055911341337
10931,-1.9291333310790155
10932,-9.434016173721787
10933,-5.539141746084065
10934,-3.627327496105479
10935,-3.627327496105479
10936,-5.990010391457096
10937,-6.823626586616031
10938,-3.6687621536801456
10939,-3.6687621536801456
10940,-3.6687621536801456
10941,-3.6687621536801456
10942,3.3945623557678686
10943,3.0206973339573486
10944,3.0206973339573486
10945,3.0206973339573486
10946,3.0206973339573486
10947,3.0206973339573486
10948,3.0206973339573486
10949,3.0206973339573486
10950,1.8367887177473223
10951,1.8367887177473223
10952,1.8367887177473223
10953,1.8367887177473223
10954,1.287978441761855
10955,-2.6068959858758745
10956,1.7961191576420612
10957,4.005192904093446
10958,-2.4975949151459784
10959,-3.346662826494677
10960,-0.5020082493120308
10961,18.802633432617984
10962,17.570088794274803
10963,23.566577964295124
10964,21.478608810357333
10965,26.02627160218586
10966,27.154738955939255
10967,24.78703831109251
10968,19.371093750145214
10969,14.94818204410668
10970,19.03753328932798
10971,16.592052164363086
10972,18.790209762269868
10973,10.844000885100234
10974,7.6301863404535135
10975,7.094187135806108
10976,4.823736057486042
10977,-7.033876189400794
10978,5.362570038382899
10979,5.362570038382899
10980,5.362570038382899
10981,5.362570038382899
10982,5.616033382160548
10983,5.616033382160548
10984,7.527380798128849
10985,-8.596780481518604
10986,-12.642996105344892
10987,-20.21107236213829
10988,-17.853540918792326
10989,-39.27095642332242
10990,-39.27095642332242
10991,-39.27095642332242
10992,-29.807332471243768
10993,-2.9895584040507432
10994,2.177462974805345
10995,2.177462974805345
10996,2.177462974805345
10997,2.177462974805345
10998,-25.006592171763923
10999,-10.83383427325191
11000,-9.721916467609539
11001,3.25121364982058
11002,-7.489845318394312
11003,-9.834307762379868
11004,-9.834307762379868
11005,-1.2112027207436031
11006,-26.907668225225912
11007,-8.151257078095288
11008,-9.657338487557887
11009,10.209408243266308
11010,14.298021303827005
11011,13.88525734614396
11012,18.307964692848458
11013,18.307964692848458
11014,0.7726713342592393
11015,-4.209048849637535
11016,0.6633027788001028
11017,1.9610497454306652
11018,-21.68988564665766
11019,8.964688261335057
11020,-1.7699398861915914
11021,-3.9787101250657533
11022,-3.9787101250657533
11023,-1.0081196140592275
11024,-4.121109497682051
11025,-0.8372646575355922
11026,1.7774417398832292
11027,0.8048294080115079
11028,-1.404244338439878
11029,1.2890416432510177
11030,0.25213538914571476
11031,0.25213538914571476
11032,0.25213538914571476
11033,0.25213538914571476
11034,2.160431449937403
11035,2.160431449937403
11036,2.160431449937403
11037,2.160431449937403
11038,8.496544766142181
11039,8.496544766142181
11040,8.496544766142181
11041,8.496544766142181
11042,8.496544766142181
11043,10.859227661493803
11044,10.859227661493803
11045,10.859227661493803
11046,9.301454023473255
11047,9.301454023473255
11048,9.301454023473255
11049,9.301454023473255
11050,8.785517821823268
11051,6.815556160029607
11052,4.428700679246792
11053,5.270738875112937
11054,-6.61143943545301
11055,-7.6361339635424015
11056,-8.79123264610671
11057,4.1209223431379725
11058,14.855550490664623
11059,16.8330870842334
11060,20.184654629505214
11061,26.63393556720151
11062,28.17516687863794
11063,28.17516687863794
11064,23.56049064252217
11065,19.020849271707974
11066,12.63739589075198
11067,16.4797095837534
11068,16.983326947753437
11069,17.810985620757638
11070,12.287466402750633
11071,8.15944953685493
11072,-3.0835498547430533
11073,-9.029122060897262
11074,4.109756049455334
11075,-11.140954642584116
11076,-29.210217719467146
11077,-51.61997864738267
11078,-52.27242304781783
11079,-59.89165905562856
11080,-59.89165905562856
11081,-59.89165905562856
11082,-59.89165905562856
11083,-59.89165905562856
11084,-59.89165905562856
11085,-59.89165905562856
11086,-59.89165905562856
11087,-59.00023398581754
11088,-60.17278269687202
11089,-54.49109917637335
11090,-56.09326452119364
11091,-51.75510066138839
11092,-44.00651577502034
11093,-8.450307384093188
11094,-32.01667695984641
11095,-32.01667695984641
11096,-17.888613634639484
11097,-15.36583125076015
11098,-20.934446157912937
11099,-16.102042335682984
11100,-14.99012453004062
11101,-8.47560731424488
11102,-31.54678207853246
11103,-18.047342141237124
11104,-14.177965900514414
11105,8.456778113083931
11106,13.780338222129705
11107,13.780338222129705
11108,12.010269744555027
11109,12.010269744555027
11110,-3.6469997883541136
11111,-13.168277819922391
11112,-7.308243673179934
11113,-1.4517099180201614
11114,-1.4517099180201614
11115,-11.060403080448296
11116,-11.060403080448296
11117,-12.524016566456886
11118,-9.477800795598645
11119,-7.564113455545318
11120,-5.810326841161846
11121,-11.783018151518508
11122,-9.10338562969539
11123,-9.053742876352564
11124,-9.848720984497687
11125,-4.62270127018373
11126,-7.050748601218589
11127,-3.779206921226081
11128,-1.9953446107385677
11129,-1.9953446107385677
11130,-0.9049564426017163
11131,-0.9049564426017163
11132,-0.9049564426017163
11133,-0.9049564426017163
11134,8.495580453187749
11135,8.495580453187749
11136,8.495580453187749
11137,8.495580453187749
11138,8.495580453187749
11139,8.495580453187749
11140,9.760690640260496
11141,8.905650357467172
11142,7.347876719446622
11143,7.347876719446622
11144,3.182654073628389
11145,3.182654073628389
11146,4.826126288687342
11147,3.7196454271633854
11148,1.5273629361189665
11149,1.1038551609656202
11150,-4.193911911281977
11151,-1.2464180722562466
11152,4.762036615949943
11153,14.624194928409711
11154,17.153863589969617
11155,23.978461295176803
11156,25.425664067142403
11157,27.325426739346945
11158,21.569790278300577
11159,18.23045703558745
11160,16.592052164363086
11161,11.231915061121581
11162,-4.211717988698946
11163,-19.086421473775555
11164,-25.283491259407324
11165,-32.77121110974843
11166,-76.32523088914678
11167,-84.20325060226789
11168,-90.90378533913372
11169,-93.6450898401486
11170,-74.68730709726049
11171,-74.68730709726049
11172,-74.68730709726049
11173,-72.77433072375486
11174,-65.48933525557413
11175,-65.48933525557413
11176,-65.48933525557413
11177,-65.48933525557413
11178,-64.17125489449984
11179,-64.17125489449984
11180,-61.82679245051428
11181,-57.1378886694926
11182,-56.65577154183198
11183,-57.82832025288646
11184,-51.25521166257678
11185,-51.25521166257678
11186,-47.0769885056327
11187,-38.46278483133825
11188,-4.559794417018772
11189,-5.4384822043055845
11190,-28.99178278069839
11191,-16.776695828997113
11192,-14.64182762113913
11193,0.13947362849412362
11194,-14.124505742114213
11195,-15.351053410684548
11196,-14.272542255777905
11197,-3.4145206546368234
11198,-34.363876576182875
11199,-17.349211743500085
11200,-14.192054869478923
11201,5.583342389977995
11202,1.1876366392739754
11203,-4.468359907960097
11204,-1.993580555008486
11205,1.3489706925228797
11206,-10.210533246498
11207,-17.392914774494944
11208,-12.545370671438747
11209,-3.9813089661516847
11210,-11.77505060540605
11211,-9.370189114491524
11212,-6.342731183054271
11213,-8.934255515678235
11214,-5.424329099440429
11215,0.7518585161270066
11216,-5.185132175593752
11217,-5.185132175593752
11218,-1.0589604547067144
11219,0.6394807272810111
11220,2.147500026655694
11221,2.9655604802723863
11222,2.520722481703831
11223,2.520722481703831
11224,-0.11185903990090035
11225,4.145721688505083
11226,2.047036912210195
11227,2.047036912210195
11228,2.047036912210195
11229,2.047036912210195
11230,6.77748593596987
11231,11.059388533832609
11232,11.059388533832609
11233,10.135848295416654
11234,11.059388533832609
11235,10.658187495361812
11236,10.658187495361812
11237,10.658187495361812
11238,6.203327577947005
11239,6.203327577947005
11240,6.203327577947005
11241,6.203327577947005
11242,8.54801920217115
11243,5.587548588745094
11244,5.492850633505829
11245,5.492850633505829
11246,-6.074673925825745
11247,-2.6159237710511665
11248,0.5910820559459105
11249,0.5910820559459105
11250,4.643604807509301
11251,9.021861686770034
11252,9.628297979926923
11253,8.068096989841488
11254,7.283587970089241
11255,6.747588765441836
11256,-0.5008580952352568
11257,-46.38491403224336
11258,-55.53000066092633
11259,-84.73668331163478
11260,-100.81945916616286
11261,-113.61328544452468
11262,-114.30123657250775
11263,-270.16448064119277
11264,-581.17366830323
11265,-731.4794668598994
11266,-1793.6199185326288
11267,-1767.9220182278536
11268,-1767.9220182278536
11269,-1941.8262284137345
11270,-2832.1653243129113
11271,-2802.7266456658735
11272,-2825.413030409501
11273,-2825.413030409501
11274,-2716.0653790156325
11275,-2742.267886664307
11276,-2742.267886664307
11277,-2765.8868217775735
11278,-2765.8868217775735
11279,-3429.8638326618916
11280,-3245.585294523394
11281,-2129.019456665045
11282,-267.63972649708427
11283,-240.35220062289025
11284,-127.23421088019666
11285,-114.74720397427889
11286,-237.08205653414188
11287,-235.35725823056333
11288,-110.57785210002709
11289,-93.11303755972213
11290,-119.83435651020612
11291,-119.83435651020612
11292,-76.1251338201314
11293,-19.558005446675626
11294,-46.513449162322566
11295,-39.52874899191067
11296,-38.82429646218602
11297,-23.254385954907086
11298,-0.5559474566413596
11299,-3.313173858309955
11300,2.8803782357288896
11301,3.453995932380101
11302,-1.4143025392426138
11303,-14.179104277377183
11304,-12.96837732717354
11305,-13.34224234898406
11306,-12.16725879533553
11307,-11.75449483765249
11308,-10.45291481945364
11309,-10.417062252137997
11310,-8.885614286512416
11311,-7.101751976024906
11312,-7.175542871316066
11313,-7.175542871316066
11314,-0.8747961277771759
11315,-0.8747961277771759
11316,-1.798336366193131
11317,-1.798336366193131
11318,-1.798336366193131
11319,-1.798336366193131
11320,-0.6168081721938323
11321,-0.6168081721938323
11322,1.2914878885978565
11323,1.2914878885978565
11324,1.2914878885978565
11325,1.9605032404242222
11326,5.296940202982262
11327,9.339985192511893
11328,6.474759488955944
11329,8.571462379786805
11330,4.698630909889309
11331,4.698630909889309
11332,8.74167589941894
11333,5.876450195862991
11334,7.6960653118250315
11335,7.6960653118250315
11336,7.6960653118250315
11337,7.6960653118250315
11338,9.117216697633225
11339,9.117216697633225
11340,9.117216697633225
11341,6.749233809656366
11342,1.9810241017250905
11343,4.203140158791663
11344,6.798637300713163
11345,6.798637300713163
11346,5.6208180147394815
11347,7.328878322317315
11348,8.765368493718789
11349,7.397471804768384
11350,9.310200612421895
11351,9.344903014846436
11352,10.501515393793904
11353,7.9460861137345065
11354,1.4806086227994004
11355,-37.5585009244622
11356,-52.66674157129591
11357,-66.33957868160091
11358,-101.05194173026268
11359,-114.50972532327035
11360,-119.82265105994458
11361,-106.871297797628
11362,-82.22013142185632
11363,-87.14199035771107
11364,-150.98675451027907
11365,-506.06334112511837
11366,-627.8533367177124
11367,-624.9128402689719
11368,-650.1655762330222
11369,-672.9457441744511
11370,-611.6389262981548
11371,-647.6317353243397
11372,-342.0764150825882
11373,-325.70010967036643
11374,-246.36176923310833
11375,-241.10955174086584
11376,-236.18769280501112
11377,-236.18769280501112
11378,-236.18769280501112
11379,-85.04174857052797
11380,-66.30661920581852
11381,-48.311392742613556
11382,-45.03658043435325
11383,-45.03658043435325
11384,-29.33794731737244
11385,-19.09149917540834
11386,-6.798590189523473
11387,-4.678943581322191
11388,2.1473726080925997
11389,1.2594734777841985
11390,-37.93359954592126
11391,-37.93359954592126
11392,-23.94380919274314
11393,-5.815431206344957
11394,-0.612806028104925
11395,-0.612806028104925
11396,3.2362836219483624
11397,3.809901318599574
11398,-0.5048238118496071
11399,-8.152107242409866
11400,-8.200628733913081
11401,-8.200628733913081
11402,-8.200628733913081
11403,-6.230667072119425
11404,-6.230667072119425
11405,-6.230667072119425
11406,-6.230667072119425
11407,-6.230667072119425
11408,-6.230667072119425
11409,-6.230667072119425
11410,-0.8187581645719468
11411,-1.7075960005633588
11412,-1.7075960005633588
11413,-1.7075960005633588
11414,-1.9415031492265753
11415,-1.9415031492265753
11416,-1.9415031492265753
11417,-3.243083167425427
11418,-1.3347871066337376
11419,-1.0972511666980902
11420,-0.95257295617165
11421,-0.95257295617165
11422,1.9991153748456592
11423,1.9991153748456592
11424,2.985867693625528
11425,1.8220548214318995
11426,2.794667153303621
11427,3.168532175114141
11428,3.168532175114141
11429,8.692820060645936
11430,7.135046422625391
11431,7.135046422625391
11432,5.714124217055789
11433,5.066258030622895
11434,1.0929291508557477
11435,2.111167344510968
11436,0.0025795186704454243
11437,-3.31368682533117
11438,-12.112886490983922
11439,-13.994258399427588
11440,-10.446162978373138
11441,-13.20672103126424
11442,-13.335315777188592
11443,-8.331674491486021
11444,6.052392396476619
11445,4.298420832891343
11446,-13.17600009961276
11447,-19.80318071153157
11448,-19.037953373761326
11449,-27.702537556306925
11450,-25.51925102047543
11451,-47.27762045753886
11452,-101.8608231699928
11453,-114.53520790967632
11454,-118.29022449840849
11455,-123.21208343426323
11456,-130.39271303702807
11457,-218.0429691317066
11458,-374.0415475416896
11459,-371.485358258783
11460,-371.485358258783
11461,-502.4746059613074
11462,-575.9743449978571
11463,-468.8998679280263
11464,-471.92786625064156
11465,-465.81324797548035
11466,-454.3196691487052
11467,-455.4922178597597
11468,-455.4922178597597
11469,-455.4922178597597
11470,-462.79910113049175
11471,-459.82150701971204
11472,-460.47185028721015
11473,-460.47185028721015
11474,-455.89310542715765
11475,-373.8254170098419
11476,-175.97310225386457
11477,-76.00181664209248
11478,-224.95330364393956
11479,-212.3997420893439
11480,-100.25419225658888
11481,-80.15406704373632
11482,-104.6722976254601
11483,-45.79759493982944
11484,-28.81695299851202
11485,-23.340509467261878
11486,-39.350408228942456
11487,-35.91188405035127
11488,-24.15911022461887
11489,-13.335978416371058
11490,5.317790298529779
11491,10.281076116240024
11492,14.130165766293311
11493,11.138667317663907
11494,0.6910811842854008
11495,-5.005980891146304
11496,-16.900227490544086
11497,-11.935959820401724
11498,-14.025701373431282
11499,-6.71001429565281
11500,-10.795616511147346
11501,-10.754130694912792
11502,-15.105071472431705
11503,-17.818043542720577
11504,-17.40527958503754
11505,-16.103699566838685
11506,-10.691790659291202
11507,-10.691790659291202
11508,-8.721828997497543
11509,-8.721828997497543
11510,-8.685976430181897
11511,-8.685976430181897
11512,-8.685976430181897
11513,-8.685976430181897
11514,-5.531111997246017
11515,-5.531111997246017
11516,-5.531111997246017
11517,-6.832692015444867
11518,-3.514111776480997
11519,-3.514111776480997
11520,-3.514111776480997
11521,-3.9268757341640357
11522,-3.003335495748081
11523,-3.003335495748081
11524,-2.208357387602955
11525,-2.208357387602955
11526,-4.9299438978171315
11527,-3.8019835929391443
11528,-3.8019835929391443
11529,-2.8152312741592773
11530,-1.394079888351087
11531,-1.0202148665405675
11532,-1.0202148665405675
11533,-10.68380449973271
11534,-14.284026189177187
11535,-1.4991732118979835
11536,-1.0766765055342074
11537,2.4642532665869448
11538,4.945394941564177
11539,13.804412645867133
11540,13.083674795850637
11541,8.760770258139873
11542,7.65960572301915
11543,9.346230350362552
11544,-4.15682188345236
11545,-19.626753815723983
11546,-69.39188543860276
11547,-112.21397953354354
11548,-113.15619738147683
11549,-118.57334105699265
11550,-123.99424111754273
11551,-210.313509200736
11552,-378.10999542738875
11553,-378.10999542738875
11554,-434.35609815107364
11555,-465.5840076441769
11556,-465.06166844423177
11557,-560.043222987328
11558,-1091.1937655895294
11559,-1209.0042126254693
11560,-1198.4366825167976
11561,-1470.0712149345202
11562,-2492.8694378477057
11563,-2396.658721013492
11564,-2396.658721013492
11565,-1410.717622438828
11566,-1453.8593146136227
11567,-1337.325216078159
11568,-1336.6123199554534
11569,-1091.122877585022
11570,-820.0728181286001
11571,-842.22023718863
11572,-506.0971535732251
11573,-226.4632178273858
11574,-241.34141109688724
11575,-232.4063339569462
11576,-212.12914271272427
11577,-85.33975628057853
11578,-123.21579008688072
11579,-88.46198098557282
11580,-41.31685290436978
11581,-27.013145338471613
11582,-40.78701970243009
11583,-33.02232229112627
11584,-31.63992096502961
11585,-12.162771967882486
11586,5.444824450884633
11587,9.092429215298472
11588,12.941518865351759
11589,14.864567889239778
11590,-3.7672531510514204
11591,-10.815179859820573
11592,-10.881748818870014
11593,47.33713822867744
11594,-14.236352607263957
11595,-14.287033630741112
11596,-13.589424415046034
11597,-11.659865664022066
11598,-11.659865664022066
11599,-14.941673455027413
11600,-11.659865664022066
11601,-11.659865664022066
11602,-7.523950318370636
11603,-7.523950318370636
11604,-7.523950318370636
11605,-7.523950318370636
11606,-6.663628246299077
11607,-6.663628246299077
11608,-8.521281452077748
11609,-6.737419141590238
11610,-3.582554708654353
11611,-3.582554708654353
11612,-3.582554708654353
11613,-3.582554708654353
11614,2.6156447906082927
11615,3.4578569701963175
11616,3.4578569701963175
11617,4.289449673954437
11618,3.4578569701963175
11619,4.289449673954437
11620,3.4578569701963175
11621,3.4578569701963175
11622,3.2170522584891255
11623,3.2170522584891255
11624,3.2170522584891255
11625,3.2170522584891255
11626,3.5327087605972656
11627,1.3404262695528466
11628,1.3404262695528466
11629,-2.41745419808408
11630,-4.774215022660667
11631,2.742866257978922
11632,2.2068670533315164
11633,2.2068670533315164
11634,4.757139540497374
11635,4.757139540497374
11636,5.41235345890517
11637,6.335893697321125
11638,6.442809747379896
11639,-0.5030354435936775
11640,-24.305627207007003
11641,-30.137999491729495
11642,-57.9330961219922
11643,-59.92473478791764
11644,-59.59224013098296
11645,-264.66423557305797
11646,-269.7348918289161
11647,-281.58328662574144
11648,-465.94050012745856
11649,-465.94050012745856
11650,-245.00977580463532
11651,-279.7347716511663
11652,-279.7347716511663
11653,-293.9138814884735
11654,-150.63117818315212
11655,-150.63117818315212
11656,-89.75125426966535
11657,-91.94017234295715
11658,-74.25406407128382
11659,-223.57389507780076
11660,-58.502640955570016
11661,-58.502640955570016
11662,-69.09872350044564
11663,-84.85014661615945
11664,-83.1253483125809
11665,-83.1253483125809
11666,-120.91385454432022
11667,-454.4437977065876
11668,-50.00881632927972
11669,-32.19122546062725
11670,-21.874734488361593
11671,-105.52665525739694
11672,-343.3454892593617
11673,-89.08093368733243
11674,-54.695265325980785
11675,-34.859959353482076
11676,-22.982638115007827
11677,-2.172660312126987
11678,-12.386873074702182
11679,-8.382209930508012
11680,-18.83483400914235
11681,-10.752303186905207
11682,-9.121090091084655
11683,2.2900948282373434
11684,1.6210794764109775
11685,2.014611726016789
11686,2.014611726016789
11687,-13.033664079427096
11688,-10.392034481569253
11689,-9.002136901909184
11690,-5.342165066840365
11691,-6.090928838228401
11692,-4.862238559612302
11693,-4.862238559612302
11694,-4.862238559612302
11695,-4.862238559612302
11696,-4.862238559612302
11697,-4.862238559612302
11698,0.5496703479351766
11699,0.5496703479351766
11700,-0.6790199306809237
11701,-0.6790199306809237
11702,-0.6790199306809237
11703,-0.6790199306809237
11704,-0.6790199306809237
11705,1.853606151194627
11706,3.2201425615410746
11707,-0.02322826656331356
11708,1.7606340439242
11709,1.7606340439242
11710,2.455533488966777
11711,1.5319932505508216
11712,1.5319932505508216
11713,1.5319932505508216
11714,1.5319932505508216
11715,2.455533488966777
11716,2.455533488966777
11717,2.455533488966777
11718,3.0569409568476087
11719,4.493431128249088
11720,4.493431128249088
11721,4.493431128249088
11722,4.809087630357227
11723,2.6168051393128073
11724,0.6468434775191509
11725,-4.217517851641731
11726,-2.6054396595549036
11727,2.489256491061581
11728,3.435325599988405
11729,2.7733449656517957
11730,16.631593625878445
11731,16.631593625878445
11732,16.241429574600485
11733,16.749830831908717
11734,17.02415476833786
11735,16.56688889722615
11736,1.9612971208347425
11737,-6.283628143732707
11738,-19.25617226902907
11739,-47.388784144420896
11740,-49.19659535281495
11741,-53.55763018450897
11742,-73.63401583431727
11743,-139.5417536207015
11744,-125.28444581862269
11745,9.830151810402223
11746,54.07251040940198
11747,70.2519944440064
11748,25.543124704243493
11749,-306.0356201616985
11750,-25.574796101508717
11751,-25.574796101508717
11752,-25.574796101508717
11753,-48.54532866624288
11754,-23.18140060536866
11755,-23.18140060536866
11756,-25.33378018391881
11757,-71.81910840135
11758,-87.45042687451857
11759,-47.64575315943112
11760,-34.472063975140216
11761,-2.975901688523601
11762,-25.26651252511046
11763,-25.924088769618244
11764,-14.111185633548534
11765,-9.979418544065746
11766,-30.228061972792762
11767,-21.823937721769223
11768,-5.852627422289643
11769,-1.3293805377491779
11770,1.0998598901225696
11771,8.40322243061939
11772,-1.1615025177065377
11773,4.4753486353765375
11774,-16.41675866141642
11775,-3.21859565242727
11776,2.360842669691089
11777,6.596362684093194
11778,6.406855468983653
11779,9.154787010888919
11780,11.170933349414755
11781,11.170933349414755
11782,-7.931244524996874
11783,-15.272239930744798
11784,-16.710659001908077
11785,-15.32076142224801
11786,-14.117021137466162
11787,-9.30376538083524
11788,-9.30376538083524
11789,-9.30376538083524
11790,-7.763878776224571
11791,-7.763878776224571
11792,-7.763878776224571
11793,-7.340371001071223
11794,-1.9284620935237455
11795,-2.470221743968985
11796,-1.9982055626931545
11797,-1.9982055626931545
11798,-1.9982055626931545
11799,-1.9982055626931545
11800,-1.9982055626931545
11801,-1.9982055626931545
11802,-1.8737718123889775
11803,-3.405219778014561
11804,-0.08990950190146585
11805,-0.08990950190146585
11806,9.807316296663885
11807,8.542206109591138
11808,9.807316296663885
11809,8.542206109591138
11810,8.542206109591138
11811,8.542206109591138
11812,8.542206109591138
11813,8.542206109591138
11814,8.249542658643334
11815,6.984432471570591
11816,6.984432471570591
11817,6.984432471570591
11818,5.181433147944529
11819,1.56321550343461
11820,1.5273629361189665
11821,-2.6540253066713064
11822,-4.193911911281977
11823,-1.9717958542154084
11824,5.0023851435317725
11825,15.482602558742165
11826,17.460139152310944
11827,21.933335242138824
11828,27.645525324007505
11829,30.091006448972397
11830,28.773992677760898
11831,26.780157054724672
11832,22.24051568391047
11833,21.32860781212491
11834,17.212771822583584
11835,18.570568501202853
11836,18.570568501202853
11837,19.727180880150318
11838,21.069754054297835
11839,21.069754054297835
11840,13.218397118195794
11841,13.218397118195794
11842,14.503806819389853
11843,14.503806819389853
11844,14.503806819389853
11845,14.503806819389853
11846,15.032353020672195
11847,12.884163003318202
11848,12.884163003318202
11849,15.032353020672195
11850,15.032353020672195
11851,15.032353020672195
11852,15.032353020672195
11853,11.71161429226372
11854,13.584721452113024
11855,13.584721452113024
11856,13.584721452113024
11857,13.584721452113024
11858,16.941133639967443
11859,13.00341369708837
11860,14.785608399921177
11861,13.628996020973712
11862,8.017331740392972
11863,8.427401644672392
11864,14.543259535818393
11865,16.181664407042753
11866,4.888909260796515
11867,5.262774282607035
11868,13.345305104844172
11869,15.713005749690916
11870,-3.685421177056572
11871,6.079247287255261
11872,10.45360298346143
11873,12.616525855948396
11874,11.721843835940987
11875,20.492409040161014
11876,18.721564292826663
11877,18.721564292826663
11878,-34.39769567550132
11879,-14.622423736996678
11880,-15.807207028460855
11881,-12.217633029895602
11882,-11.591504962874637
11883,-11.591504962874637
11884,-4.432029854459939
11885,-1.905390931069398
11886,-8.146463955870251
11887,-2.7816941212024906
11888,-4.0425181730102775
11889,-1.8435662874457905
11890,1.0150955403127573
11891,-1.4303855846521345
11892,0.4190427061857406
11893,0.4190427061857406
11894,1.2486354091108236
11895,4.5639456852239215
11896,4.5639456852239215
11897,4.5639456852239215
11898,6.47224174601561
11899,6.47224174601561
11900,6.47224174601561
11901,5.548701507599654
11902,11.890471294470142
11903,11.890471294470142
11904,14.787557573864405
11905,10.135848295416654
11906,14.265218373919247
11907,14.265218373919247
11908,11.860356883004716
11909,11.860356883004716
11910,10.302583244984167
11911,6.020680647121428
11912,6.020680647121428
11913,6.020680647121428
11914,6.929820616731104
11915,16.80814483801581
11916,12.589826542091842
11917,1.1467584978344068
11918,1.6627797537631865
11919,-12.532958768089749
11920,-11.799647598161283
11921,-10.876107359745326
11922,-11.6989716189082
11923,-15.659843109493995
11924,-15.788437855418348
11925,-15.788437855418348
11926,-11.531804687226845
11927,-9.153753317526238
11928,-10.281713622404222
11929,-12.259210081962216
11930,-9.420720040516464
11931,-20.37930700376248
11932,-26.308085920893284
11933,-29.51450138963787
11934,-32.90217397489526
11935,-36.94563676574505
11936,-38.09764960083514
11937,-40.01969273580202
11938,-13.990081243982518
11939,-13.990081243982518
11940,-13.990081243982518
11941,-13.990081243982518
11942,-6.705085775801789
11943,-27.385030086848385
11944,-27.385030086848385
11945,-27.385030086848385
11946,-18.13552979501353
11947,-17.712022019860182
11948,-18.144836089466512
11949,-23.563396798785323
11950,-14.789100808585086
11951,-14.789100808585086
11952,-17.465039609542107
11953,-14.789100808585086
11954,-14.789100808585086
11955,-14.789100808585086
11956,-17.584509950823705
11957,-16.43249711573362
11958,-10.04517173620505
11959,-9.846084014659407
11960,-10.405760729869824
11961,-10.405760729869824
11962,-18.87877129251067
11963,-11.442170984184582
11964,-13.931624662706328
11965,-13.931624662706328
11966,-20.44082237243141
11967,-20.44082237243141
11968,-22.155166348313294
11969,-14.072635526076157
11970,-4.711314690912644
11971,-0.6138522293663924
11972,-1.623692682744883
11973,-1.0500749860936716
11974,-3.316084054723424
11975,1.9723760256846914
11976,2.938818445435939
11977,0.3525155757321242
11978,2.5015084782975867
11979,-6.5243141669873195
11980,-8.643685916621688
11981,-6.535098090781166
11982,-3.809107238915551
11983,-2.527441648104655
11984,-2.527441648104655
11985,-4.890124543456271
11986,-2.0956941415552386
11987,-1.6583091847499662
11988,-1.6583091847499662
11989,-2.786269489627951
11990,-3.532749174630146
11991,-3.532749174630146
11992,-3.532749174630146
11993,-3.532749174630146
11994,-3.4083154243259703
11995,-3.4083154243259703
11996,-4.203293532471098
11997,-2.4194312219835825
11998,6.089109214368313
11999,6.089109214368313
12000,6.089109214368313
12001,6.089109214368313
12002,5.25751651061019
12003,7.222803922627755
12004,7.222803922627755
12005,7.222803922627755
12006,8.200206859001774
12007,9.042419038589802
12008,11.139121929420668
12009,11.139121929420668
12010,8.515863361109915
12011,9.023048951717016
12012,9.023048951717016
12013,5.265168484080092
12014,2.908407659503501
12015,8.610953132444521
12016,7.726020858491569
12017,7.1900216538441635
12018,7.1900216538441635
12019,8.898081961421994
12020,9.740294141010018
12021,9.740294141010018
12022,10.868761494763415
12023,12.576563187079488
12024,12.576563187079488
12025,12.576563187079488
12026,10.058067658942136
12027,10.058067658942136
12028,11.214680037889606
12029,9.850767649722226
12030,9.975133175788532
12031,-1.3926970008665474
12032,-11.406263105626193
12033,-20.709105130134798
12034,-17.829482731426296
12035,-16.946861757770346
12036,-28.80481629525079
12037,-29.494237729975826
12038,-31.173463973052172
12039,-28.862485121672883
12040,-37.098076217215045
12041,-37.16063085735258
12042,-46.56584849946667
12043,-55.74185138099955
12044,-55.74185138099955
12045,-70.06370038931074
12046,-70.06370038931074
12047,-71.21571322440083
12048,-71.21571322440083
12049,-70.06370038931074
12050,-70.06370038931074
12051,-70.06370038931074
12052,-70.06370038931074
12053,-70.0011457491732
12054,-51.97112705856539
12055,-42.51065277625014
12056,-32.06881065606024
12057,-26.144198411897374
12058,-27.149756434302475
12059,-10.050389903793269
12060,-3.232164448041886
12061,-1.8682520598745047
12062,-19.011203736207282
12063,-19.011203736207282
12064,-19.68021908803365
12065,-11.59768826579651
12066,-3.2703184017728857
12067,2.6013221282935106
12068,2.6013221282935106
12069,3.716160850603337
12070,3.716160850603337
12071,-5.119209399898666
12072,-10.98584679976823
12073,-8.03875151599755
12074,-8.41179352387836
12075,-8.41179352387836
12076,-8.41179352387836
12077,-6.6279312133908475
12078,-5.883156067262036
12079,-7.051176183287972
12080,-7.051176183287972
12081,-7.051176183287972
12082,0.14459503474701976
12083,0.14459503474701976
12084,1.11720736661874
12085,1.11720736661874
12086,1.11720736661874
12087,1.0272833233617205
12088,1.0272833233617205
12089,1.0272833233617205
12090,1.0504600392557644
12091,1.0504600392557644
12092,1.0504600392557644
12093,1.0504600392557644
12094,1.7377957541309663
12095,1.7377957541309663
12096,5.202176860416338
12097,6.134123334784779
12098,7.262083639662763
12099,7.262083639662763
12100,7.262083639662763
12101,6.348357616660382
12102,2.8776076051341937
12103,3.8011478435501487
12104,3.8011478435501487
12105,3.8011478435501487
12106,3.285211641900166
12107,1.0929291508557477
12108,2.6351610402751766
12109,-9.981251394185888
12110,-14.80642969442204
12111,-10.446162978373138
12112,-10.446162978373138
12113,-11.857289704027432
12114,-8.58189532289501
12115,10.805812850770199
12116,10.805812850770199
12117,5.530053196531461
12118,9.180531074981634
12119,6.775669584067109
12120,-2.378700604547286
12121,-17.121371257578797
12122,-9.440176995176277
12123,-12.222526737177123
12124,-14.775167798976224
12125,-31.89818366551874
12126,-14.741151634005341
12127,-19.165511572712656
12128,-22.621787087784586
12129,-27.805763310371912
12130,-16.11036878713057
12131,-24.023348971237535
12132,-34.85679832956622
12133,-29.65201126280784
12134,-19.074588217981763
12135,-19.074588217981763
12136,-19.074588217981763
12137,-19.074588217981763
12138,-5.0404125238796595
12139,-1.9537925713337
12140,-10.298786033920596
12141,-10.298786033920596
12142,-2.3858058498136296
12143,-2.3232512096761004
12144,1.3184432196094438
12145,1.584356879181133
12146,7.1537470304932675
12147,6.506404852130553
12148,9.292831813244202
12149,9.79019723867088
12150,2.9296563459136795
12151,8.957010240308389
12152,1.6707930407353389
12153,1.6707930407353389
12154,-8.469705706143515
12155,-5.4589149803196175
12156,10.39826912184701
12157,21.15581214019895
12158,3.427647047336273
12159,4.640625063259635
12160,7.727819800739291
12161,12.938061405856068
12162,12.800585302604581
12163,12.938061405856068
12164,15.94204909411566
12165,17.168596762686
12166,4.1187212263145305
12167,-4.8685047878948176
12168,-19.09770675952759
12169,-1.658196416872662
12170,-11.935959820401724
12171,-7.926125209832142
12172,-7.906591330581667
12173,-4.860375559723426
12174,-7.967256748641992
12175,-2.338949464509981
12176,-0.6919866696797294
12177,-5.136151974638643
12178,-2.356824588695896
12179,-0.6361509388767206
12180,-0.6361509388767206
12181,-0.1641347576008898
12182,-1.6730571929820226
12183,-1.6730571929820226
12184,-1.6730571929820226
12185,-1.6730571929820226
12186,1.4818072399538618
12187,1.4818072399538618
12188,1.4818072399538618
12189,1.4818072399538618
12190,4.218389796046101
12191,4.218389796046101
12192,4.218389796046101
12193,4.218389796046101
12194,6.581072691397716
12195,6.581072691397716
12196,6.581072691397716
12197,6.581072691397716
12198,7.056943738679368
12199,7.056943738679368
12200,7.056943738679368
12201,7.056943738679368
12202,4.196545093043828
12203,2.004262601999411
12204,-1.354681737535678
12205,-15.077575033520695
12206,-13.871735330101819
12207,-12.68658300687975
12208,-9.332160594570517
12209,-6.036579616445775
12210,11.716091407341969
12211,12.197604046349461
12212,9.870353203067856
12213,7.731032274993161
12214,17.474354103048924
12215,20.624124433400212
12216,14.624631878815965
12217,8.709248773579139
12218,7.832945583446048
12219,7.552925404093052
12220,5.9145205328686865
12221,6.149387249679449
12222,8.685501369349405
12223,8.612009812965622
12224,2.0095974438194393
12225,1.5876342453223216
12226,9.949210214102127
12227,7.236312147521265
12228,7.236312147521265
12229,7.236312147521265
12230,7.489775491298913
12231,7.489775491298913
12232,7.489775491298913
12233,7.489775491298913
12234,7.489775491298913
12235,7.489775491298913
12236,6.317226780244433
12237,8.465416797598422
12238,8.190333940093732
12239,8.190333940093732
12240,9.769491406546539
12241,9.769491406546539
12242,13.02705933863215
12243,16.121398479186055
12244,16.121398479186055
12245,14.313595793894107
12246,0.44593101042444583
12247,0.9387491250631776
12248,0.9387491250631776
12249,0.9387491250631776
12250,-6.190958895991778
12251,-6.190958895991778
12252,5.038524407651185
12253,-1.2458725514570548
12254,5.173935666879562
12255,3.1481299508196017
12256,7.474270255206112
12257,11.798942380242604
12258,11.798942380242604
12259,11.93641848349409
12260,14.940406171753681
12261,14.940406171753681
12262,9.285468030395473
12263,-2.3268465975232973
12264,-20.099349681889567
12265,-17.90187041290606
12266,-11.919364549108481
12267,-11.919364549108481
12268,-8.73739286814451
12269,-9.181403911893216
12270,-9.181403911893216
12271,-6.654764988502677
12272,-8.156709383803825
12273,-7.399503467047907
12274,-0.3406317646701793
12275,-0.3406317646701793
12276,-3.3375942976634905
12277,-2.865578116387659
12278,-2.5358113521813843
12279,-2.5358113521813843
12280,-2.5358113521813843
12281,-2.5358113521813843
12282,0.6190530807545016
12283,0.6190530807545016
12284,0.6190530807545016
12285,0.6190530807545016
12286,9.653671722960022
12287,9.653671722960022
12288,9.653671722960022
12289,11.690602097970121
12290,11.690602097970121
12291,11.690602097970121
12292,11.690602097970121
12293,11.690602097970121
12294,10.132828459949573
12295,10.132828459949573
12296,13.029914739343834
12297,10.921326913503313
12298,10.84568974241364
12299,10.84568974241364
12300,2.6576215256859825
12301,-6.749883719605271
12302,-7.607784386139664
12303,-2.3213218348741487
12304,-2.6482871003269564
12305,-4.292653361003141
12306,5.734694761860276
12307,-0.4098399012078806
12308,3.220914668968576
12309,5.394867102537233
12310,8.70329660327241
12311,9.316737600697824
12312,6.30409550212496
12313,0.8196385865218629
12314,3.147716656131103
12315,-3.726082108793526
12316,-19.671412592884018
12317,-29.60789034457745
12318,-2.7070460030870267
12319,-8.613205797854363
12320,-26.35859103572851
12321,-28.316693371151267
12322,-3.4747813363657136
12323,0.10471650833779299
12324,-10.64129196223252
12325,-10.64129196223252
12326,-2.8502958785201096
12327,-2.8502958785201096
12328,0.7782040658267597
12329,-1.1331433501415433
12330,3.194498005838578
12331,3.194498005838578
12332,3.800934298995467
12333,3.800934298995467
12334,5.984120868822419
12335,5.984120868822419
12336,3.1887117265837928
12337,0.4235759443337414
12338,-0.8921953533228613
12339,-2.004113158965234
12340,-1.436077006342223
12341,-2.082993430867261
12342,-4.576791135810124
12343,-14.865420428410395
12344,-6.5185769207195925
12345,-7.0495572148144685
12346,-11.368321042909908
12347,-13.21373501241148
12348,-6.978030495594666
12349,-5.360015628079241
12350,-11.95693428871456
12351,-12.71414020547048
12352,-4.074150118800064
12353,11.346091932994554
12354,6.590337288025206
12355,7.65022398180952
12356,9.148761614820929
12357,7.132892016052832
12358,1.2769234695365592
12359,-3.7011077059095063
12360,-18.135322908697812
12361,-16.985061932619608
12362,-6.752050689203644
12363,-8.010890982448684
12364,-6.466360831813871
12365,-5.215826945152923
12366,-3.1331990655110893
12367,-4.009502255644183
12368,-5.653381654467463
12369,-4.472667962558196
12370,2.5862037398195343
12371,0.6074794004814454
12372,1.0794955817572776
12373,1.0794955817572776
12374,1.6566739398204282
12375,3.440536250307942
12376,2.516996011891987
12377,2.516996011891987
12378,5.464390417556821
12379,5.464390417556821
12380,3.0595289266422903
12381,0.9105360240768285
12382,4.848065730302504
12383,4.848065730302504
12384,6.193601945721096
12385,6.193601945721096
12386,9.211472682789037
12387,9.211472682789037
12388,9.211472682789037
12389,12.398274385509438
12390,9.08911783630904
12391,1.4640337062604507
12392,2.8413993186850806
12393,2.8413993186850806
12394,8.645643088325357
12395,1.3074735611110597
12396,61.54994072374582
12397,29.874185125213792
12398,-8.41539931436926
12399,-17.817842656025604
12400,-17.090823528474253
12401,-6.842867489353464
12402,-20.826644014116265
12403,-22.0831990649186
12404,-22.158408376120136
12405,-14.511086870631583
12406,-5.441521079275948
12407,-18.62047112845857
12408,-24.125742270436028
12409,-24.720722707038412
12410,-35.756646989002434
12411,-44.7579958119108
12412,-52.42247665612733
12413,-58.67807136041264
12414,-77.03173635520521
12415,-78.62550457817711
12416,-85.81196345565337
12417,-85.81196345565337
12418,-73.15549350908339
12419,-76.42080481810092
12420,-78.57791445856262
12421,-78.57791445856262
12422,-61.76149760599362
12423,-61.76149760599362
12424,-64.25453470895488
12425,-63.831026933801546
12426,-62.980424823082345
12427,-62.980424823082345
12428,-62.980424823082345
12429,-62.980424823082345
12430,-57.50184533341243
12431,-57.49052228379077
12432,-66.95099656610601
12433,-66.95099656610601
12434,-57.49052228379077
12435,-57.49052228379077
12436,-65.56991433302346
12437,-65.56991433302346
12438,-35.88588369353819
12439,-30.193158683539604
12440,-23.8967007475038
12441,-16.221109200531092
12442,-13.293297438159762
12443,0.6519595038113073
12444,0.6519595038113073
12445,-0.48576968104154766
12446,12.24163616022861
12447,17.731914160843676
12448,14.361149627413994
12449,13.948385669730953
12450,17.382025928805074
12451,19.112448550123524
12452,42.78744027884162
12453,25.800883213604294
12454,29.077404750663796
12455,22.905743877544282
12456,21.87958943158176
12457,68.01784098713519
12458,30.06715719113923
12459,25.502683866766283
12460,3.8100266953665956
12461,1.417066887086289
12462,-1.1482979913578055
12463,18.2594335424297
12464,8.537659457736474
12465,-1.1763467198466542
12466,4.321022499633978
12467,3.797028803869768
12468,5.905648303982964
12469,5.905648303982964
12470,11.89182660419428
12471,9.25924508258955
12472,6.63961957416808
12473,11.127465866802032
12474,10.95151769314551
12475,20.64659982663091
12476,24.675930665063333
12477,22.79359735193107
12478,6.553731457633426
12479,3.0824074306446994
12480,7.125798900350994
12481,7.125798900350994
12482,7.058640325746141
12483,6.419135170020415
12484,0.9719133728471725
12485,3.3963839791079833
12486,3.7915155923787323
12487,7.275932171913248
12488,6.217717022697529
12489,12.723153969086493
12490,18.347738631777364
12491,7.9249926219242335
12492,5.225887284507622
12493,43.31727492122935
12494,-2.5788779052014608
12495,-7.935674037395461
12496,-7.305441352366038
12497,-17.740831943189566
12498,-19.090263270426373
12499,-16.54940510524695
12500,-15.727267113392326
12501,22.516200520041618
12502,-2.518918814749507
12503,-8.253122836945671
12504,-8.642915104502215
12505,-12.658725664545564
12506,-32.87042094139819
12507,-39.99253979512983
12508,-39.99253979512983
12509,-45.19159964018543
12510,-50.01363442795968
12511,-41.73790767176925
12512,-41.73790767176925
12513,-40.75179158616993
12514,-21.32059246802335
12515,-22.86928240628756
12516,-46.89454003125711
12517,-46.89454003125711
12518,-36.321263170929726
12519,-38.670437438208864
12520,-38.670437438208864
12521,-37.28930737574441
12522,-29.172257259608152
12523,-3.4096314062057402
12524,-7.738920566158102
12525,-34.96088477888076
12526,-31.605149497999328
12527,-31.605149497999328
12528,-19.30962101796536
12529,-19.30962101796536
12530,-2.4777621866367614
12531,0.2648597217250372
12532,18.099179372614888
12533,-17.36730163380225
12534,-7.422058750075201
12535,-2.245238707309393
12536,-3.6958627639427184
12537,-5.442001222945603
12538,-4.773484822726607
12539,-2.9444744045876843
12540,4.264555558218084
12541,7.827471064092803
12542,3.477533110174119
12543,7.281186483445776
12544,-5.96787111235384
12545,-7.856478327272645
12546,-4.192349662371531
12547,1.2024515769562911
12548,1.0432599649431673
12549,1.6803823063949257
12550,-4.127957265863426
12551,-8.705973519058375
12552,-15.676914673820992
12553,-17.115333744984273
12554,-7.721282496355959
12555,-7.721282496355959
12556,3.343382848750965
12557,1.0559408492070996
12558,-6.103534259207596
12559,-6.143563754788776
12560,-0.954219811468398
12561,3.084793896292861
12562,10.615681779946424
12563,4.234178921017647
12564,4.234178921017647
12565,1.6015973994129158
12566,1.2486354091108236
12567,2.7800833747364067
12568,2.7800833747364067
12569,4.5639456852239215
12570,3.7648391971121407
12571,5.548701507599654
12572,5.548701507599654
12573,6.5877998524727985
12574,10.135848295416654
12575,15.530328560992
12576,11.860356883004716
12577,7.578454285141977
12578,7.578454285141977
12579,7.578454285141977
12580,8.232825031030053
12581,8.232825031030053
12582,6.675051393009507
12583,6.675051393009507
12584,8.020587608428103
12585,6.675051393009507
12586,15.462608622597212
12587,15.462608622597212
12588,4.019540578339771
12589,-10.487366914406994
12590,-12.421904327389708
12591,-11.799647598161283
12592,-11.604273663668934
12593,-6.695330333205631
12594,-6.823925079129984
12595,-15.788437855418348
12596,-12.660272040980235
12597,-11.410180976157616
12598,-9.675277329247333
12599,-9.675277329247333
12600,-22.192147785907313
12601,-28.761926837453824
12602,-26.091595965038678
12603,-35.95501546224702
12604,-36.97878846420669
12605,-38.00033976790131
12606,-45.462745167075155
12607,-59.5425113297564
12608,-68.94729896756807
12609,-68.94729896756807
12610,-62.15326565337666
12611,-65.4185769623942
12612,-65.4185769623942
12613,-67.5756866028559
12614,-50.75926975028691
12615,-51.09444466929759
12616,-48.92301769329581
12617,-48.92301769329581
12618,-48.07241558257662
12619,-52.40170474252898
12620,-52.40170474252898
12621,-51.97819696737564
12622,-48.622461686494205
12623,-51.90579570299279
12624,-51.90579570299279
12625,-49.41275860003153
12626,-59.9851877522255
12627,-54.818517116857976
12628,-50.77327339478529
12629,-51.20608746439162
12630,-42.334228769218775
12631,-39.91351933996895
12632,-38.32297482929919
12633,-48.189938769977765
12634,-32.34714902608242
12635,-31.132581550854802
12636,-14.260123918024048
12637,-16.40387932165282
12638,-25.40435961925869
12639,-27.89381329778043
12640,-22.50421850401881
12641,-15.885980198525756
12642,-7.803449376288627
12643,-8.58115091428346
12644,-0.8090609586955593
12645,-0.8090609586955593
12646,-0.4155287090897479
12647,-0.4155287090897479
12648,-1.9876317918519395
12649,-8.04023119320126
12650,-8.205434819569366
12651,-10.385528368410535
12652,-8.05697041107731
12653,-8.851948519222434
12654,-10.599958262394304
12655,-10.187194304711266
12656,-8.403331994223752
12657,-7.101751976024906
12658,-2.613383306893384
12659,-2.613383306893384
12660,-2.613383306893384
12661,-2.613383306893384
12662,-2.613383306893384
12663,-2.613383306893384
12664,-2.613383306893384
12665,-2.613383306893384
12666,-0.7050872461016942
12667,-2.006667264300544
12668,-2.006667264300544
12669,-2.006667264300544
12670,5.25751651061019
12671,5.25751651061019
12672,5.25751651061019
12673,5.25751651061019
12674,5.25751651061019
12675,5.25751651061019
12676,5.25751651061019
12677,5.25751651061019
12678,7.077131626572235
12679,6.664367668889194
12680,6.664367668889194
12681,6.664367668889194
12682,7.487209761604432
12683,8.282187869749563
12684,-1.7682009262255125
12685,-0.4089572347829701
12686,5.913999769086076
12687,5.913999769086076
12688,7.879287181103641
12689,9.587347488681473
12690,8.423534616487842
12691,9.045661887551073
12692,12.812765156360353
12693,12.812765156360353
12694,-7.154330337651923
12695,-12.351816824920965
12696,-32.62461534464378
12697,-67.21795247256173
12698,-76.6450817666032
12699,-59.732682501013855
12700,-65.86574752352684
12701,-87.46618175464664
12702,-75.75414241271348
12703,-87.61947818594324
12704,-99.7346254555827
12705,-261.864587295071
12706,-242.1652290960652
12707,-450.9669364131671
12708,-276.89022494259615
12709,-276.89022494259615
12710,-133.6075216372749
12711,-292.01436365240306
12712,-292.01436365240306
12713,-292.01436365240306
12714,-290.69628329132877
12715,-290.69628329132877
12716,-290.69628329132877
12717,-290.69628329132877
12718,-118.74298639471755
12719,-270.13331312166105
12720,-70.8982449255005
12721,-61.799084054914346
12722,-61.799084054914346
12723,-61.5032993980874
12724,-58.57609870722771
12725,-46.1412650258838
12726,-39.1514312764809
12727,-50.67762775752756
12728,-23.832590923128084
12729,-25.666851845558522
12730,-37.92653463306899
12731,-33.39054245847792
12732,-27.69269151625424
12733,-24.97646853579266
12734,-23.917730913074696
12735,-23.009650018065994
12736,-19.011203736207282
12737,-19.68021908803365
12738,-11.59768826579651
12739,-8.641674500089891
12740,2.6013221282935106
12741,2.6013221282935106
12742,2.994854377899322
12743,2.994854377899322
12744,-1.706669915332791
12745,-8.43561159247974
12746,-6.230667072119425
12747,-6.230667072119425
12748,-7.39868718814536
12749,-7.39868718814536
12750,-5.614824877657846
12751,-5.614824877657846
12752,-5.614824877657846
12753,-4.433296683658546
12754,0.9786122238889299
12755,0.9786122238889299
12756,1.647627575715297
12757,0.7240873372993415
12758,0.9786122238889299
12759,0.9786122238889299
12760,0.9786122238889299
12761,-0.20291597011036921
12762,1.9633680462646634
12763,1.9633680462646634
12764,1.9633680462646634
12765,1.9633680462646634
12766,-1.966669961451521
12767,-0.5301797900500449
12768,-0.5301797900500449
12769,-0.5301797900500449
12770,-0.5301797900500449
12771,-0.5301797900500449
12772,-0.5301797900500449
12773,-0.5301797900500449
12774,0.07122767783078737
12775,0.9947679162467427
12776,1.8263606200048634
12777,2.3623598246522692
12778,-0.3458588680421327
12779,-0.3458588680421327
12780,-7.509388035385137
12781,-7.443763729938621
12782,-1.2683621176146804
12783,-1.570795791693313
12784,-1.570795791693313
12785,0.13726451588452077
12786,1.2895209152519098
12787,11.514882141989878
12788,13.820840248913207
12789,9.909338264897691
12790,12.800861485849422
12791,5.794581922921666
12792,-15.317184591202265
12793,-15.935234155259373
12794,-36.78977017940235
12795,-42.41908975987159
12796,-45.01514400863437
12797,-48.82938753522149
12798,-47.22065426717966
12799,-341.4759453587845
12800,-55.82183584534013
12801,-49.878191964811876
12802,-49.99518474688895
12803,-60.32080545865303
12804,-60.32080545865303
12805,-37.24639097944457
12806,98.70385218517997
12807,-99.65158419942593
12808,-214.57132801431393
12809,-220.58400995560132
12810,-214.56106234256714
12811,-214.56106234256714
12812,-215.73361105362164
12813,-203.3566649445052
12814,-82.58814874577446
12815,116.41596540722595
12816,124.79156986460634
12817,26.603998756399545
12818,-14.385547004920458
12819,-15.365377872416127
12820,-468.54453401343534
12821,-10.25438302428185
12822,-10.447453188004484
12823,-15.475302543404307
12824,-9.776372416851737
12825,6.183861016046498
12826,-3.618997442721639
12827,-5.657527916536228
12828,0.32264475789158953
12829,-0.9503114061216436
12830,-20.040460573958196
12831,-29.949828287498164
12832,-12.286197811587837
12833,-4.066190886099211
12834,-1.6984902412524674
12835,7.69231320124885
12836,12.861192966698352
12837,12.861192966698352
12838,1.4854373119828628
12839,1.4854373119828628
12840,-9.035873377600321
12841,-19.033483751109426
12842,-17.64358617144936
12843,-16.754748335457947
12844,-11.941492578827017
12845,-10.475396869507502
12846,-10.439544302191859
12847,-10.439544302191859
12848,-10.439544302191859
12849,-10.439544302191859
12850,-5.027635394644386
12851,-5.027635394644386
12852,-4.555619213368556
12853,-4.555619213368556
12854,-4.555619213368556
12855,-4.555619213368556
12856,-4.555619213368556
12857,-4.555619213368556
12858,-1.4007547804326703
12859,-1.4007547804326703
12860,-1.4007547804326703
12861,-1.4007547804326703
12862,-1.2618383165663434
12863,-1.2618383165663434
12864,-1.2618383165663434
12865,-1.2618383165663434
12866,-1.2618383165663434
12867,-1.2618383165663434
12868,-1.2618383165663434
12869,-0.4302456128082221
12870,0.17116185507261023
12871,1.4569387661905502
12872,1.9929379708379558
12873,3.258048157910699
12874,-0.7152807218564464
12875,-0.7152807218564464
12876,-9.848771550993108
12877,-8.919666445276892
12878,-1.8577394217885952
12879,-1.051379809516213
12880,-1.051379809516213
12881,0.6566804980616203
12882,13.139295911211795
12883,10.05869914365933
12884,5.406863949470595
12885,7.561296654484329
12886,10.314343514463786
12887,-8.666816043360878
12888,-28.781062591280776
12889,-46.19851515968706
12890,-50.44301842168781
12891,-55.36487735754254
12892,-66.28914369624644
12893,-66.11757719902496
12894,-520.774519459134
12895,-354.36699436970775
12896,-352.34461595400853
12897,-162.4386397295786
12898,27.900465132869638
12899,-254.88741489864893
12900,-554.5305367290779
12901,-852.1868335395533
12902,-623.4928199601444
12903,-605.7909064909841
12904,-605.7909064909841
12905,-605.7909064909841
12906,-526.6935959570527
12907,-525.529783084859
12908,-526.6935959570527
12909,-525.529783084859
12910,-526.5381181739822
12911,-526.5381181739822
12912,-411.6183743590941
12913,-166.1289319886623
12914,-214.21642555091373
12915,-237.1869581156479
12916,-237.1869581156479
12917,-153.4009409988154
12918,-63.48382265622511
12919,5.812962972477908
12920,-24.701910018118387
12921,-27.20969561365222
12922,-28.00683339223295
12923,-25.465933349154106
12924,-6.801681315834117
12925,-0.806072452883617
12926,-10.051538039374016
12927,-14.181719882844668
12928,-11.849964252460882
12929,-13.159724912525057
12930,-3.3785087972675427
12931,4.317639416311267
12932,8.498677832027017
12933,12.394910181798734
12934,0.6001273077356726
12935,1.019154527083244
12936,-9.502156162499944
12937,-18.58785866422349
12938,-16.620348866802537
12939,-17.906125777920476
12940,-13.092870021289547
12941,-11.552983416678872
12942,-11.552983416678872
12943,-11.552983416678872
12944,-9.142764944063472
12945,-9.142764944063472
12946,-3.0618406846896358
12947,-1.6023321670727573
12948,-3.6629420676724784
12949,-2.3590062644130283
12950,-3.58187168622441
12951,-3.58187168622441
12952,-3.58187168622441
12953,-3.58187168622441
12954,-1.7367679133526936
12955,-1.7367679133526936
12956,-2.660308151768649
12957,-2.660308151768649
12958,3.5841718086501477
12959,3.0424121582049115
12960,3.0424121582049115
12961,5.575038240080459
12962,1.5319932505508216
12963,1.5319932505508216
12964,1.5319932505508216
12965,1.5319932505508216
12966,3.0569409568476087
12967,4.493431128249088
12968,4.493431128249088
12969,6.590134019079952
12970,2.6168051393128073
12971,1.3132588515010741
12972,-3.497836152900706
12973,-1.0754510228776013
12974,2.489256491061581
12975,3.435325599988405
12976,4.277537779576428
12977,5.323617452817653
12978,17.16759283052585
12979,13.37505514504029
12980,15.352591738609068
12981,15.895687414584469
12982,17.39801979014838
12983,13.215564146183086
12984,4.516178747893659
12985,-3.728746516673794
12986,-22.37427553956317
12987,-48.739717426188946
12988,-48.822730331004436
12989,-48.822730331004436
12990,-52.448787527759045
12991,-89.09511535404528
12992,-139.9068026058023
12993,-59.59619037454291
12994,-332.34723725452744
12995,-359.5628710579392
12996,-326.30239686794147
12997,-371.0112666077043
12998,-420.61598117799093
12999,-420.61598117799093
13000,-420.61598117799093
13001,-420.61598117799093
13002,-419.0520530247992
13003,-37.39145926830922
13004,-37.39145926830922
13005,-37.39145926830922
13006,-340.2593285098664
13007,109.49386920919662
13008,60.33091505167185
13009,39.945950160994094
13010,3.5408398674396486
13011,2.5262240666221025
13012,-16.492938346755324
13013,-16.006841604691665
13014,-23.015641109296272
13015,-19.05502843000336
13016,-18.85917645646153
13017,-2.670471681494542
13018,-2.9531340347068364
13019,-1.6091419389168085
13020,4.154388026697653
13021,1.045757486921613
13022,-16.731978728455765
13023,-15.762589209057769
13024,-8.836670765768098
13025,-1.192911769306901
13026,7.659848823219378
13027,9.352654362088696
13028,8.240736556446326
13029,10.671106548054704
13030,11.244724244705916
13031,-1.5388395788946498
13032,-7.62495650018454
13033,-16.710659001908077
13034,-14.694633355227046
13035,-14.658780787911402
13036,-9.845525031280479
13037,-7.763878776224571
13038,-8.305638426669807
13039,-8.305638426669807
13040,-8.305638426669807
13041,-7.882130651516461
13042,-2.470221743968985
13043,-1.9982055626931545
13044,-1.9982055626931545
13045,-1.9982055626931545
13046,-1.9982055626931545
13047,-1.9982055626931545
13048,-3.7820678731806683
13049,-1.9982055626931545
13050,-0.08990950190146585
13051,-0.08990950190146585
13052,-0.08990950190146585
13053,-0.08990950190146585
13054,3.892023660368257
13055,3.892023660368257
13056,3.892023660368257
13057,3.892023660368257
13058,3.892023660368257
13059,3.892023660368257
13060,3.892023660368257
13061,3.892023660368257
13062,5.325023832007207
13063,5.325023832007207
13064,5.325023832007207
13065,1.1956537535046186
13066,2.6168051393128073
13067,1.3132588515010741
13068,-3.497836152900706
13069,-0.5394518182301956
13070,3.0252556957089864
13071,3.435325599988405
13072,4.241685212260784
13073,5.323617452817653
13074,17.16759283052585
13075,17.743511431520815
13076,17.63866866790012
13077,15.12721674298869
13078,16.5581530583653
13079,17.320631865140356
13080,13.595442092286776
13081,7.030924901855333
13082,-2.235551666406739
13083,-21.998174305662406
13084,-45.178843854726225
13085,-47.376984107317355
13086,-46.36311571971067
13087,-46.36311571971067
13088,-53.104359375191486
13089,-125.11208664242638
13090,-136.6695039666983
13091,-64.39799693380508
13092,-372.9398494370495
13093,-437.55146322484427
13094,-432.04116481962893
13095,-432.04116481962893
13096,-432.04116481962893
13097,-439.78210816631383
13098,-394.11148003693677
13099,-26.176320141179698
13100,-128.698740369165
13101,-8.829296651792086
13102,-25.241197038802483
13103,-25.241197038802483
13104,-15.168906960333997
13105,-15.751727505131912
13106,-17.353892849952196
13107,-13.80419229177845
13108,-14.514524773013301
13109,-12.628771524676909
13110,-5.868748365250827
13111,0.41446759495889063
13112,2.4073242728585864
13113,3.7712366610259664
13114,-0.547527167069475
13115,1.045757486921613
13116,1.91137627484802
13117,9.644347858354783
13118,-12.131834638881305
13119,-3.583302106671619
13120,-1.2156014618248734
13121,10.42498460546943
13122,10.42498460546943
13123,12.98340893226515
13124,12.98340893226515
13125,16.147942759570377
13126,12.517188189393917
13127,3.0377206568665684
13128,25.971342347924498
13129,-6.395058073729001
13130,-15.246970526956849
13131,-15.246970526956849
13132,-13.089394494310303
13133,-9.807586703304962
13134,-19.40455472356503
13135,-13.96979369131662
13136,-13.96979369131662
13137,-12.438345725691041
13138,-7.669046947777736
13139,-7.209686605308746
13140,-6.567076475674578
13141,-6.567076475674578
13142,-3.2852686846692376
13143,-3.2852686846692376
13144,-3.2852686846692376
13145,-2.8132525033934077
13146,-0.9787473378928773
13147,-0.9787473378928773
13148,-0.9787473378928773
13149,-0.08990950190146585
13150,8.542206109591138
13151,8.542206109591138
13152,8.542206109591138
13153,8.542206109591138
13154,8.542206109591138
13155,8.006206904943731
13156,8.006206904943731
13157,8.006206904943731
13158,6.448433266923186
13159,6.448433266923186
13160,6.984432471570591
13161,2.319063188420596
13162,2.306252117082535
13163,-0.10377503225315643
13164,-2.558109212078348
13165,-0.9460310199915188
13166,-0.3494310258857033
13167,4.522882467588741
13168,3.896754400567774
13169,15.459532522948017
13170,16.57145032859039
13171,21.910265206344675
13172,21.910265206344675
13173,27.62245528821336
13174,24.958384956481186
13175,19.050846896716582
13176,16.091623286122715
13177,17.730701769419774
13178,17.320631865140356
13179,10.578465019451224
13180,4.013947829019783
13181,2.9923965253251623
13182,5.966735721296938
13183,4.602823333129556
13184,-9.070013777175424
13185,-11.253984397299146
13186,9.728252878117784
13187,9.529165156572143
13188,9.529165156572143
13189,9.529165156572143
13190,9.782628500349793
13191,9.782628500349793
13192,9.782628500349793
13193,9.981716221895434
13194,12.99127721680126
13195,13.25719087637295
13196,13.25719087637295
13197,12.431600501590845
13198,12.431600501590845
13199,12.431600501590845
13200,15.107539302547872
13201,16.471451690715252
13202,16.742393505744275
13203,16.742393505744275
13204,13.013655511783158
13205,13.013655511783158
13206,12.053603391174507
13207,12.053603391174507
13208,15.969267203344303
13209,15.969267203344303
13210,4.6765120570980745
13211,9.644347858354783
13212,9.644347858354783
13213,10.054417762634204
13214,-9.54887727831368
13215,-7.1811766334669365
13216,7.111768402198751
13217,10.42498460546943
13218,12.98340893226515
13219,12.09457109627374
13220,11.21014413677469
13221,12.517188189393917
13222,11.267794280500059
13223,2.9002445536150816
13224,-12.892806342800883
13225,-15.490388635906791
13226,-14.100491056246728
13227,-13.474362989225764
13228,-10.108495284708331
13229,-9.5730151043804
13230,-6.826687493702992
13231,-9.5730151043804
13232,-8.033128499769726
13233,-8.033128499769726
13234,-5.479519608074244
13235,-10.905842001337552
13236,-10.905842001337552
13237,-8.312547591898674
13238,-6.306733362789372
13239,-6.719497320472413
13240,-7.643037558888368
13241,-6.848059450743241
13242,-1.6244531138384575
13243,-1.6244531138384575
13244,-2.421563105546102
13245,-0.6377007950585889
13246,6.975719271996186
13247,6.975719271996186
13248,2.8463491934935963
13249,6.975719271996186
13250,5.811906399802559
13251,5.811906399802559
13252,6.78451873167428
13253,6.78451873167428
13254,5.226745093653732
13255,5.226745093653732
13256,5.226745093653732
13257,1.4712400369616625
13258,2.892391422769853
13259,-2.603757279645124
13260,-7.157997373205224
13261,-5.388683777483261
13262,-1.4944593747856243
13263,0.8840439566375284
13264,0.8840439566375284
13265,-1.4604184873480288
13266,-0.7417943148598801
13267,-0.7417943148598801
13268,2.799135457261273
13269,2.1621334662858764
13270,4.681298567096277
13271,2.7741430486826397
13272,2.7741430486826397
13273,-0.7371993037558445
13274,-2.4765019348176143
13275,-9.22478249658717
13276,-19.362685701141277
13277,-33.01528950150464
13278,-28.863765467009525
13279,-34.06593257196228
13280,-35.15003851579444
13281,-36.302051350884526
13282,-22.670233143024152
13283,-22.670233143024152
13284,-22.670233143024152
13285,-22.670233143024152
13286,-23.097032050699156
13287,-23.097032050699156
13288,-27.116833774542684
13289,-27.116833774542684
13290,-22.789192418562564
13291,-23.566263609260393
13292,-23.566263609260393
13293,-22.789192418562564
13294,-15.413655413837612
13295,-15.413655413837612
13296,-16.346719239751295
13297,-15.109617979965874
13298,-13.957605144875776
13299,-13.957605144875776
13300,-13.89505050473825
13301,-13.695962783192606
13302,-8.952420062706594
13303,-7.930868759011971
13304,-7.930868759011971
13305,-6.057761599162671
13306,-9.459328750887673
13307,-6.364989610333769
13308,-8.854443288855515
13309,-8.854443288855515
13310,-22.50421850401881
13311,-15.885980198525756
13312,-15.885980198525756
13313,-7.803449376288627
13314,-6.729967877402495
13315,-0.8090609586955593
13316,-2.035608627265897
13317,-2.758761919999956
13318,-2.365229670394145
13319,-1.3469914767389266
13320,-2.5995781312909494
13321,-8.461215078504429
13322,-5.345394056107611
13323,-1.5959539832486662
13324,-0.06450601762308522
13325,1.7193562928644293
13326,1.1953625971002197
13327,1.1953625971002197
13328,1.1953625971002197
13329,0.27182235868426463
13330,2.3684209901186457
13331,2.3684209901186457
13332,5.683731266231744
13333,5.683731266231744
13334,6.5374917262022265
13335,6.5374917262022265
13336,6.5374917262022265
13337,6.5374917262022265
13338,2.201217596709801
13339,2.201217596709801
13340,2.201217596709801
13341,2.201217596709801
13342,10.953787951903784
13343,13.488145600319346
13344,13.488145600319346
13345,13.488145600319346
13346,11.083284109404818
13347,11.083284109404818
13348,11.083284109404818
13349,11.083284109404818
13350,10.743718119465484
13351,10.743718119465484
13352,10.743718119465484
13353,9.313816122614412
13354,13.139828999337126
13355,3.8942402240632044
13356,-0.13766066955172895
13357,-2.596337156179085
13358,-3.1494163095054026
13359,-0.6766995905435337
13360,-4.308108750028402
13361,-4.308108750028402
13362,-3.0244278452018807
13363,-4.409244163670359
13364,-3.624982709770241
13365,-0.08405293764908561
13366,3.009701828121872
13367,3.009701828121872
13368,-7.95728005014782
13369,-19.310117200988696
13370,-21.532243931265178
13371,-23.740092196593906
13372,-26.527932247653112
13373,-31.13434073727019
13374,-34.40005971611822
13375,-43.52204014182597
13376,-43.5845947819635
13377,-44.73660761705359
13378,-20.245371826817724
13379,-18.985188973182247
13380,-24.721617338728656
13381,-27.397556139685676
13382,-25.14841624640366
13383,-55.514920566168406
13384,-35.57861429035877
13385,-35.57861429035877
13386,-31.25097293437864
13387,-31.25097293437864
13388,-31.25097293437864
13389,-31.25097293437864
13390,-27.59945299667023
13391,-25.194591505755696
13392,-33.40650631371717
13393,-65.23063053782565
13394,-64.89203701924845
13395,-86.86559733939136
13396,-65.36141721010699
13397,-50.81271509831066
13398,-58.73123565441793
13399,-60.91143699696306
13400,-56.34973075074245
13401,-25.723897109449734
13402,-30.040160306250833
13403,-18.1013625892057
13404,-11.782581270461858
13405,-6.212905771340054
13406,-27.221933140113624
13407,-17.56860801430727
13408,-18.944349748729895
13409,-18.944349748729895
13410,-10.691043557477009
13411,-7.1551247058801835
13412,-1.2342177871732527
13413,-3.5104845321634297
13414,-2.9681164423805684
13415,-2.595529150887416
13416,-4.657457126489109
13417,3.2635844755237433
13418,9.997240008157362
13419,13.746680081016311
13420,3.962208968193044
13421,3.962208968193044
13422,65.91180920422678
13423,78.59310916348383
13424,20.39197929009296
13425,20.391468103025314
13426,23.943732372053155
13427,71.24922139772161
13428,72.57203924909096
13429,66.43238239399273
13430,75.59996479384019
13431,75.59996479384019
13432,75.59996479384019
13433,71.57063395540774
13434,65.21748485348587
13435,65.56895764918427
13436,65.56895764918427
13437,76.14028743764605
13438,12.13312789115341
13439,12.13312789115341
13440,10.60638599761193
13441,10.60638599761193
13442,12.13312789115341
13443,3.286960839121554
13444,3.286960839121554
13445,23.834372849936102
13446,5.0257438258890135
13447,1.9058925945986722
13448,1.9058925945986722
13449,21.623297664210828
13450,3.4918180683149957
13451,39.24309407156357
13452,43.179154625559114
13453,-19.07724281510218
13454,-29.85014705001352
13455,-39.88095649791245
13456,-31.6026248112303
13457,-39.99056462203885
13458,-38.52636735596616
13459,-24.831480814356524
13460,-24.831480814356524
13461,-33.649048112832624
13462,-24.80115704866897
13463,-35.63283711361784
13464,-40.47438979076783
13465,-45.97966093274531
13466,-42.52800171541496
13467,-51.921723709856046
13468,-63.490226117766575
13469,-183.34409222571935
13470,-159.0895464537102
13471,-197.17238479640758
13472,-108.3331641769788
13473,-113.26383454563525
13474,-100.532521646337
13475,-100.532521646337
13476,-100.532521646337
13477,-104.57776536840969
13478,-100.49088730849638
13479,-101.6491773631062
13480,-89.9184581563024
13481,-92.41149525926366
13482,-88.67680490462638
13483,-88.67680490462638
13484,-88.67680490462638
13485,-88.2250742311057
13486,-94.32981323253951
13487,-84.86933895022428
13488,-84.86933895022428
13489,-84.86933895022428
13490,-87.58365136452845
13491,-91.32201503486151
13492,-69.98849924561414
13493,-69.64935995343103
13494,-49.20428106676772
13495,-68.13643105367674
13496,-54.81865848010355
13497,-22.488004123805112
13498,-28.484139090331492
13499,-15.011427796771883
13500,-17.716850483636026
13501,-14.931862335282023
13502,-26.81500732477813
13503,-26.81500732477813
13504,-17.161682198971782
13505,-16.033721894093798
13506,-17.748065869975683
13507,-10.413628424567353
13508,-4.492721505860423
13509,-4.492721505860423
13510,-3.168470472558847
13511,-4.7034406017481585
13512,-6.0994090459787325
13513,-15.224111163439568
13514,-12.844814417466877
13515,-11.115148073450463
13516,-9.20217169994482
13517,-5.576043665148371
13518,-11.254036836613079
13519,-13.434130385454246
13520,-11.105572428121024
13521,-11.105572428121024
13522,-6.708098739583304
13523,-6.672246172267658
13524,-6.672246172267658
13525,-6.672246172267658
13526,-5.370666154068808
13527,-5.370666154068808
13528,-5.370666154068808
13529,-6.294206392484764
13530,-3.1393419595488785
13531,-3.1393419595488785
13532,-3.1393419595488785
13533,-3.1393419595488785
13534,2.5805457140391583
13535,2.5805457140391583
13536,0.615258302021594
13537,0.615258302021594
13538,0.615258302021594
13539,0.615258302021594
13540,0.615258302021594
13541,0.615258302021594
13542,-0.9425153359989534
13543,-0.018975097582998424
13544,-0.018975097582998424
13545,-4.1483451760855905
13546,-2.7271937902774
13547,-7.9254355456028405
13548,-10.282196370179427
13549,-6.128702007556686
13550,-1.940217645507627
13551,-1.940217645507627
13552,-1.940217645507627
13553,0.1417076838807272
13554,-2.2679118229143995
13555,16.098805843183527
13556,11.38664275435123
13557,6.128188736535143
13558,8.537525991270362
13559,11.799218563487443
13560,12.18713273950879
13561,8.461942966655204
13562,-3.132410773093856
13563,-10.208771627389856
13564,-9.01843995202511
13565,-18.556092736728072
13566,-37.16955427213561
13567,-38.89196627360618
13568,-40.04397910869626
13569,-41.21928321891438
13570,-9.467816746597977
13571,-9.467816746597977
13572,-9.467816746597977
13573,-9.467816746597977
13574,-8.079338352123896
13575,-8.079338352123896
13576,-8.079338352123896
13577,-5.403399551166866
13578,8.699420789177019
13579,6.837075472852081
13580,7.98908830794217
13581,-7.951756503366668
13582,11.855593877179025
13583,15.859174179620926
13584,15.033583804838827
13585,15.033583804838827
13586,15.835505913962717
13587,17.55727584402663
13588,17.55727584402663
13589,21.68579082885534
13590,12.197221638132461
13591,12.197221638132461
13592,12.197221638132461
13593,16.19566791999117
13594,5.231556984905132
13595,4.562541633078767
13596,11.488460076368433
13597,13.85616072121518
13598,-2.838716192003826
13599,4.815967955234135
13600,4.815967955234135
13601,7.37439228202986
13602,7.37439228202986
13603,7.37439228202986
13604,10.515856073540938
13605,10.515856073540938
13606,12.999709429947194
13607,2.453661831647753
13608,-15.997183193692813
13609,-18.58785866422349
13610,-17.19796108456342
13611,-17.19796108456342
13612,-12.384705327932492
13613,-12.384705327932492
13614,-10.808966156006173
13615,-10.808966156006173
13616,-10.808966156006173
13617,-14.090773947011517
13618,-14.105187432727352
13619,-5.397057248458699
13620,-6.21081797830081
13621,-6.21081797830081
13622,-6.21081797830081
13623,-7.994680288788322
13624,-6.21081797830081
13625,-6.21081797830081
13626,-3.0559535453649245
13627,-3.0559535453649245
13628,-3.0559535453649245
13629,-3.0559535453649245
13630,3.892023660368257
13631,3.892023660368257
13632,3.892023660368257
13633,3.892023660368257
13634,3.892023660368257
13635,3.892023660368257
13636,3.892023660368257
13637,3.892023660368257
13638,4.493431128249088
13639,5.325023832007207
13640,5.861023036654612
13641,1.7316529581520244
13642,3.152804343960213
13643,-0.6050761236767123
13644,-2.9618369482533002
13645,-1.2824884318781193
13646,3.619428483032362
13647,4.241685212260784
13648,3.352847376269373
13649,2.7267193092484074
13650,14.570694686956609
13651,17.390672800176816
13652,23.767754981030677
13653,21.933335242138824
13654,28.773992677760898
13655,26.780157054724672
13656,22.24051568391047
13657,21.32860781212491
13658,17.212771822583584
13659,24.475552161376648
13660,22.837147290152284
13661,20.933251396554468
13662,22.641706843220224
13663,22.275824570701985
13664,16.83002458050328
13665,16.83002458050328
13666,25.138766795712183
13667,27.581094505775358
13668,25.177007051831183
13669,25.177007051831183
13670,25.430470395608832
13671,22.64404343449518
13672,22.64404343449518
13673,21.2801310463278
13674,17.23391542250153
13675,17.23391542250153
13676,17.23391542250153
13677,14.871232527149902
13678,14.871232527149902
13679,14.871232527149902
13680,16.59603083072847
13681,16.59603083072847
13682,14.993865485908186
13683,13.821316774853708
13684,17.33341918037508
13685,16.684471301059876
13686,8.681536260039602
13687,7.815917472113197
13688,6.330134644660305
13689,11.355611826442907
13690,2.340541265070282
13691,-1.3795706741209532
13692,1.4068562869926977
13693,1.4068562869926977
13694,-9.673452509555045
13695,-9.673452509555045
13696,-0.6790138155323548
13697,8.244750778084295
13698,7.301132405055962
13699,11.49065179845973
13700,16.28812944589347
13701,16.28812944589347
13702,10.14390052586988
13703,7.805435051657165
13704,1.499569221962762
13705,-5.657902022626258
13706,-15.006432556935433
13707,-8.010890982448684
13708,-8.010890982448684
13709,-3.1845530408085336
13710,-7.38476291542772
13711,1.7951611182275615
13712,-3.1331990655110893
13713,-4.635143460812243
13714,0.9392409449892825
13715,2.5862037398195343
13716,-0.4107587931737744
13717,-2.571324133502676
13718,4.648462969799527
13719,4.648462969799527
13720,2.6148182844973293
13721,0.25213538914571476
13722,1.3268152547784682
13723,0.40327501636251295
13724,-2.924923102168196
13725,-2.924923102168196
13726,5.098566869166
13727,5.098566869166
13728,5.098566869166
13729,3.70174464610671
13730,4.8655575183003394
13731,4.8655575183003394
13732,4.8655575183003394
13733,5.035354788802086
13734,5.5922937744393915
13735,5.5922937744393915
13736,5.5922937744393915
13737,1.8367887177473223
13738,4.230552435427232
13739,-3.4630755359712535
13740,-5.819836360547844
13741,-1.5245805211443586
13742,0.806140124102395
13743,-1.5383223198831617
13744,0.15870972161624475
13745,3.134608939464016
13746,16.186665812433866
13747,15.717324060619445
13748,15.327160009341474
13749,18.312901717214285
13750,12.808139466269786
13751,11.942123031814084
13752,-6.291199909142674
13753,-13.708211990190165
13754,-13.281983683552966
13755,-33.2640597175847
13756,-33.872190899655436
13757,-34.5279892729594
13758,-27.228826483494174
13759,-33.17223672304355
13760,-33.44943763224442
13761,-34.46433875492977
13762,-26.017465185005385
13763,-26.017465185005385
13764,-26.017465185005385
13765,-26.017465185005385
13766,-14.737621909731658
13767,-47.99809609972943
13768,-47.99809609972943
13769,-13.125123575380583
13770,-5.008073459244324
13771,-5.008073459244324
13772,-5.008073459244324
13773,5.227233904026116
13774,8.582969184907547
13775,7.294318176873979
13776,6.121769465819497
13777,3.9077356859798815
13778,7.227429277014338
13779,8.24898058070896
13780,8.24898058070896
13781,2.6884356562202827
13782,-5.528584692805975
13783,-5.266942331122804
13784,-3.6369667699629904
13785,-0.6671784144041604
13786,-8.028271171402642
13787,-9.140188977045012
13788,11.370295338131912
13789,4.456345191167422
13790,-5.351705541051764
13791,-2.0027230288492404
13792,-0.5117630850400232
13793,3.8498770974059857
13794,19.18213272064517
13795,6.350357066219915
13796,4.602133840117836
13797,15.370134429956888
13798,58.75361712630137
13799,24.794790236832647
13800,23.433579596294898
13801,0.5811907023966648
13802,1.848738045536571
13803,4.277330284577761
13804,13.790556115856692
13805,27.058367884361118
13806,37.38521285257332
13807,20.527933664212195
13808,22.098883112231462
13809,16.729334737684972
13810,16.53937800129285
13811,16.53937800129285
13812,9.862547314370632
13813,9.768951561033031
13814,3.3940661931575757
13815,7.905096082194666
13816,9.865506104247592
13817,11.945529872372866
13818,11.082105127564397
13819,31.932066139748066
13820,27.971035353679177
13821,27.735664835377165
13822,12.555320430338295
13823,12.555320430338295
13824,12.555320430338295
13825,10.908357635508043
13826,10.908357635508043
13827,11.124584009355122
13828,11.124584009355122
13829,13.358390118185767
13830,12.551676630834962
13831,10.147507919248788
13832,10.90471383600471
13833,10.867889769656621
13834,10.25105760967115
13835,-14.288829495747308
13836,-9.389137851613368
13837,-9.73235104871793
13838,-11.01094654255298
13839,-11.01094654255298
13840,-10.48437947447904
13841,-5.998458106865397
13842,-5.784587477783622
13843,-2.4890064996588883
13844,-1.3770886940165161
13845,3.7031589203555066
13846,-0.19805809710583833
13847,0.3573965064045119
13848,-2.1573115549529445
13849,1.2510093169872065
13850,-12.043918499430358
13851,-19.44797715706995
13852,-23.266623671703996
13853,-23.266623671703996
13854,-10.605811348645346
13855,-24.624479176212823
13856,-26.58258151163558
13857,-27.734594346725665
13858,0.7487562173579649
13859,-11.066526685947437
13860,-9.155179269979136
13861,-5.862751693333791
13862,0.11733265203552082
13863,1.7180284316738939
13864,0.41311730886248016
13865,2.81797879977701
13866,7.6679593557022905
13867,7.6679593557022905
13868,7.6679593557022905
13869,7.6679593557022905
13870,9.851145925529236
13871,6.307643406461816
13872,7.459656241551899
13873,7.459656241551899
13874,4.486003943346761
13875,2.790826859832922
13876,2.989914581378564
13877,5.618315344562024
13878,-0.006417935379117612
13879,-0.006417935379117612
13880,0.7100768455227131
13881,4.757921426886343
13882,4.091203347830954
13883,4.366885451559262
13884,4.366885451559262
13885,10.16833744797491
13886,-13.73858860335978
13887,-11.106007081755049
13888,15.279119317020406
13889,4.976443806847569
13890,4.462686245276308
13891,5.742727826462585
13892,8.394545104783639
13893,7.145151195889782
13894,4.6316768460426445
13895,-2.9445412145072076
13896,-10.339478609520462
13897,-17.496949854109477
13898,-13.197466150432465
13899,-10.12925572547071
13900,-8.09798182112632
13901,-8.09798182112632
13902,-1.9462297987772796
13903,-5.2672605646556825
13904,-2.199865578476378
13905,3.1649042561913823
13906,8.496702803840344
13907,5.5996165244460805
13908,5.215305414931938
13909,2.2029050166732556
13910,2.5326717808795287
13911,4.5639456852239215
13912,4.5639456852239215
13913,4.5639456852239215
13914,5.548701507599654
13915,5.548701507599654
13916,5.548701507599654
13917,5.548701507599654
13918,11.890471294470142
13919,11.890471294470142
13920,11.890471294470142
13921,11.890471294470142
13922,11.890471294470142
13923,11.890471294470142
13924,11.890471294470142
13925,11.890471294470142
13926,10.332697656449596
13927,10.332697656449596
13928,10.332697656449596
13929,6.203327577947005
13930,7.624478963755194
13931,-3.8185890805022393
13932,-6.175349905078828
13933,-7.729783167442277
13934,-6.788162522598694
13935,-4.719129213044293
13936,-4.719129213044293
13937,-3.6620028513359726
13938,-6.528140422303026
13939,-6.823925079129984
13940,-6.823925079129984
13941,-2.4987338531087127
13942,-10.281713622404222
13943,-10.281713622404222
13944,-9.675277329247333
13945,-9.675277329247333
13946,-11.62959927191099
13947,-16.47115194906099
13948,-20.95622681363888
13949,-28.921097382655113
13950,-27.39353611304057
13951,-36.88308212560752
13952,-36.94563676574505
13953,-36.235304284510185
13954,-13.990081243982518
13955,-13.990081243982518
13956,-18.911940179837252
13957,-19.73922178332497
13958,-27.448068033149514
13959,-35.75490232481211
13960,-45.56653210740477
13961,-45.65812538864542
13962,-45.72617072562327
13963,-45.72617072562327
13964,-45.72617072562327
13965,-45.817764006863925
13966,-35.32633774434685
13967,-29.670532079805405
13968,-29.247024304652058
13969,-30.011267961838662
13970,-26.414974013148456
13971,-22.020767583195276
13972,-14.356286738978765
13973,-14.356286738978765
13974,-15.910233815837122
13975,-3.8606790159777535
13976,-2.7765730721456046
13977,-2.219978409787616
13978,-4.166539687028431
13979,-5.474026757247573
13980,-4.084700635693546
13981,0.5669115242785392
13982,12.310380429509435
13983,9.536743384553967
13984,9.536743384553967
13985,9.129886478891219
13986,7.8223994086720765
13987,11.256039667746192
13988,14.74571997284332
13989,20.61736050290972
13990,25.604253835157795
13991,44.115527811285595
13992,65.53110405571147
13993,100.89039314522805
13994,54.34217132840046
13995,35.02219459028657
13996,86.58989551810198
13997,35.82579623456667
13998,19.60288211358899
13999,10.27697037836229
14000,4.50901239337847
14001,9.752976682598081
14002,15.692907449580032
14003,15.692396262512387
14004,20.491027768261286
14005,23.212493194246836
14006,35.776905744234696
14007,143.50001878325307
14008,32.63728173512421
14009,36.20385786441173
14010,27.144554939919107
14011,56.26067966029789
14012,26.819810207852136
14013,60.214845196873064
14014,-29.399169780380973
14015,-50.017792505444284
14016,-62.26960489589627
14017,-62.26960489589627
14018,-62.26960489589627
14019,-62.26960489589627
14020,-62.26960489589627
14021,-50.017792505444284
14022,-64.50705480423025
14023,-64.50705480423025
14024,-52.25524241377826
14025,30.021409801503417
14026,37.394934296723804
14027,167.0724730862028
14028,103.54035190597254
14029,4.917483431911903
14030,-13.976896745264941
14031,-13.976896745264941
14032,-3.5994445486431244
14033,-17.58322107340593
14034,-17.711815819330283
14035,-17.711815819330283
14036,-12.205598635191556
14037,-12.205598635191556
14038,-27.873267822788407
14039,-30.31048183753693
14040,-23.526958168587633
14041,-26.579114450429184
14042,-43.60466347225474
14043,-52.136802287290394
14044,-63.96916616804058
14045,-66.20495914848237
14046,-84.58039673207891
14047,-86.0097732588407
14048,-87.33380258329919
14049,-77.93038120960797
14050,-62.35612079496843
14051,-62.35612079496843
14052,-62.8805281458154
14053,-62.8805281458154
14054,-66.00542144651496
14055,-66.00542144651496
14056,-66.00542144651496
14057,-80.52543020706892
14058,-65.15481933579576
14059,-65.15481933579576
14060,-65.15481933579576
14061,-64.85903467896881
14062,-52.04282511577215
14063,-49.637963624857626
14064,-37.07222115556418
14065,-39.44963890559815
14066,-32.98820841638781
14067,-28.066349480533052
14068,-28.066349480533052
14069,-46.853485923125966
14070,-52.4134102814889
14071,-47.55398272681003
14072,-20.80896185717624
14073,-16.009618517307953
14074,-13.038559935004196
14075,-12.644522814555112
14076,-1.8104757193126735
14077,-2.7152747152210406
14078,-22.125860830073442
14079,-20.325496600233773
14080,-21.159112795392712
14081,-21.532977817203232
14082,-13.45044699496609
14083,-7.5863039725405015
14084,1.1224284209344502
14085,3.0075477658320944
14086,1.5258823005878446
14087,1.3128710177454967
14088,-3.202123185660221
14089,-10.359594430249237
14090,-5.34771616267182
14091,-7.243773407852424
14092,-8.41179352387836
14093,-6.6279312133908475
14094,-8.41179352387836
14095,-7.243773407852424
14096,-8.41179352387836
14097,-10.296912868776
14098,-1.937328778547384
14099,-2.8608690169633393
14100,-2.8608690169633393
14101,-2.8608690169633393
14102,-4.821791880864614
14103,-3.6537717648386785
14104,-3.849179548992891
14105,-3.849179548992891
14106,-1.9408834882012025
14107,-1.9408834882012025
14108,-1.5670184663906825
14109,-1.5670184663906825
14110,4.433642362186883
14111,4.433642362186883
14112,3.168532175114141
14113,3.168532175114141
14114,5.202176860416338
14115,5.202176860416338
14116,5.202176860416338
14117,7.564859755767949
14118,7.135046422625391
14119,7.135046422625391
14120,8.40015660969813
14121,3.0056763441228
14122,3.005905524361388
14123,-9.610506910099677
14124,-13.8802441081819
14125,-10.367239454041156
14126,-7.614126046879471
14127,-4.132712377798776
14128,-7.006222841199373
14129,-7.763428757955292
14130,-6.955932757063402
14131,-6.16680445329757
14132,6.052392396476619
14133,4.298420832891343
14134,6.479884927240149
14135,-16.792229389016903
14136,-17.121371257578797
14137,-16.36416534082288
14138,-15.947716510030705
14139,-22.412228310538932
14140,-35.29486698165568
14141,-39.200681890482635
14142,-27.805763310371912
14143,-43.33621093804553
14144,-51.2491911221525
14145,-52.17327276694121
14146,-29.65201126280784
14147,-26.35958368616249
14148,-26.35958368616249
14149,-26.35958368616249
14150,-23.9964471538365
14151,-14.129309401357167
14152,-13.833524744530209
14153,-14.129309401357167
14154,-2.603763690455856
14155,-2.603763690455856
14156,-2.603763690455856
14157,-5.690383643001814
14158,-9.805235816531777
14159,-9.805235816531777
14160,-12.767362973200205
14161,-12.767362973200205
14162,-9.447669382165735
14163,-10.757430042229906
14164,-10.757430042229906
14165,-18.958359231362156
14166,-10.54572799471228
14167,-9.464514425397782
14168,-11.792098705908302
14169,-2.815161177802417
14170,-6.63928117728025
14171,-1.9876690173081648
14172,-3.1461629782375504
14173,2.785440168690311
14174,-14.949170954571297
14175,-13.736192938647939
14176,-6.443892090917848
14177,3.838872756983225
14178,-3.0814094990066403
14179,-3.9506252142400466
14180,-3.9506252142400466
14181,-3.678532542283837
14182,-9.410580240357127
14183,5.170786350277877
14184,-11.837537820917703
14185,-15.380838933651194
14186,-12.725721490650365
14187,-7.425206756186165
14188,-6.5068046725723185
14189,-6.5068046725723185
14190,-0.6983579581764392
14191,-3.676083416101682
14192,-4.5944854997155264
14193,-4.552386606234776
14194,2.315844872628501
14195,3.07305078938442
14196,7.341022668055963
14197,1.4469738556683944
14198,1.776740619874668
14199,1.776740619874668
14200,-0.5159302361641862
14201,-0.5159302361641862
14202,1.6206960031164794
14203,1.6206960031164794
14204,2.6101321382061635
14205,3.5336723766221185
14206,7.6911771382839555
14207,7.6911771382839555
14208,7.6911771382839555
14209,7.6911771382839555
14210,7.6911771382839555
14211,7.6911771382839555
14212,7.6911771382839555
14213,6.968986867419065
14214,5.02329905337717
14215,5.02329905337717
14216,3.925726345098297
14217,-1.4687539204770363
14218,-0.04760253466884745
14219,-7.741230506067336
14220,-14.476252362221718
14221,-12.73020950799625
14222,-4.486924897674604
14223,-4.486924897674604
14224,0.570286289296044
14225,-1.6914546382328806
14226,11.23612532558225
14227,13.047206729111213
14228,13.047206729111213
14229,12.334310606405499
14230,15.528315472772046
14231,17.18329968861662
14232,8.411364251002784
14233,11.67305682321987
14234,12.971767274541927
14235,5.340762592861378
14236,-10.890641332866231
14237,-12.17641824398417
14238,-2.838665110273209
14239,-2.838665110273209
14240,-25.07211256962978
14241,-22.204005604375862
14242,-4.149093029812387
14243,-6.044640725097616
14244,-6.044640725097616
14245,-7.196653560187701
14246,-9.714429408029261
14247,-8.280387814506875
14248,-8.280387814506875
14249,-5.83451901881381
14250,0.28726321135546895
14251,1.597023871419636
14252,1.597023871419636
14253,1.597023871419636
14254,4.952759152301069
14255,4.952759152301069
14256,4.952759152301069
14257,3.7802104412465907
14258,2.178045096426308
14259,2.178045096426308
14260,2.178045096426308
14261,2.178045096426308
14262,-9.772203056961738
14263,-11.634548373286673
14264,-5.031328849243869
14265,-3.9501152799293653
14266,-5.994856150980664
14267,-9.449305403257625
14268,-7.700491118039944
14269,-1.7631020469499157
14270,-22.644074614649348
14271,-24.330699241992754
14272,-9.428960829957
14273,-9.285836392645287
14274,2.0406982645716862
14275,14.922534678265613
14276,5.518399065869494
14277,8.076823392665215
14278,4.905738607713258
14279,7.909726295972849
14280,6.743714239682827
14281,-10.67175126230845
14282,-14.987574974070233
14283,-16.384734649549564
14284,-12.937602742763703
14285,-9.181403911893216
14286,-12.463211702898564
14287,-9.802439893084676
14288,-1.6936295920417075
14289,-10.392215019877675
14290,-10.619961040251887
14291,-7.167322624211359
14292,-7.962300732356486
14293,-7.077520593397617
14294,-7.041668026081972
14295,-5.740088007883122
14296,-5.740088007883122
14297,-5.740088007883122
14298,-2.585223574947237
14299,-4.369085885434749
14300,-2.585223574947237
14301,-2.585223574947237
14302,7.372171018271771
14303,8.637281205344514
14304,8.637281205344514
14305,7.372171018271771
14306,7.372171018271771
14307,7.372171018271771
14308,7.372171018271771
14309,7.372171018271771
14310,5.814397380251223
14311,5.814397380251223
14312,1.6850273017486352
14313,1.6850273017486352
14314,3.1061786875568247
14315,-3.0084626046566894
14316,-0.9728766374165138
14317,4.91868858026232
14318,3.352847376269373
14319,3.352847376269373
14320,3.352847376269373
14321,4.434779616826241
14322,16.27875499453444
14323,16.27875499453444
14324,21.021427370353265
14325,18.117727520859116
14326,19.246194874612506
14327,19.8351083506167
14328,19.353315858339798
14329,16.56688889722615
14330,8.525814311266183
14331,1.9612971208347425
14332,-4.919715755565329
14333,-6.283628143732707
14334,-12.515040896073469
14335,-16.128738047962507
14336,-19.528324646138888
14337,-27.241803357786587
14338,13.43281904227837
14339,6.0095557463439535
14340,4.114008051058722
14341,4.114008051058722
14342,11.298874665020312
14343,9.403326969735078
14344,9.403326969735078
14345,9.403326969735078
14346,12.412887964640904
14347,12.412887964640904
14348,14.370990300063665
14349,19.294274653348754
14350,16.93717309198778
14351,17.190017752199065
14352,16.364427377416956
14353,14.028065794168848
14354,12.425900449348566
14355,12.425900449348566
14356,-82.49755090409008
14357,13.919335518809818
14358,7.442052450302677
14359,12.093664610274757
14360,10.981746804632387
14361,8.017331740392972
14362,1.4068562869926977
14363,4.736287217025046
14364,8.073927071334749
14365,8.073927071334749
14366,-9.673452509555045
14367,-0.6790138155323548
14368,9.53372349105306
14369,12.669099168722497
14370,14.53686756931797
14371,14.04907612525545
14372,16.28812944589347
14373,16.28812944589347
14374,10.14390052586988
14375,8.89450661697602
14376,1.499569221962762
14377,-9.81278979364826
14378,-14.128613505410051
14379,-16.02467075059065
14380,-10.434275013427332
14381,-10.434275013427332
14382,-10.878286057176037
14383,-8.351647133785496
14384,-9.227950323918586
14385,-8.935189445472796
14386,0.9392409449892825
14387,2.5862037398195343
14388,0.14072261485464213
14389,1.0794955817572776
14390,3.440536250307942
14391,3.440536250307942
14392,3.440536250307942
14393,3.440536250307942
14394,8.245918590493893
14395,5.464390417556821
14396,5.464390417556821
14397,0.9105360240768285
14398,6.455044850225996
14399,4.848065730302504
14400,4.848065730302504
14401,4.848065730302504
14402,6.193601945721096
14403,7.102853182675841
14404,5.672116761692668
14405,7.102853182675841
14406,7.653699044768486
14407,7.653699044768486
14408,3.7859606727346353
14409,-0.43235762318932625
14410,-6.6832846935870895
14411,-12.301961387312321
14412,-14.108514175713992
14413,-22.67983040440228
14414,-19.982988390923186
14415,-19.25596926337183
14416,-19.25596926337183
14417,-2.7994760196471673
14418,-20.078833522534705
14419,-16.78325254440997
14420,-16.911847290334318
14421,-16.911847290334318
14422,-15.783379936580932
14423,-12.242450164459783
14424,-10.27716275244222
14425,-11.383643613966175
14426,-9.634255227130271
14427,-13.176516481980315
14428,-18.018069159130306
14429,-27.25666676651189
14430,-23.40110676360788
14431,-26.85738227867981
14432,-30.67516324732563
14433,-38.53089891137048
14434,-11.972448303749305
14435,-13.124461138839388
14436,-13.124461138839388
14437,-16.99854418806085
14438,-9.713548719880134
14439,-9.713548719880134
14440,-9.713548719880134
14441,-10.735100023574754
14442,-6.407458667594634
14443,-3.9847872126268946
14444,-5.847132528951828
14445,-3.673568390167123
14446,-3.673568390167123
14447,-3.1875059748762475
14448,-2.891721318049289
14449,-2.9884182533306043
14450,-2.722504593758915
14451,-3.5480949685410206
14452,-3.5480949685410206
14453,-3.252310311714061
14454,-10.736020082532164
14455,-4.376489064955754
14456,-0.894558283291544
14457,-0.3722190833463858
14458,-11.832048749935655
14459,-11.832048749935655
14460,-9.364621597703865
14461,-5.201574472512583
14462,-19.28709343475924
14463,-19.28709343475924
14464,-20.588673452958087
14465,-12.918906588404
14466,-9.607087417871767
14467,-3.686180499164836
14468,-0.824265460988588
14469,12.057112668614772
14470,-1.1469772225172639
14471,-1.3305654426219715
14472,-4.229822774102022
14473,-4.341638547003587
14474,-5.336868204217767
14475,-7.232925449398369
14476,-3.4834853765394254
14477,-3.4834853765394254
14478,-1.8078773761696625
14479,3.1208932096659283
14480,0.5959468579484497
14481,0.5959468579484497
14482,0.4781879644969368
14483,0.8029134798499457
14484,2.586775790337459
14485,2.586775790337459
14486,1.4092623459635514
14487,1.4092623459635514
14488,1.4092623459635514
14489,1.4092623459635514
14490,3.317558406755239
14491,3.317558406755239
14492,2.299320213100018
14493,1.375779974684063
14494,9.853540919460045
14495,9.853540919460045
14496,9.853540919460045
14497,9.853540919460045
14498,9.853540919460045
14499,9.853540919460045
14500,9.853540919460045
14501,10.777081157876
14502,9.219307519855452
14503,9.219307519855452
14504,5.08993744135286
14505,5.08993744135286
14506,4.993953063804555
14507,-3.717913101249153
14508,-6.074673925825745
14509,-7.300487426917335
14510,-0.9739052539736092
14511,-4.2709234925275465
14512,-5.0281294092834665
14513,-6.855165337195545
14514,-2.683281168937716
14515,-1.601348928380847
14516,-2.986165246849325
14517,4.94507117002254
14518,6.073538523775933
14519,10.72638610153946
14520,8.35868545669271
14521,10.133497221743848
14522,10.890703138499768
14523,6.2491717356032845
14524,12.58131956312946
14525,12.58131956312946
14526,9.85337819631771
14527,11.540002823661116
14528,14.305138605911164
14529,16.677128174492278
14530,18.885483976178296
14531,14.233871816206204
14532,14.756211016151362
14533,14.756211016151362
14534,17.469273786967793
14535,14.512308934502332
14536,14.512308934502332
14537,14.512308934502332
14538,14.512308934502332
14539,10.88155436432587
14540,6.98320959756985
14541,6.98320959756985
14542,6.98320959756985
14543,6.98320959756985
14544,7.5896458907267395
14545,6.235116220741052
14546,5.381044252749572
14547,7.254151412598871
14548,3.05222961010491
14549,3.05222961010491
14550,3.527103167076849
14551,3.2201377943742435
14552,3.0530632740312096
14553,3.0530632740312096
14554,-8.239691872215028
14555,-8.239691872215028
14556,-4.076644747023744
14557,-4.076644747023744
14558,-20.27075153511093
14559,-8.329091522698729
14560,-4.231629061152478
14561,-4.343080010773017
14562,-2.043047366734754
14563,-0.2418289566949514
14564,-1.9402701386826766
14565,-0.8938079171577408
14566,-0.32019022050652923
14567,-0.19159547458217618
14568,-4.1835907560717995
14569,-12.217365190793911
14570,-7.863806565805353
14571,-9.759863810985955
14572,-8.242728047629457
14573,-8.242728047629457
14574,-6.567120047259696
14575,-1.2148416862707612
14576,-4.699258265805276
14577,-5.418863413904364
14578,2.5736495007594664
14579,2.5736495007594664
14580,4.918111944745024
14581,4.918111944745024
14582,5.7718724047155066
14583,5.7718724047155066
14584,5.7718724047155066
14585,5.7718724047155066
14586,6.756628227091241
14587,6.756628227091241
14588,6.756628227091241
14589,6.756628227091241
14590,21.927580517582044
14591,19.893935832279844
14592,19.893935832279844
14593,19.893935832279844
14594,19.893935832279844
14595,19.483865928000423
14596,19.483865928000423
14597,19.483865928000423
14598,17.92609228997988
14599,17.92609228997988
14600,14.206792115756716
14601,13.796722211477299
14602,9.757974870854554
14603,5.203734777294454
14604,4.793664873015035
14605,6.562978468736996
14606,9.462852402256395
14607,10.08510913148482
14608,11.467216041265836
14609,11.467216041265836
14610,14.760075472797906
14611,18.213122298415968
14612,18.213122298415968
14613,21.754052070537117
14614,24.847806836308074
14615,24.847806836308074
14616,23.74132597478411
14617,23.74132597478411
14618,24.52558742868423
14619,24.25307183038165
14620,24.25307183038165
14621,24.85950812353854
14622,26.031964365556888
14623,25.666082093038646
14624,25.666082093038646
14625,21.65699046610191
14626,26.569193651390147
14627,12.571005822596574
14628,12.313072980649457
14629,11.266945563148418
14630,16.556264481824773
14631,15.534713178130156
14632,13.35074255800643
14633,13.35074255800643
14634,16.094389893340562
14635,1.0651087433591346
14636,0.8660210218134932
14637,1.0651087433591346
14638,1.0651087433591346
14639,1.0651087433591346
14640,1.14497132986834
14641,2.8697696334469067
14642,2.044179258664803
14643,-0.7576608974500152
14644,-6.814844421270331
14645,-0.7149712502544929
14646,-2.6235767626461306
14647,10.463007552823587
14648,13.789760167446758
14649,18.04778506408931
14650,6.884077453335406
14651,6.7490163780825565
14652,12.441764069443753
14653,12.441764069443753
14654,-10.090948893363434
14655,-9.667441118210087
14656,-1.584910295972956
14657,1.2029151787950678
14658,10.055675771321349
14659,12.61410009811707
14660,9.709154842606356
14661,9.709154842606356
14662,9.529069395560956
14663,10.102687092212168
14664,2.737232630304166
14665,2.7016947173285373
14666,-0.8520521990676067
14667,-2.6373493801583483
14668,-2.6373493801583483
14669,-2.6373493801583483
14670,-1.1059014145327661
14671,0.6779608959547458
14672,0.6779608959547458
14673,0.6779608959547458
14674,6.089869803502222
14675,5.166329565086267
14676,5.166329565086267
14677,5.166329565086267
14678,5.166329565086267
14679,3.382467254598756
14680,5.092538669795106
14681,5.092538669795106
14682,7.000834730586796
14683,7.000834730586796
14684,7.000834730586796
14685,7.000834730586796
14686,26.71624060330035
14687,26.71624060330035
14688,26.71624060330035
14689,26.71624060330035
14690,26.71624060330035
14691,26.71624060330035
14692,26.71624060330035
14693,26.71624060330035
14694,28.535855719262393
14695,28.535855719262393
14696,27.93754642616944
14697,27.93754642616944
14698,25.226997416045332
14699,22.870236591468743
14700,22.870236591468743
14701,25.16614354382648
14702,27.687849790456816
14703,27.687849790456816
14704,28.53006197004484
14705,28.53006197004484
14706,31.435007225555555
14707,32.60706832848599
14708,32.60706832848599
14709,32.60706832848599
14710,33.735535682239366
14711,34.659075920655326
14712,34.659075920655326
14713,35.44333737455544
14714,35.44333737455544
14715,35.44333737455544
14716,35.44333737455544
14717,35.44333737455544
14718,35.93358517313998
14719,34.56568848418958
14720,34.56568848418958
14721,34.700749559442436
14722,33.52050084950052
14723,34.76535548721937
14724,29.383270179391317
14725,16.720193639074964
14726,8.249693332472203
14727,4.080828829864216
14728,4.968727960172616
14729,4.968727960172616
14730,4.968727960172616
14731,3.982704634100025
14732,-2.99704460874606
14733,-3.26295826831775
14734,-3.26295826831775
14735,-2.99704460874606
14736,-2.99704460874606
14737,-2.99704460874606
14738,2.012213216504623
14739,2.012213216504623
14740,2.012213216504623
14741,2.012213216504623
14742,2.3833992256712793
14743,2.3833992256712793
14744,5.997005016005382
14745,31.80422574918783
14746,21.008073016954775
14747,20.99852212760145
14748,21.053778767802612
14749,27.635364295155224
14750,5.78475743372873
14751,5.78475743372873
14752,5.78475743372873
14753,10.688924553936761
14754,10.688924553936761
14755,19.01629441796039
14756,24.887934948026786
14757,21.982989692516075
14758,21.802904245470675
14759,22.376521942121883
14760,22.376521942121883
14761,17.67499764888978
14762,14.121250732493632
14763,12.335953551402891
14764,12.335953551402891
14765,11.167933435376959
14766,12.256382590834518
14767,11.650215727665625
14768,9.866353417178109
14769,11.650215727665625
14770,17.062124635213088
14771,16.64936067753005
14772,16.64936067753005
14773,16.52079854725923
14774,16.52079854725923
14775,16.52079854725923
14776,16.52079854725923
14777,17.507550866039093
14778,17.631984616343274
14779,19.41584692683078
14780,19.41584692683078
14781,19.41584692683078
14782,12.782669262007548
14783,12.782669262007548
14784,12.782669262007548
14785,12.782669262007548
14786,13.156534283818068
14787,13.156534283818068
14788,13.156534283818068
14789,13.156534283818068
14790,11.447768468946755
14791,11.447768468946755
14792,8.241938628860114
14793,8.241938628860114
14794,5.467116832338909
14795,-1.2004477365158017
14796,-3.5572085610923905
14797,4.8532658781358125
14798,7.606379285297492
14799,11.216387700302537
14800,8.812218988716365
14801,11.694768967819604
14802,12.571072157952695
14803,29.977262766679594
14804,28.750715098109254
14805,32.119319233934355
14806,35.30855991287838
14807,38.64786696572756
14808,47.182406866368204
14809,41.18291431178396
14810,36.64327294096976
14811,36.64327294096976
14812,35.766969750836665
14813,30.70348799002262
14814,37.31204088012981
14815,36.43084192566137
14816,36.43084192566137
14817,37.25850059866557
14818,42.73607358822344
14819,42.73607358822344
14820,40.677782170460794
14821,39.990862161888614
14822,37.50645366456691
14823,36.97982940077532
14824,36.97982940077532
14825,36.231736023946524
14826,36.231736023946524
14827,37.388348402893996
14828,39.23163116119471
14829,41.51639903516379
14830,41.51639903516379
14831,40.0089245557789
14832,39.1833341809968
14833,39.1833341809968
14834,39.08864331556141
14835,37.932030936613934
14836,36.75948222555947
14837,30.122914980176375
14838,23.632395838086115
14839,23.632395838086115
14840,29.412866993292177
14841,28.17454061225502
14842,15.073982780716845
14843,15.073982780716845
14844,15.073982780716845
14845,19.078501429298417
14846,9.698370529971534
14847,8.051407735141282
14848,17.97031624034794
14849,21.21432007532778
14850,26.64789206596221
14851,31.85813367107899
14852,34.46858910973277
14853,28.815712312316794
14854,17.276088299840033
14855,15.23981300757594
14856,12.340555676095892
14857,7.996267058626435
14858,3.6804433468646436
14859,7.107490117359841
14860,13.582763214471687
14861,13.582763214471687
14862,13.999663031150085
14863,17.58555315523553
14864,16.709249965102437
14865,13.826699985999195
14866,20.08127512223574
14867,18.894167048761574
14868,21.594415074213007
14869,18.80220373979031
14870,20.057052025318992
14871,20.057052025318992
14872,17.42447050371426
14873,20.452611694040243
14874,23.73883784971467
14875,23.73883784971467
14876,23.73883784971467
14877,25.847457349827863
14878,27.313118161707468
14879,18.795582247770216
14880,22.7509816207443
14881,20.868648307612037
14882,20.517175511913653
14883,24.493408407015092
14884,17.475237161822587
14885,19.864106356618443
14886,14.901819000617909
14887,15.382959002561542
14888,26.53430971000458
14889,5.264938137245291
14890,3.6935724448084466
14891,-3.842097783470593
14892,-6.098765367751949
14893,49.68882628422425
14894,-2.595608920437382
14895,198.99220090126684
14896,-1.0462065047223985
14897,6.15677872062784
14898,1.5420115174542794
14899,1.5420115174542794
14900,-2.1726488042332344
14901,-1.9599681181642568
14902,5.002168468147038
14903,-0.48228844745605914
14904,-1.3585916375891518
14905,-22.359742087291828
14906,-22.012153726280612
14907,-26.170941972200364
14908,-25.506762193477822
14909,-39.74589057393576
14910,-24.093216748166405
14911,-25.37899365928434
14912,-35.168113999525694
14913,-36.05830941572774
14914,-12.485114464764496
14915,-12.485114464764496
14916,-26.859760851960495
14917,-10.997883017581993
14918,-8.350136827660535
14919,-7.881446823002736
14920,-45.741520281093024
14921,-45.3481878480771
14922,8.871488540960202
14923,14.904996078864063
14924,14.904996078864063
14925,9.109633732262878
14926,12.465369013144311
14927,12.465369013144311
14928,21.85002770904718
14929,21.85002770904718
14930,18.069856277803204
14931,19.393676373165853
14932,18.105025365132285
14933,16.93247665407782
14934,10.812894371599647
14935,9.50313371153548
14936,10.025472911480637
14937,-0.19826606399754532
14938,2.5760603805404676
14939,5.756180664574361
14940,10.90592058969522
14941,6.96569922154922
14942,-8.275807979308544
14943,-10.121221948810113
14944,-10.43210484173089
14945,5.033289098582224
14946,14.842467360469698
14947,20.68005479517498
14948,22.11655559172905
14949,26.716179923268513
14950,14.361756071060347
14951,12.93625858980097
14952,11.473600994188084
14953,5.3052112677451655
14954,0.27404566444844736
14955,-1.1643734067148337
14956,1.4598259744982172
14957,2.3782280581120614
14958,-0.49971669701457905
14959,-0.7589365870824787
14960,-9.845990609812802
14961,-3.870136811268514
14962,-5.336853958986323
14963,-1.64228221029794
14964,0.13131398917673984
14965,0.13131398917673984
14966,0.28230616602750713
14967,0.28230616602750713
14968,0.28230616602750713
14969,0.20851527073634632
14970,4.252217539663642
14971,2.966440628545702
14972,2.966440628545702
14973,2.966440628545702
14974,10.868399130316938
14975,10.868399130316938
14976,10.868399130316938
14977,10.868399130316938
14978,10.868399130316938
14979,10.868399130316938
14980,9.43190895891546
14981,9.43190895891546
14982,10.033316426796292
14983,10.033316426796292
14984,6.735539052051821
14985,8.172029223453297
14986,5.461480213329184
14987,3.1047193887525992
14988,5.140305355992774
14989,10.621800669392185
14990,9.62781123736229
14991,9.70160213265345
14992,13.785038576740446
14993,15.342106707467511
14994,13.827140804455134
14995,24.080234339839038
14996,23.690070288561074
14997,26.455206070811123
14998,31.37995990410535
14999,29.546207054985057
15000,31.07668445574305
15001,21.938205294677605
15002,12.135073220550526
15003,4.279513276397499
15004,2.9156008882301174
15005,-12.941206842198582
15006,-15.319159455603739
15007,-28.087998001555903
15008,-32.16227841028142
15009,-32.16227841028142
15010,12.260368241269205
15011,7.13349872393863
15012,10.313737806578406
15013,10.313737806578406
15014,16.061741372740503
15015,13.74071140892983
15016,15.603056725254767
15017,13.74071140892983
15018,16.750272403835655
15019,16.750272403835655
15020,15.574101336713873
15021,15.574101336713873
15022,15.574101336713873
15023,16.18366018492971
15024,18.504690148740362
15025,16.18366018492971
15026,20.605644326335987
15027,20.605644326335987
15028,20.605644326335987
15029,20.541777672920077
15030,21.362360749972986
15031,19.5050896559949
15032,18.02447925315212
15033,17.6854847290173
15034,9.58072752887618
15035,9.007228931549115
15036,7.621474144152284
15037,9.99456741146359
15038,-8.608799232603323
15039,-7.836013149305366
15040,-6.970394361378959
15041,4.391744977490479
15042,11.804229664947162
15043,20.092778000525332
15044,20.86676342923932
15045,22.891034775085473
15046,21.325373370213057
15047,14.838780283701308
15048,15.484643569314818
15049,8.715834241322526
15050,5.780494256821974
15051,4.342075185658695
15052,3.963153703834586
15053,6.489792627225125
15054,3.6493415416026385
15055,4.406547458358558
15056,6.477018028342156
15057,6.761863286354187
15058,12.173772193901664
15059,12.645788375177494
15060,12.121794679413284
15061,12.121794679413284
15062,9.660244863270673
15063,12.975555139383767
15064,12.975555139383767
15065,12.975555139383767
15066,14.883851200175455
15067,14.883851200175455
15068,15.902089393830677
15069,15.902089393830677
15070,19.062813927570918
15071,24.457294193146243
15072,23.192184006073507
15073,23.192184006073507
15074,23.192184006073507
15075,23.192184006073507
15076,23.192184006073507
15077,23.192184006073507
15078,20.616172174397736
15079,20.616172174397736
15080,16.48680209589516
15081,16.48680209589516
15082,8.323369818652985
15083,5.9666089940763944
15084,2.1082139713800734
15085,8.076396065906232
15086,11.676439281604107
15087,9.69268569627785
15088,14.305691259366395
15089,15.177296852980184
15090,28.60819206488369
15091,25.422533019772573
15092,24.30334331588206
15093,24.782686146098303
15094,28.203751306890002
15095,9.009133149833811
15096,0.42219079514195945
15097,-8.313048063089932
15098,-19.686506808420845
15099,-24.28468891916775
15100,-24.33405099931481
15101,-24.33405099931481
15102,-14.46322316552831
15103,-52.61860785648071
15104,-16.80194438357632
15105,-14.328153640325661
15106,10.104574777172088
15107,11.757925136167424
15108,11.757925136167424
15109,-1.5204939470323577
15110,4.723493753342664
15111,4.723493753342664
15112,4.723493753342664
15113,4.723493753342664
15114,12.840543869478909
15115,8.66519777494165
15116,8.66519777494165
15117,13.019000610307598
15118,17.808777484711417
15119,17.808777484711417
15120,17.808777484711417
15121,17.808777484711417
15122,30.191597638037262
15123,10.067781097010942
15124,28.38205575510943
15125,28.735475197123975
15126,17.67829331715006
15127,16.55824422116622
15128,16.55824422116622
15129,12.604974083151625
15130,8.618333178672751
15131,16.616419453901255
15132,17.891596802703326
15133,17.64524271025209
15134,-8.280361436056712
15135,-12.456439741921859
15136,-4.683384201725531
15137,7.097274357293576
15138,17.273950234966637
15139,26.007338507828262
15140,23.652164320125372
15141,26.210588646921096
15142,11.368505254647935
15143,18.969157436018172
15144,11.026066242864271
15145,7.634298190910632
15146,6.009532056623945
15147,4.285232677486113
15148,7.164925682777298
15149,10.612057589563161
15150,13.1386965129537
15151,16.87031432273923
15152,16.616678543040134
15153,13.148851020283088
15154,16.187178035813822
15155,16.944383952569744
15156,17.416400133845574
15157,19.063362928675826
15158,19.917123388646303
15159,22.50864772127027
15160,23.53495789888311
15161,23.53495789888311
15162,19.674570621081333
15163,19.674570621081333
15164,19.674570621081333
15165,19.674570621081333
15166,34.09153266845883
15167,34.09153266845883
15168,33.695704106117205
15169,35.863787982481455
15170,30.10878601068092
15171,27.68309576742977
15172,31.43160386205027
15173,32.48981901126599
15174,30.252880289999663
15175,28.605406308101767
15176,29.91518714245259
15177,27.34383164135888
15178,61.14606564498578
15179,11.52624830246615
15180,2.5371715492076135
15181,-0.14792396498057958
15182,-1.8168296575949272
15183,-2.7170550347495643
15184,1.1415545288860063
15185,1.1415545288860063
15186,3.6824126940654223
15187,7.273489660119851
15188,9.938116242107903
15189,14.30218450060503
15190,15.964422335300284
15191,16.13370913622663
15192,-3.467825000284256
15193,-5.939988618860586
15194,-19.17985766544888
15195,-23.00876980520549
15196,-25.831851126400366
15197,-25.831851126400366
15198,-28.96595679112872
15199,-17.74563533213186
15200,-12.715655305974586
15201,-12.715655305974586
15202,10.655624605424132
15203,6.367187470116035
15204,10.696476630068393
15205,10.696476630068393
15206,4.723493753342664
15207,4.723493753342664
15208,4.723493753342664
15209,-29.452454229586802
15210,13.537568410898288
15211,13.537568410898288
15212,11.008247554471053
15213,13.537568410898288
15214,13.191434124298002
15215,15.20218718013455
15216,15.20218718013455
15217,11.186890517720744
15218,8.895232385956463
15219,7.775183289972636
15220,6.333867603085235
15221,-80.36468853183551
15222,13.793108438916168
15223,12.927489650989761
15224,12.927489650989761
15225,8.974219512975166
15226,4.987578608496298
15227,12.160074508942694
15228,12.75336775314197
15229,12.894439044091804
15230,-7.813683307403733
15231,-10.666961414739049
15232,-8.056505976085269
15233,1.6092558885495953
15234,2.407774218684236
15235,5.863811508065079
15236,21.774762853091207
15237,14.929051567490797
15238,1.2468772566438138
15239,8.551744781187091
15240,9.942570266335466
15241,10.665451786603645
15242,12.44388842372841
15243,12.395282011296757
15244,16.357284339088295
15245,22.522032184683024
15246,23.440434268296865
15247,23.492278628635635
15248,21.915824997567185
15249,22.33933277272053
15250,27.781618870053464
15251,24.40241682360859
15252,24.40241682360859
15253,26.04937961843884
15254,21.868419625497758
15255,19.27689529287379
15256,19.27689529287379
15257,18.353355054457836
15258,18.403663180728415
15259,18.780656635051805
15260,18.780656635051805
15261,20.929649537617266
15262,29.561049355101765
15263,30.083388555046923
15264,27.18630227565266
15265,27.18630227565266
15266,27.18630227565266
15267,25.14937190064256
15268,25.14937190064256
15269,24.131133706987338
15270,22.57336006896679
15271,22.57336006896679
15272,18.443989990464207
15273,18.443989990464207
15274,10.28055771322203
15275,7.9237968886454455
15276,9.62056284676515
15277,12.956163419686572
15278,12.827568673762219
15279,13.434004966919108
15280,18.04701053000767
15281,24.476767952562337
15282,24.476767952562337
15283,25.261029406462455
15284,24.72503020181505
15285,24.72503020181505
15286,18.05059240488182
15287,-1.8713154148625346
15288,-18.729441139044233
15289,-29.22885650317088
15290,-32.91280786769932
15291,-33.689879058397146
15292,-39.386830856519175
15293,-44.09783435437316
15294,-27.163403842830093
15295,-25.327151785838986
15296,-232.77627410528083
15297,-208.512415394028
15298,-185.99170999539697
15299,-162.91729551618855
15300,-147.88198623534623
15301,-147.88198623534623
15302,54.609435743524614
15303,54.41523259061884
15304,22.98158913342037
15305,20.660559169609705
15306,33.64108297323109
15307,33.64108297323109
15308,18.605773692388762
15309,18.605773692388762
15310,-44.064967865846214
15311,-41.3204301268822
15312,-20.421254468121393
15313,-18.78994385457863
15314,-20.855666053310028
15315,-19.940697193065734
15316,-23.97730670768451
15317,-27.355116552726894
15318,-26.444498060744028
15319,-20.812826044259157
15320,-17.17106311616768
15321,-14.214548372499683
15322,-4.42234110200897
15323,4.819384179379236
15324,6.7550299178430855
15325,6.884077453335406
15326,-7.727632132034585
15327,-10.090948893363434
15328,-10.090948893363434
15329,-10.090948893363434
15330,-2.008418071126302
15331,1.3711034697336626
15332,12.61410009811707
15333,12.61410009811707
15334,9.709154842606356
15335,9.529069395560956
15336,10.102687092212168
15337,2.888224807154933
15338,-0.8520521990676067
15339,0.0662895543456995
15340,-2.6373493801583483
15341,-2.6373493801583483
15342,-2.6373493801583483
15343,-1.1059014145327661
15344,-1.1059014145327661
15345,0.6779608959547458
15346,6.089869803502222
15347,6.089869803502222
15348,5.166329565086267
15349,3.8647495468874173
15350,3.8647495468874173
15351,3.8647495468874173
15352,3.8647495468874173
15353,3.451985589204377
15354,5.360281649996066
15355,5.360281649996066
15356,5.360281649996066
15357,5.773045607679105
15358,28.58393918053031
15359,28.171175222847275
15360,26.011994116945893
15361,26.011994116945893
15362,26.011994116945893
15363,26.011994116945893
15364,26.806972225091023
15365,26.806972225091023
15366,28.626587341053067
15367,28.626587341053067
15368,27.19668534420199
15369,27.19668534420199
15370,20.55038883031632
15371,18.193628005739736
15372,19.739401787008678
15373,24.064583240217058
15374,27.84111611306889
15375,27.84111611306889
15376,32.454121676157435
15377,32.454121676157435
15378,32.82798669796795
15379,34.09275514465696
15380,35.09022816889413
15381,35.09022816889413
15382,34.00722650029469
15383,4.482714564742916
15384,-3.592935541031619
15385,-15.831731057814213
15386,-37.52134620015509
15387,-43.01268005809818
15388,-45.995439197670166
15389,-333.015209153104
15390,-319.4444556350696
15391,-321.2731050086793
15392,-322.4546258892224
15393,-323.77844598458506
15394,-14.255884107621739
15395,-9.926594947669379
15396,-10.350102722822726
15397,-10.350102722822726
15398,-3.614146832101552
15399,-3.614146832101552
15400,-8.435404182400076
15401,-8.011896407246729
15402,-7.161294296527528
15403,-2.3400369462290076
15404,0.40126755478586795
15405,0.40126755478586795
15406,-3.8055590156460983
15407,-2.4817389202834517
15408,-4.547461119014848
15409,-4.547461119014848
15410,-1.7012528007631549
15411,0.023545502815412123
15412,0.023545502815412123
15413,-248.46871930408642
15414,-11.273905013353344
15415,-14.302935545949184
15416,-9.073710270444126
15417,-8.608708889326794
15418,-7.720284856248995
15419,-7.378474353677099
15420,9.563228362909042
15421,19.0628763891376
15422,0.43357518061475336
15423,-0.723037198332718
15424,4.9697104930284794
15425,2.6063937316996304
15426,2.6063937316996304
15427,10.688924553936761
15428,19.01629441796039
15429,24.887934948026786
15430,24.805155954219725
15431,21.720125251663614
15432,20.992162930115974
15433,20.953263994243457
15434,16.251739701011353
15435,14.361087379192705
15436,13.00950686561489
15437,13.38337188742541
15438,13.999214081886993
15439,13.999214081886993
15440,14.97182641375871
15441,14.97182641375871
15442,20.38373532130618
15443,20.38373532130618
15444,19.460195082890227
15445,18.480163197910816
15446,18.480163197910816
15447,17.507550866039093
15448,17.507550866039093
15449,17.507550866039093
15450,19.41584692683078
15451,19.41584692683078
15452,19.41584692683078
15453,19.41584692683078
15454,11.81005693013583
15455,11.81005693013583
15456,11.81005693013583
15457,11.81005693013583
15458,11.81005693013583
15459,12.782669262007548
15460,12.782669262007548
15461,12.782669262007548
15462,11.598760645797523
15463,11.447768468946755
15464,8.241938628860114
15465,8.241938628860114
15466,-1.8100065847316325
15467,-3.5572085610923905
15468,-0.04420390695164106
15469,8.188866451057237
15470,7.606379285297492
15471,11.216387700302537
15472,12.474370160983
15473,12.198676883234569
15474,9.796168181247474
15475,22.386840619737608
15476,23.33951439293411
15477,24.556611544378892
15478,27.007375551234617
15479,30.03393438161267
15480,9.638320299695387
15481,5.4795320537756504
15482,-3.778046004401394
15483,-14.81752921508026
15484,-20.924580785767873
15485,-27.045224203903025
15486,-14.324195692812141
15487,-13.014435032747974
15488,-14.843084406357727
15489,-18.414174811949714
15490,5.413996744772812
15491,6.431689128291429
15492,8.71645700226051
15493,8.71645700226051
15494,21.610654998110135
15495,21.610654998110135
15496,21.610654998110135
15497,20.176613404587748
15498,33.658200279399345
15499,33.658200279399345
15500,33.98204760571686
15501,33.98204760571686
15502,35.92710419433876
15503,35.92710419433876
15504,35.92710419433876
15505,33.37091491143214
15506,27.423428815323923
15507,25.56108349899899
15508,28.589236490223463
15509,19.460827457120146
15510,18.804432257242368
15511,17.356214034884026
15512,14.73926577508077
15513,19.113655783445985
15514,12.61800397164691
15515,8.561105477787398
15516,5.938398113701645
15517,5.564533091891125
15518,-7.7851221089911995
15519,-7.7851221089911995
15520,0.2974087132459404
15521,2.6651093580926855
15522,8.204653747348289
15523,14.00172330702522
15524,16.560147633820932
15525,14.567110250095787
15526,16.659190066569824
15527,6.4807840045728105
15528,1.20686453077935
15529,-4.040526685010378
15530,-9.032692672569798
15531,-10.847493771082435
15532,-10.847493771082435
15533,-4.494351409840845
15534,-4.494351409840845
15535,-4.494351409840845
15536,-4.417150128281237
15537,-4.417150128281237
15538,-2.2870490117390996
15539,1.466774960542072
15540,1.466774960542072
15541,1.466774960542072
15542,1.466774960542072
15543,1.466774960542072
15544,1.466774960542072
15545,-0.31708734994544086
15546,2.8377770829904425
15547,4.621639393477956
15548,5.8031675874772555
15549,5.8031675874772555
15550,3.697885614238184
15551,3.697885614238184
15552,3.697885614238184
15553,3.697885614238184
15554,3.697885614238184
15555,3.697885614238184
15556,3.697885614238184
15557,3.697885614238184
15558,4.299293082119015
15559,4.299293082119015
15560,1.5432753578197784
15561,1.5432753578197784
15562,-1.1672736523043277
15563,-5.493193005185517
15564,-3.999366688390581
15565,1.7206219071282625
15566,2.3428786363566854
15567,2.3428786363566854
15568,2.3428786363566854
15569,6.95588419944523
15570,15.710092261076447
15571,15.710092261076447
15572,16.153808517318204
15573,13.786107872471467
15574,22.138631697216958
15575,19.269135314021263
15576,24.609009830599383
15577,27.914105353298673
15578,27.914105353298673
15579,20.283100671618126
15580,10.890038501770466
15581,10.890038501770466
15582,18.87830857052089
15583,17.51439618235351
15584,3.8415590720485406
15585,-2.664318843737135
15586,17.635080838806783
15587,-0.33958461492148734
15588,-4.413865023646999
15589,-15.297501050621145
15590,-13.081315101933217
15591,-24.972872297876986
15592,-23.692131191158698
15593,-23.692131191158698
15594,-19.981200580994685
15595,-20.547812799900637
15596,-20.58533491641148
15597,-16.560128575830312
15598,-13.204393294948881
15599,-13.204393294948881
15600,-13.204393294948881
15601,-13.204393294948881
15602,-7.866549051541475
15603,-11.4145732818296
15604,-11.897016538042179
15605,-10.84879103423518
15606,-12.394659713089165
15607,-9.848251716545379
15608,-6.281558412446599
15609,12.469932347368283
15610,4.504684681219005
15611,13.617910027390574
15612,15.676201445153215
15613,5.757070722577024
15614,-12.56042027956201
15615,-8.177433248264986
15616,-8.902345138369471
15617,-8.551483037932039
15618,2.295687504278373
15619,10.31908524994023
15620,13.632301453210907
15621,17.10263365179218
15622,19.71308909044596
15623,6.449652325892842
15624,10.6332784375491
15625,9.705563441160772
15626,-0.8157472484224182
15627,-6.22067719366488
15628,-8.129338020023802
15629,-11.739346435028848
15630,-14.094334258055904
15631,-10.199459830418174
15632,-6.671976967383333
15633,-6.671976967383333
15634,-5.336853958986323
15635,-2.0550461679809797
15636,-1.1702660290221096
15637,-1.5830299867051487
15638,-2.8031361626588573
15639,-3.2159001203418964
15640,-4.747348085967479
15641,-4.747348085967479
15642,-1.5924836530315938
15643,-1.5924836530315938
15644,-1.1797196953485551
15645,-1.1797196953485551
15646,7.841125040017258
15647,7.841125040017258
15648,7.841125040017258
15649,8.63610314816239
15650,8.63610314816239
15651,9.046173052441809
15652,14.440653318017134
15653,14.440653318017134
15654,12.08790157185147
15655,12.08790157185147
15656,6.542429129425362
15657,6.542429129425362
15658,0.6911107236848152
15659,-1.6656501008917703
15660,-0.11987631962283218
15661,6.870448198541047
15662,9.575106237825818
15663,11.50933691551024
15664,19.832616408656573
15665,22.81649675664065
15666,33.069590292024564
15667,31.81380745282019
15668,31.8345536079916
15669,30.45641649490315
15670,33.877481655694844
15671,11.769691202724914
15672,0.4254504199577828
15673,-0.4735259549139129
15674,-19.265283316317905
15675,-22.293436307542386
15676,-27.1245807753836
15677,-28.14613207907822
15678,-18.59219069369484
15679,-26.739995013030338
15680,-26.739995013030338
15681,-26.739995013030338
15682,8.929139450178406
15683,4.610444316767903
15684,0.7561312166765981
15685,3.7616002812663134
15686,15.084115216617352
15687,15.041443556540045
15688,15.041443556540045
15689,15.041443556540045
15690,23.158493672676286
15691,7.318009757828452
15692,-26.509076651075265
15693,8.363895873273579
15694,8.83171400220582
15695,10.556512305784386
15696,10.556512305784386
15697,6.8334050499259344
15698,3.942588697072083
15699,2.531910004812551
15700,18.372393919660386
15701,17.19984520860591
15702,13.331055903068506
15703,8.392650064773285
15704,5.690068922660766
15705,8.231126628637957
15706,11.831509459921929
15707,13.102707651345456
15708,12.345863311126221
15709,19.317860171488583
15710,-7.5787354412402586
15711,-7.5787354412402586
15712,-1.7772834448246142
15713,-0.8653755730390564
15714,14.939850827090094
15715,18.85512211403342
15716,20.545513612621765
15717,25.46190692363366
15718,24.7546531490937
15719,14.911025872663606
15720,15.484643569314818
15721,8.844428987246879
15722,5.780494256821974
15723,4.342075185658695
15724,3.963153703834586
15725,6.489792627225125
15726,6.489792627225125
15727,2.7309394579887942
15728,3.488145374744714
15729,5.558615944728311
15730,7.360516437270742
15731,9.3304780990644
15732,9.3304780990644
15733,8.80648440330019
15734,9.660244863270673
15735,9.660244863270673
15736,9.660244863270673
15737,9.660244863270673
15738,11.568540924062361
15739,11.568540924062361
15740,11.568540924062361
15741,13.099988889687943
15742,23.43905599949103
15743,23.43905599949103
15744,23.43905599949103
15745,23.43905599949103
15746,23.43905599949103
15747,23.43905599949103
15748,23.43905599949103
15749,23.43905599949103
15750,16.48680209589516
15751,21.88128236147048
15752,16.48680209589516
15753,16.48680209589516
15754,8.323369818652985
15755,5.9666089940763944
15756,4.216801797220595
15757,8.076396065906232
15758,8.929868175663637
15759,9.69268569627785
15760,17.188241238469633
15761,14.677858308690658
15762,25.42122628295047
15763,22.311793644585805
15764,18.435391380545244
15765,17.87933675560699
15766,19.246654250875764
15767,13.911663447075806
15768,-7.572167671794268
15769,-9.62236809187348
15770,-6.045619960077208
15771,-27.681053015541835
15772,-24.516244284590385
15773,-25.831851126400366
15774,-12.135361688169093
15775,-12.135361688169093
15776,-13.964011061778846
15777,-28.44361759118356
15778,5.62564457926685
15779,4.013146244915774
15780,6.569335527822402
15781,6.569335527822402
15782,-15.411295386901637
15783,20.32296954634679
15784,20.32296954634679
15785,20.32296954634679
15786,30.052517996834112
15787,29.30442462000531
15788,29.30442462000531
15789,29.30442462000531
15790,32.66015990088674
15791,32.66015990088674
15792,32.66015990088674
15793,27.781451259037624
15794,26.06318361723826
15795,24.890634906183777
15796,24.22804959075305
15797,23.108000494769218
15798,18.327888901689654
15799,15.562753119439588
15800,9.722312889803964
15801,12.228126681083282
15802,8.041013917359143
15803,15.352215197336916
15804,14.48659640941051
15805,12.314285617652272
15806,-5.133625692798762
15807,-0.03849333130013566
15808,10.999270193565824
15809,16.262141257874404
15810,21.186741460757737
15811,21.08480670174236
15812,24.81615981556194
15813,34.29588319254379
15814,12.74280526087367
15815,32.24786941427926
15816,22.970391178399233
15817,11.85382349755072
15818,6.749961926262234
15819,5.311542855098956
15820,7.164925682777298
15821,9.585747411950319
15822,9.983315768973444
15823,10.405117100274605
15824,2.7309394579887942
15825,3.488145374744714
15826,3.4656420096330165
15827,7.871147294795025
15828,8.343163476070862
15829,5.927376100824373
15830,4.997274250307345
15831,3.6366569097169568
15832,2.9925440859001715
15833,0.41370366726753327
15834,4.5186259962297735
15835,2.031995402622545
15836,3.3335754208213957
15837,5.117437731308907
15838,13.09990454270287
15839,17.229274621205455
15840,17.229274621205455
15841,17.229274621205455
15842,17.229274621205455
15843,17.229274621205455
15844,17.229274621205455
15845,18.494384808278195
15846,15.671500983184913
15847,15.671500983184913
15848,11.542130904682322
15849,11.542130904682322
15850,11.285916074383401
15851,6.47482106998162
15852,8.510407037221794
15853,12.673234664148248
15854,12.72099144137256
15855,12.72099144137256
15856,12.72099144137256
15857,14.9998086298623
15858,17.81721616762168
15859,26.82656195051645
15860,27.343543827003895
15861,29.25507250675639
15862,42.863455391368895
15863,40.49575474652216
15864,37.701099893748186
15865,35.255618768783286
15866,28.929164456134348
15867,32.19085702835144
15868,31.76889382985432
15869,33.4895674796735
15870,35.19802292633924
15871,32.9282447602232
15872,33.877730665961145
15873,60.08283359825241
15874,67.43979350548834
15875,30.139823952282697
15876,27.818406632034975
15877,26.454494243867593
15878,26.334092565834723
15879,23.128570642016385
15880,22.862656982444694
15881,22.29604476353874
15882,25.305605758444567
15883,25.571519418016255
15884,25.571519418016255
15885,24.745929043234153
15886,24.745929043234153
15887,24.745929043234153
15888,23.573380332179678
15889,23.573380332179678
15890,21.9712149873594
15891,22.992766291054014
15892,23.65630867653553
15893,40.6053302876898
15894,15.27950861370475
15895,28.024243593377612
15896,16.47218124354098
15897,18.20968137306869
15898,8.566479940838816
15899,9.20833563229731
15900,10.073954420223718
15901,15.87540641663936
15902,-4.205258579128912
15903,-4.8148174273447415
15904,1.1121364608581734
15905,3.5261261895640708
15906,17.25266419255629
15907,16.507067821917502
15908,21.675947587367
15909,20.91874167061108
15910,13.368217769641696
15911,13.348986061564469
15912,13.975114128585433
15913,6.580176733572177
15914,3.3008355880314726
15915,4.439707068093284
15916,-4.815403968096805
15917,-3.283956002471222
15918,-17.927045362036317
15919,-1.6701352555240485
15920,-0.368555237325198
15921,0.054952537828148046
15922,2.185053654370287
15923,5.938877626651455
15924,6.089869803502222
15925,6.089869803502222
15926,6.016078908211061
15927,6.016078908211061
15928,6.016078908211061
15929,6.904916744202475
15930,4.574362290465114
15931,6.105810256090697
15932,7.889672566578207
15933,7.889672566578207
15934,14.922289915716856
15935,12.825587024885987
15936,12.825587024885987
15937,12.825587024885987
15938,14.922289915716856
15939,14.922289915716856
15940,14.922289915716856
15941,14.922289915716856
15942,10.129217118022346
15943,10.129217118022346
15944,10.129217118022346
15945,8.692726946620873
15946,5.982177936496758
15947,3.625417111920172
15948,9.704048068689982
15949,12.320317678533439
15950,11.29876637483882
15951,11.84052602528406
15952,12.764066263700014
15953,11.396169574749605
15954,14.301114830260316
15955,16.009175137838152
15956,20.031013220341578
15957,15.987968230811955
15958,17.116435584565334
15959,17.116435584565334
15960,21.149283617107788
15961,21.149283617107788
15962,22.821444201316304
15963,22.3917195638275
15964,26.699647915606647
15965,26.800025204191996
15966,26.20244084032416
15967,20.539409405475876
15968,11.952747565694043
15969,-11.248925095895515
15970,-6.43678328725442
15971,-11.959039925274878
15972,-9.302949923611715
15973,-24.791049590998913
15974,-272.37442851919656
15975,-49.51290551835573
15976,-49.51290551835573
15977,-49.51290551835573
15978,-51.11255752062775
15979,-51.11255752062775
15980,-26.566148567352197
15981,-23.7194353164131
15982,-21.279173828463374
15983,-21.279173828463374
15984,-21.279173828463374
15985,-17.51749171727998
15986,-20.36420496821908
15987,-47.756822239746334
15988,-47.333314464592995
15989,-47.333314464592995
15990,-60.712923842988424
15991,-58.76056905297622
15992,-29.615322124770515
15993,-29.55276748463298
15994,-17.667628856365752
15995,-4.159514788387188
15996,-7.205666565764213
15997,-2.434234619142475
15998,-9.187358095918954
15999,-1.88399555542213
16000,-5.755972812386867
16001,-5.755972812386867
16002,-6.415286520889827
16003,-0.6960724599815424
16004,1.2029151787950678
16005,12.61410009811707
16006,12.61410009811707
16007,9.558162665755589
16008,9.9516949153614
16009,8.650114897162549
16010,0.14741270761992897
16011,-1.8116501795652749
16012,-3.7077074247458777
16013,-3.7077074247458777
16014,-3.7077074247458777
16015,-1.1873752567779097
16016,-1.1873752567779097
16017,-1.0363830799271427
16018,4.788289785303372
16019,3.004427474815861
16020,6.089869803502222
16021,5.166329565086267
16022,1.8510192889731751
16023,1.8510192889731751
16024,5.166329565086267
16025,3.382467254598756
16026,3.7593153497648637
16027,7.074625625877955
16028,7.074625625877955
16029,7.000834730586796
16030,28.81294349413121
16031,26.71624060330035
16032,26.71624060330035
16033,26.71624060330035
16034,26.71624060330035
16035,26.71624060330035
16036,26.71624060330035
16037,26.71624060330035
16038,28.535855719262393
16039,30.632558610093255
16040,27.93754642616944
16041,27.93754642616944
16042,25.226997416045332
16043,22.870236591468743
16044,25.092352648535318
16045,27.687849790456816
16046,27.15185058580941
16047,27.994062765397434
16048,30.89900802090815
16049,32.60706832848599
16050,32.60706832848599
16051,33.3913297823861
16052,32.702383925410146
16053,32.702383925410146
16054,34.625343982087166
16055,34.99920900389768
16056,13.959884002359322
16057,0.054711236617982106
16058,-5.219000586683754
16059,-24.434015177421905
16060,-36.97434199207679
16061,-40.612053831517095
16062,-34.73403570321715
16063,-320.83833186571934
16064,-315.2266202285297
16065,-317.47877737729283
16066,-12.004638505644392
16067,-15.00063500064649
16068,-14.532917926512031
16069,-14.532917926512031
16070,-8.288930226137012
16071,-5.37119786279068
16072,-19.89120662334467
16073,-19.89120662334467
16074,-191.0634729492651
16075,-21.958336875971792
16076,-25.48724097892447
16077,-25.063733203771122
16078,-9.253711361067113
16079,-9.253711361067113
16080,-9.253711361067113
16081,-3.346316013997208
16082,-5.4920292498837195
16083,-9.528638764502501
16084,-12.95775271824536
16085,-11.719424256592918
16086,-9.136264910581653
16087,-6.506231897611059
16088,-0.6429363204081198
16089,-0.6429363204081198
16090,-282.7215298254093
16091,12.239167163866066
16092,19.0628763891376
16093,21.127569663093773
16094,-1.146544973486064
16095,2.6063937316996304
16096,2.6063937316996304
16097,1.917447874723676
16098,10.37384371877133
16099,20.091730252482254
16100,26.012637171189184
16101,25.32061600120616
16102,22.002906788012414
16103,26.64407869126553
16104,27.605610563938093
16105,25.04998101118396
16106,22.114641026683408
16107,23.032982780096717
16108,22.654061298272612
16109,22.654061298272612
16110,22.654061298272612
16111,22.654061298272612
16112,22.654061298272612
16113,23.269903492734183
16114,28.06597020582009
16115,28.68181240028166
16116,28.68181240028166
16117,23.860555049983144
16118,21.153152501079678
16119,22.93701481156719
16120,22.93701481156719
16121,22.93701481156719
16122,24.84531087235888
16123,24.84531087235888
16124,24.84531087235888
16125,24.84531087235888
16126,15.648745640485323
16127,15.648745640485323
16128,15.648745640485323
16129,15.648745640485323
16130,20.15830124955143
16131,20.15830124955143
16132,21.423411436624168
16133,21.423411436624168
16134,19.86563779860362
16135,20.78917803701957
16136,15.394697771444248
16137,15.394697771444248
16138,3.825616794495998
16139,1.468855969919411
16140,1.6862796459354223
16141,8.31746119698159
16142,7.606379285297492
16143,9.569424905472285
16144,10.490616575656736
16145,12.198676883234569
16146,15.081226862337802
16147,30.39764929657869
16148,29.012832978110215
16149,22.942139755559243
16150,25.816763144109878
16151,34.97702819478303
16152,32.82430554462785
16153,31.20648309266715
16154,27.31671251118654
16155,6.254844590813582
16156,1.5600571402464383
16157,-9.345492333406924
16158,2.0998634748165377
16159,-16.607856296449867
16160,-13.727818596606324
16161,-11.92168699082505
16162,14.813734084571301
16163,14.813734084571301
16164,16.428088805147198
16165,16.428088805147198
16166,22.45650189481557
16167,22.45650189481557
16168,22.45650189481557
16169,22.45650189481557
16170,33.98204760571686
16171,33.98204760571686
16172,33.98204760571686
16173,33.98204760571686
16174,37.33778288659829
16175,35.92710419433876
16176,35.92710419433876
16177,33.37091491143214
16178,31.768749566611856
16179,31.768749566611856
16180,31.93298442439002
16181,31.926243388235086
16182,21.22564303692714
16183,30.80285592636002
16184,30.2301102117892
16185,23.59354296640609
16186,22.525134763972034
16187,22.525134763972034
16188,17.946858936351582
16189,20.453244338264028
16190,-4.369449495515207
16191,5.0420109159054824
16192,14.678862440597268
16193,26.23128005269294
16194,29.403226781530474
16195,34.844249865850514
16196,25.440114253454393
16197,30.186607279829417
16198,1.0336875166128396
16199,4.800694935102518
16200,2.1241903347905677
16201,15.584244000801231
16202,14.412018215240973
16203,13.527631854961733
16204,77.26051451128428
16205,41.06378982257788
16206,40.77587551250253
16207,43.302514435893066
16208,43.302514435893066
16209,47.803154681841505
16210,64.02636340806765
16211,64.02636340806765
16212,57.05493539967993
16213,43.61875312051424
16214,64.79929142036359
16215,40.950028961148426
16216,40.950028961148426
16217,40.950028961148426
16218,63.04516648077515
16219,59.72422681195244
16220,41.33317258848417
16221,41.33317258848417
16222,17.88459399030892
16223,17.88459399030892
16224,17.88459399030892
16225,17.88459399030892
16226,17.88459399030892
16227,38.43200600112346
16228,38.25294134201274
16229,24.27772351428578
16230,21.210266664749415
16231,22.0402736059518
16232,19.887448813380058
16233,15.669641704523738
16234,4.964687840068291
16235,-7.4454586106310545
16236,-13.493708816157799
16237,-25.57131336124304
16238,-24.55245016041968
16239,-17.96785361242312
16240,-17.96785361242312
16241,-14.800867380222748
16242,-2.007682334584392
16243,-1.2472171649930242
16244,-4.553018251873156
16245,-8.997602519137349
16246,-5.436814447603678
16247,-15.54437180812046
16248,-31.408305690503564
16249,-32.00328612710595
16250,-47.067096633233966
16251,-49.98342154797904
16252,-55.1385977854706
16253,-53.67481958243501
16254,-65.4213046213554
16255,-64.11154396129123
16256,3.512981618442744
16257,-33.49077012257906
16258,-11.21526059372116
16259,-11.21526059372116
16260,-11.21526059372116
16261,-11.21526059372116
16262,6.893961993354416
16263,6.893961993354416
16264,3.7838407965492644
16265,3.7838407965492644
16266,12.83559576419991
16267,5.982785962909467
16268,3.633611695630324
16269,5.0147417580947815
16270,7.435777923976186
16271,6.999834168779992
16272,7.306308004899028
16273,7.306308004899028
16274,5.704142660078747
16275,5.704142660078747
16276,4.5606213235677755
16277,14.349741663809136
16278,10.447288646453137
16279,18.095264751005086
16280,17.382902576286437
16281,16.533785105655404
16282,7.563409117587892
16283,12.881911576395039
16284,5.491952042466893
16285,14.385056678647048
16286,5.396132277810136
16287,7.2416225007067885
16288,16.200456513077008
16289,18.568157157923753
16290,23.04806452591691
16291,25.608068301284874
16292,25.608068301284874
16293,25.18697640218042
16294,23.900049720903624
16295,14.219990322221072
16296,5.870278181517659
16297,3.151450305046958
16298,-1.1643734067148337
16299,-1.543294888538941
16300,1.4598259744982172
16301,1.4598259744982172
16302,1.4598259744982172
16303,3.9864648978887582
16304,3.1101617077556662
16305,0.22761172865242585
16306,6.396726552955823
16307,19.54932574296681
16308,8.043689347786076
16309,9.71895287068778
16310,10.048719634894052
16311,10.048719634894052
16312,10.048719634894052
16313,10.048719634894052
16314,11.419721757342428
16315,13.203584067829937
16316,13.203584067829937
16317,13.203584067829937
16318,21.250405574002333
16319,21.250405574002333
16320,21.250405574002333
16321,21.250405574002333
16322,22.173945812418285
16323,21.250405574002333
16324,22.173945812418285
16325,22.173945812418285
16326,21.88128236147048
16327,21.88128236147048
16328,16.48680209589516
16329,16.48680209589516
16330,16.01699779005147
16331,8.847363514417191
16332,4.554265403158408
16333,5.127594655767733
16334,7.282905380833387
16335,9.408249443180706
16336,10.155957887389444
16337,12.969798001112823
16338,25.085157852563174
16339,25.94356548289563
16340,27.055483288538
16341,34.2271676308356
16342,34.10798343572608
16343,34.1160048567404
16344,27.732551475784422
16345,29.064367842094775
16346,29.821573758850693
16347,30.649232431854895
16348,20.572746625209458
16349,3.4166936136634507
16350,29.961729322543526
16351,21.428549347876338
16352,19.524653454278525
16353,12.170971289699292
16354,31.87607881531909
16355,32.83360347272091
16356,13.26126897088453
16357,22.110725058219153
16358,25.50449628161028
16359,22.47634329038581
16360,24.38769070635411
16361,26.25003602267905
16362,25.329451083232236
16363,25.329451083232236
16364,24.024539960420825
16365,23.276446583592023
16366,26.632181864473452
16367,28.916949738442533
16368,26.121540596203904
16369,26.121540596203904
16370,27.5475282426081
16371,27.5475282426081
16372,27.610082882745626
16373,36.568803166972764
16374,28.853641630299684
16375,26.842433545102697
16376,28.605408167609852
16377,27.448795788662384
16378,20.512518543771343
16379,20.512518543771343
16380,23.96313280444085
16381,22.182895785512635
16382,-10.679274998858265
16383,-4.713699827216203
16384,-6.176533453764677
16385,-0.35590671565201504
16386,16.77830856725608
16387,23.407369190612464
16388,27.646154972656763
16389,26.161060771592993
16390,25.302778745649718
16391,10.752546514074766
16392,11.569586538833924
16393,11.383569783631675
16394,5.654778034383325
16395,2.7773733937848157
16396,-0.5571029225590685
16397,4.216789483533683
16398,7.508030820880345
16399,7.40819471083897
16400,2.7309394579887942
16401,7.6883552493639
16402,15.17073472689497
16403,12.173772193901664
16404,12.173772193901664
16405,10.013206853572761
16406,12.975555139383767
16407,11.191692828896254
16408,12.975555139383767
16409,11.191692828896254
16410,13.099988889687943
16411,11.568540924062361
16412,13.099988889687943
16413,12.176448651271986
16414,17.121035495499743
16415,22.515515761075076
16416,22.515515761075076
16417,22.515515761075076
16418,17.121035495499743
16419,17.121035495499743
16420,19.062813927570918
16421,19.062813927570918
16422,17.50504028955037
16423,17.50504028955037
16424,17.50504028955037
16425,19.54197066456047
16426,9.146234077815855
16427,6.9848471877316145
16428,4.030271707394199
16429,7.5524023701420235
16430,6.969915204382276
16431,13.323402076434359
16432,13.354836868544481
16433,15.062897176122314
16434,17.977698881222498
16435,27.828379183777226
16436,26.44356286530875
16437,26.481702196177537
16438,25.911153499851697
16439,25.38881429990654
16440,14.425739363364734
16441,6.755641706798536
16442,5.474202152592684
16443,-5.663243865449226
16444,-19.282862338706316
16445,-23.818489809315693
16446,-14.165258204511739
16447,-11.906738994149064
16448,-15.993907578121485
16449,-31.2981220991394
16450,-13.027942818311978
16451,7.28131146574539
16452,-13.027942818311978
16453,5.455606324989044
16454,0.8080897398683902
16455,18.561154741019127
16456,18.561154741019127
16457,18.561154741019127
16458,26.678204857155364
16459,33.49511850745117
16460,31.759869501202285
16461,23.543981976549848
16462,27.206191093550306
16463,26.03364238249583
16464,26.03364238249583
16465,23.980529460598312
16466,19.909582506296204
16467,22.937735497520677
16468,19.36953556748175
16469,23.237559123269204
16470,28.62835223372453
16471,27.51643442808216
16472,28.31814154937844
16473,26.667316957451124
16474,24.40412295030926
16475,23.026587077429888
16476,20.22804464444411
16477,27.27156559701434
16478,5.809775674504912
16479,6.4438839590305586
16480,12.631386687697944
16481,15.652262989089017
16482,18.88197926574483
16483,26.13631659283697
16484,31.44267246153796
16485,31.44267246153796
16486,-1.3671717411500623
16487,10.529251180879255
16488,11.155379247900218
16489,6.009532056623945
16490,5.723651748649393
16491,6.81187160087665
16492,8.665254428555
16493,9.824944335796994
16494,9.824944335796994
16495,10.753004770687635
16496,13.301255485155195
16497,14.058461401911115
16498,15.695300473177104
16499,15.695300473177104
16500,13.062718951572371
16501,15.171306777412894
16502,17.66228490205434
16503,19.446147212541845
16504,19.446147212541845
16505,18.922153516777637
16506,19.04658726708182
16507,17.933363298175067
16508,17.933363298175067
16509,17.933363298175067
16510,28.109842514068614
16511,28.109842514068614
16512,28.109842514068614
16513,28.109842514068614
16514,31.006928793462876
16515,31.006928793462876
16516,31.006928793462876
16517,32.272038980535626
16518,28.926815955497176
16519,27.34056732960181
16520,25.843778772703946
16521,25.319785076939738
16522,12.815460664354596
16523,10.458699839778008
16524,5.811806363527947
16525,8.35483479589828
16526,11.34581639592057
16527,9.275345825936972
16528,15.965813131314759
16529,15.975432256904874
16530,13.964487871415432
16531,19.423826938027076
16532,24.340498444570855
16533,21.708973870943847
16534,26.468195794873708
16535,27.065905690912377
16536,27.065905690912377
16537,23.209739648054434
16538,20.362108362888193
16539,21.37481844684806
16540,21.37481844684806
16541,22.13202436360398
16542,32.01314473846145
16543,32.01314473846145
16544,25.558571986559812
16545,25.136608788062695
16546,37.18553544518885
16547,34.44766360408952
16548,34.44766360408952
16549,34.970002804034664
16550,35.22346614781231
16551,35.22346614781231
16552,35.22346614781231
16553,35.22346614781231
16554,35.22346614781231
16555,35.22346614781231
16556,34.47537277098351
16557,34.47537277098351
16558,34.47537277098351
16559,34.47537277098351
16560,34.47537277098351
16561,36.2890477507594
16562,33.39983168995482
16563,32.22728297890035
16564,35.512122065233335
16565,34.392072969249504
16566,28.22541999230439
16567,28.22541999230439
16568,25.46028421005434
16569,28.75771254731922
16570,18.223994542183533
16571,17.358375754257125
16572,17.358375754257125
16573,9.823160134676085
16574,6.819720111794775
16575,6.313951664332094
16576,5.704392816116263
16577,13.300565264817191
16578,13.163089161565704
16579,18.46944503026669
16580,18.46944503026669
16581,13.398944064084876
16582,14.285294428329419
16583,13.240161464122925
16584,11.564716424113556
16585,0.770965266909786
16586,-2.969311739312754
16587,-2.478172059452072
16588,-5.1818109939561205
16589,-5.1818109939561205
16590,-5.1818109939561205
16591,-5.1818109939561205
16592,-4.758303218802774
16593,-4.758303218802774
16594,2.77455952738913
16595,6.089869803502222
16596,6.089869803502222
16597,6.089869803502222
16598,4.232216597723551
16599,6.904916744202475
16600,6.904916744202475
16601,6.904916744202475
16602,7.0293504945066525
16603,6.105810256090697
16604,6.105810256090697
16605,6.105810256090697
16606,14.922289915716856
16607,14.922289915716856
16608,14.922289915716856
16609,14.922289915716856
16610,9.527809650141517
16611,9.527809650141517
16612,9.527809650141517
16613,9.527809650141517
16614,10.129217118022346
16615,15.523697383597678
16616,10.129217118022346
16617,10.129217118022346
16618,11.176548575535161
16619,7.4186681078982355
16620,5.061907283321649
16621,7.284023340388221
16622,12.578988563961236
16623,12.578988563961236
16624,13.50252880237719
16625,18.115534365465738
16626,18.115534365465738
16627,17.226696529474328
16628,17.226696529474328
16629,18.853170162962467
16630,18.613740827765447
16631,17.50725996624149
16632,17.64232104149434
16633,12.00066356982771
16634,-0.6004590335722306
16635,-22.756062161321466
16636,-37.47502668912748
16637,-46.65775804060373
16638,-45.051605052000205
16639,-50.12935968742604
16640,-52.28646932788775
16641,-52.28646932788775
16642,-49.34002742108371
16643,-66.83186561324709
16644,-34.316666215275525
16645,-35.23214000820722
16646,-23.574706377896398
16647,-27.320550967257347
16648,-132.74751996084967
16649,-132.74751996084967
16650,-98.16421646313403
16651,-98.16421646313403
16652,-15.869319230874046
16653,-19.88510739591148
16654,-15.613528414372066
16655,-19.14243251732475
16656,-24.12588707940247
16657,-24.12588707940247
16658,-17.51749171727998
16659,-21.55410123189876
16660,-22.709930099049842
16661,-21.551640044440017
16662,-24.79204283189185
16663,-21.340382065514017
16664,-17.139226697921558
16665,-14.214548372499683
16666,-22.179796038648963
16667,-12.017460525867003
16668,2.4666325219555585
16669,6.91038763158021
16670,-13.420379823395782
16671,-13.420379823395782
16672,-10.090948893363434
16673,-10.090948893363434
16674,-10.779894750339388
16675,-2.4744910831425013
16676,8.655095301698234
16677,15.409618415564104
16678,14.108038397365254
16679,11.219802585341931
16680,11.793420281993143
16681,11.793420281993143
16682,8.484693251822677
16683,3.862302093183938
16684,4.75816786538122
16685,6.275303628737716
16686,6.275303628737716
16687,7.806751594363298
16688,6.275303628737716
16689,6.275303628737716
16690,11.687212536285195
16691,10.763672297869238
16692,14.078982573982332
16693,14.078982573982332
16694,11.617432757839723
16695,10.914664474720006
16696,9.169677956679777
16697,12.48498823279287
16698,16.138270811624796
16699,16.138270811624796
16700,14.393284293584562
16701,11.077974017471469
16702,36.22420292148157
16703,35.61464407326573
16704,35.61464407326573
16705,35.61464407326573
16706,32.91963188934192
16707,35.61464407326573
16708,32.91963188934192
16709,32.91963188934192
16710,35.2750780833264
16711,34.00996789625366
16712,32.58006589940259
16713,32.58006589940259
16714,24.416633622160447
16715,22.059872797583857
16716,24.028675337242227
16717,24.851337918338537
16718,24.722743172414184
16719,29.544000522712704
16720,32.44894577822339
16721,32.7812643513786
16722,31.554716682808287
16723,34.944804751201325
16724,35.6422551456065
16725,35.6422551456065
16726,36.77072249935988
16727,37.158263533128434
16728,24.16041052500336
16729,16.232390123596772
16730,11.659644464850597
16731,3.666995076965832
16732,-8.508697938644552
16733,-15.158236002203301
16734,-8.649783802553346
16735,-11.292560957015246
16736,-11.292560957015246
16737,-16.70755871650222
16738,1.8894535968590687
16739,-0.48927647103752553
16740,-0.48927647103752553
16741,-4.847345647241016
16742,-0.8923316491092701
16743,-0.8923316491092701
16744,-3.0494412895709764
16745,3.477744140550311
16746,1.8353091483082542
16747,1.8353091483082542
16748,1.8353091483082542
16749,1.8353091483082542
16750,5.191044429189679
16751,5.191044429189679
16752,6.514864524552328
16753,1.322426142782467
16754,5.5816646340284315
16755,8.427872952280122
16756,8.427872952280122
16757,10.995351325113187
16758,9.910140422188814
16759,5.53748144316906
16760,9.342705625091355
16761,12.280286787731553
16762,6.010756433839461
16763,20.316602369475287
16764,19.364156593866664
16765,27.6327070875052
16766,3.554064672467212
16767,3.554064672467212
16768,13.207389798273557
16769,11.831648063850935
16770,12.437814927019827
16771,11.471564327966737
16772,19.554095150203878
16773,27.967042886851875
16774,28.095637632776228
16775,26.732924266684947
16776,26.925426111132694
16777,39.558647274598776
16778,43.22314163507441
16779,40.34573699447591
16780,39.36802150270861
16781,43.11746157556757
16782,43.11746157556757
16783,43.11746157556757
16784,43.11746157556757
16785,30.70037726686693
16786,47.06452692167115
16787,31.656371737694784
16788,31.656371737694784
16789,31.656371737694784
16790,43.54946235063124
16791,43.54946235063124
16792,46.14098668325519
16793,46.14098668325519
16794,46.19129480952576
16795,46.19129480952576
16796,43.5997704769018
16797,43.5997704769018
16798,10.481453161298024
16799,10.481453161298024
16800,10.481453161298024
16801,10.481453161298024
16802,10.481453161298024
16803,10.481453161298024
16804,10.481453161298024
16805,10.481453161298024
16806,8.923679523277475
16807,17.10398304508041
16808,17.10398304508041
16809,12.88566474915644
16810,0.8907133483199198
16811,-8.630694384025439
16812,-17.76899936501213
16813,-16.511694499319454
16814,-12.901686084314408
16815,-17.9604947682716
16816,-17.9604947682716
16817,-11.910958556967987
16818,-11.910958556967987
16819,-0.8270943631584632
16820,0.2266108902036188
16821,-1.4964167158878565
16822,-4.027115309289117
16823,-5.747565729044402
16824,-8.733805263909655
16825,-30.65403256720066
16826,-32.75655883272003
16827,-33.72414646798655
16828,-39.45861075042327
16829,-33.57378134064598
16830,-24.99425789527163
16831,-24.99425789527163
16832,-121.27066450217089
16833,-121.27066450217089
16834,-21.930206453843866
16835,-20.54907639137941
16836,-16.219787231427045
16837,-29.498206314626835
16838,-23.254218614251805
16839,-23.254218614251805
16840,-23.254218614251805
16841,-23.254218614251805
16842,-11.728672903350509
16843,-13.109802965814968
16844,-13.109802965814968
16845,-17.439092125767328
16846,-14.083356844885897
16847,-13.874775493475916
16848,-13.874775493475916
16849,-13.874775493475916
16850,-76.83130244467209
16851,-75.32791235476954
16852,-104.88105447872694
16853,14.31192700674662
16854,13.172890793322809
16855,13.172890793322809
16856,15.128931957233116
16857,12.439664870095612
16858,7.616673232407136
16859,0.43292326916029195
16860,6.101179082714038
16861,16.4888656850963
16862,2.97021242439369
16863,2.96593934263535
16864,-3.043950392728866
16865,4.471471433131124
16866,3.133349078810147
16867,10.609617118880593
16868,14.881041665219598
16869,22.13537899231174
16870,7.071782997295748
16871,-6.895587213108677
16872,14.58652480998158
16873,14.942676013344943
16874,8.182797148452831
16875,5.118862418027925
16876,6.876833443064495
16877,7.7526769112766125
16878,7.7526769112766125
16879,3.993823742040281
16880,6.397992453626452
16881,1.1422535293405556
16882,2.664146921661955
16883,2.664146921661955
16884,2.493101769614201
16885,1.5204894377424787
16886,1.540633702554027
16887,1.1667686807435076
16888,4.4820789568566
16889,4.4820789568566
16890,7.636943389792484
16891,7.636943389792484
16892,6.010634868256812
16893,6.010634868256812
16894,11.781026339645571
16895,11.781026339645571
16896,12.154891361456091
16897,12.003899184605324
16898,12.003899184605324
16899,12.003899184605324
16900,12.003899184605324
16901,13.536998271237106
16902,14.012869318518758
16903,14.012869318518758
16904,11.628485758056394
16905,11.628485758056394
16906,0.05940478110814637
16907,-2.2973560434684392
16908,1.215648610672306
16909,4.422654437669386
16910,3.8401672719096367
16911,7.450175686914686
16912,22.342269976613625
16913,10.91935509788952
16914,13.44563566812164
16915,20.330508296302174
16916,16.063119307473794
16917,-11.022746344382274
16918,-16.915448281857987
16919,-17.793099990882727
16920,-31.779850691291884
16921,-42.77080517794381
16922,-48.49619010079653
16923,-50.32483947440627
16924,-64.31929333536002
16925,-49.823700237695014
16926,-33.86680617338408
16927,-132.69940206318998
16928,-57.41133279172277
16929,-296.4903722301662
16930,-397.18377243066016
16931,-402.7626864164902
16932,-402.7626864164902
16933,-375.96581916142435
16934,-289.08235956058405
16935,-190.89478845237733
16936,-190.89478845237733
16937,-190.89478845237733
16938,-182.37880373638183
16939,-194.75574984549826
16940,-194.75574984549826
16941,-182.37880373638183
16942,-177.96161994940138
16943,-177.96161994940138
16944,-178.1164762769373
16945,-190.86701768381053
16946,-316.01593649001524
16947,-378.61053811473226
16948,-258.2271469538405
16949,-10.452936709439651
16950,-14.624611748472368
16951,2.68279807063832
16952,1.7887299806421866
16953,3.112550076004834
16954,9.296105272769088
16955,7.8620636792467025
16956,2.459738331197369
16957,3.27731865794874
16958,-1.8947079634049024
16959,-2.910249051402533
16960,-8.654940098667298
16961,-8.654940098667298
16962,-2.853488102251653
16963,8.624803948177291
16964,19.955314905392658
16965,21.67083470247362
16966,25.931018275040888
16967,11.422289361029089
16968,13.003802631323046
16969,11.8158216106349
16970,0.7086668247096004
16971,-2.570674320831106
16972,-8.129338020023802
16973,-10.199459830418174
16974,-11.368302960373823
16975,-15.762321302114069
16976,-15.762321302114069
16977,-15.762321302114069
16978,-5.153957948730014
16979,-5.153957948730014
16980,-3.1839962869363556
16981,-3.1839962869363556
16982,-1.501556144460007
16983,-4.334584128284438
16984,-4.334584128284438
16985,-3.7266764010748124
16986,-0.9845759258219657
16987,-0.18959781767683875
16988,-0.18959781767683875
16989,4.022239627114976
16990,15.256660441333178
16991,15.666730345612596
16992,15.666730345612596
16993,16.63934267748432
16994,17.01320769929484
16995,17.01320769929484
16996,16.86221552244407
16997,16.86221552244407
16998,15.914000732639355
16999,18.871185656357508
17000,14.741815577854926
17001,13.096085068574077
17002,6.06187437866705
17003,3.705113554090467
17004,5.250887335359402
17005,8.586487908280832
17006,9.224993564797103
17007,9.713393661429313
17008,15.49092651455801
17009,21.47733741164405
17010,21.095242692607446
17011,26.44356286530875
17012,25.915965777128296
17013,17.825796474142745
17014,12.739114736021328
17015,-3.666352762967305
17016,-13.855046938906415
17017,-68.74581359660911
17018,-30.474038996825904
17019,-26.140565769479323
17020,-27.660500500010123
17021,-42.96471502102802
17022,-16.089968445653334
17023,-13.533779162746704
17024,-13.533779162746704
17025,-18.171705731535866
17026,-6.773749596534812
17027,-6.773749596534812
17028,-6.773749596534812
17029,-6.251410396589653
17030,-2.536743552641866
17031,-2.4363662640565202
17032,-39.26418736390219
17033,-39.26418736390219
17034,5.580306563494384
17035,5.580306563494384
17036,5.580306563494384
17037,5.580306563494384
17038,10.943023500857887
17039,10.943023500857887
17040,9.770474789803407
17041,5.441185629851049
17042,26.791221511918422
17043,29.46716031287545
17044,25.79092193398499
17045,24.640951286096982
17046,17.161509992724312
17047,14.396374210474256
17048,10.418279297163568
17049,10.472169166420738
17050,5.290719997850566
17051,1.6691012256818882
17052,12.488369765404213
17053,18.822689032501533
17054,-9.437518197999069
17055,-9.437518197999069
17056,-5.322690828926829
17057,4.341251114970645
17058,13.3945408322509
17059,18.314452336356393
17060,23.874626409238353
17061,27.78248206327087
17062,5.245575197874318
17063,10.68135734105611
17064,11.383569783631675
17065,12.009697850652639
17066,8.844428987246879
17067,5.780494256821974
17068,4.342075185658695
17069,5.613489437092031
17070,2.7309394579887942
17071,3.489377660294115
17072,-0.12063075471093071
17073,-1.4421094975978117
17074,3.0578915381641116
17075,5.02785319995776
17076,5.02785319995776
17077,6.559301165583343
17078,9.196923936041342
17079,9.196923936041342
17080,9.196923936041342
17081,9.196923936041342
17082,13.13886468213523
17083,13.13886468213523
17084,14.883851200175455
17085,14.883851200175455
17086,22.173945812418285
17087,22.173945812418285
17088,22.173945812418285
17089,22.173945812418285
17090,22.173945812418285
17091,22.173945812418285
17092,22.173945812418285
17093,22.173945812418285
17094,21.634410368052965
17095,21.634410368052965
17096,17.50504028955037
17097,17.50504028955037
17098,9.341608012308203
17099,6.9848471877316145
17100,5.0485099010494165
17101,6.325854701571685
17102,6.907894825852092
17103,5.907163646410761
17104,9.837072898897457
17105,14.42768318557853
17106,13.801555118557566
17107,24.544923092817378
17108,16.457854786976466
17109,15.639896386712099
17110,18.126605154891937
17111,20.074312923879965
17112,10.027594612129818
17113,6.755641706798536
17114,5.474202152592684
17115,-17.51423932642053
17116,-23.54007109677447
17117,-29.43299334612466
17118,-11.609017344071129
17119,-13.437666717680885
17120,-14.716730635513132
17121,-14.125787316756355
17122,-13.027942818311978
17123,-13.027942818311978
17124,9.837500748652015
17125,-25.035471775696827
17126,21.117344023925746
17127,-13.755628500423102
17128,-13.755628500423102
17129,-13.459843843596142
17130,30.052517996834112
17131,30.052517996834112
17132,30.052517996834112
17133,29.30442462000531
17134,32.66015990088674
17135,32.66015990088674
17136,31.510189252998735
17137,29.048989533910685
17138,23.479956213924247
17139,19.304610119386982
17140,19.304610119386982
17141,14.48636141523941
17142,11.433949698603664
17143,9.084519519684052
17144,11.876100689861467
17145,12.100053864293908
17146,11.10502299356279
17147,9.738619805127728
17148,13.559885845397517
17149,12.189992470239336
17150,-7.578051684343728
17151,-3.4150045591524485
17152,3.011124339880852
17153,5.722263336884445
17154,16.633130752515232
17155,19.884495459733316
17156,24.85491729630982
17157,26.850718649600047
17158,1.833558171187605
17159,9.138425695730884
17160,10.529251180879255
17161,10.802180048644239
17162,9.627366566860749
17163,6.749961926262234
17164,5.7293033796691955
17165,10.109325130738078
17166,13.556457037523945
17167,13.442778846033791
17168,12.416468668420952
17169,9.37214892081725
17170,15.270160434839411
17171,16.917123229669663
17172,14.805173074063529
17173,15.695300473177104
17174,10.101343196710955
17175,10.678483056925892
17176,13.993793333038989
17177,11.191692828896254
17178,14.883851200175455
17179,13.099988889687943
17180,14.883851200175455
17181,14.883851200175455
17182,23.309687427363063
17183,21.276042742060863
17184,21.276042742060863
17185,20.66648389384503
17186,20.66648389384503
17187,20.66648389384503
17188,20.66648389384503
17189,20.66648389384503
17190,18.136097923952764
17191,18.136097923952764
17192,14.006727845450182
17193,13.632862823639663
17194,7.360431331564507
17195,4.629805485177399
17196,5.002296857840073
17197,10.483792171239488
17198,13.292106103647205
17199,14.833885740511425
17200,19.44689130359996
17201,20.056450151815792
17202,19.430322084794827
17203,19.430322084794827
17204,24.434986842346987
17205,28.076152619929704
17206,28.43183389038514
17207,30.66097046798778
17208,12.57933601938279
17209,4.321563692089689
17210,-9.35127341821529
17211,-30.239675510424146
17212,-37.3719366693274
17213,-38.027735042631356
17214,-27.331298688652232
17215,-41.45774306629279
17216,-37.92959951506718
17217,-95.30081632031204
17218,-635.9892527974946
17219,-612.9148383182861
17220,-540.6433312853927
17221,112.85005018552414
17222,63.245335615237536
17223,63.245335615237536
17224,50.868389506121105
17225,50.868389506121105
17226,62.722259284576396
17227,17.128790776905916
17228,83.19975474634929
17229,109.41982330682202
17230,69.67512718299426
17231,97.75988742529266
17232,75.11915224910064
17233,77.6121893520619
17234,48.61740673571437
17235,79.14662520076133
17236,104.07246553254176
17237,-18.685031539779565
17238,-17.87749691618518
17239,-19.288175608444718
17240,-19.288175608444718
17241,-20.400093414087088
17242,-28.268608677284593
17243,-24.46338449536229
17244,-24.20174213367912
17245,0.9915055648308455
17246,-14.430082688403012
17247,-13.356000976493899
17248,-13.940880005144903
17249,-8.730109573917135
17250,-7.805441994842243
17251,0.7705310275155963
17252,9.048634502898686
17253,15.068011484635681
17254,19.401483526969518
17255,15.32656839701985
17256,15.720100646625662
17257,14.150254210562288
17258,9.095425649113174
17259,6.218021008514665
17260,2.8835446921707835
17261,5.418918649182496
17262,10.34727883292115
17263,12.469227790062222
17264,13.226433706818142
17265,14.144835790431985
17266,24.957531465090888
17267,21.473114885556367
17268,19.324121982990906
17269,18.947128528667516
17270,19.27689529287379
17271,19.27689529287379
17272,21.868419625497758
17273,19.27689529287379
17274,19.211325202864863
17275,17.679877237239282
17276,20.995187513352377
17277,21.107764819886178
17278,28.18830495550045
17279,28.18830495550045
17280,28.18830495550045
17281,30.29692445561364
17282,28.18830495550045
17283,28.18830495550045
17284,28.18830495550045
17285,28.18830495550045
17286,28.7391508175931
17287,26.6305313174799
17288,29.269545146432584
17289,28.360293909477846
17290,21.720233050436825
17291,6.8395056293946785
17292,4.79391377571192
17293,5.527224945640387
17294,5.000145343304477
17295,8.29572632142921
17296,12.7801371385934
17297,13.4078927201824
17298,13.558884897033167
17299,19.849363535072005
17300,20.455799828228894
17301,10.707025598040403
17302,8.110303178940217
17303,-9.128242369724468
17304,-13.287030615644209
17305,-24.76881188016332
17306,-29.26786623359564
17307,-29.486402134292767
17308,-36.2189320884067
17309,-42.68550803080562
17310,-34.0090237372931
17311,-34.0090237372931
17312,-33.25501057722176
17313,-34.289949361361835
17314,-23.9316564066031
17315,-26.088766047064805
17316,-27.412795371523302
17317,-7.921736425900938
17318,-1.6777487255259176
17319,-4.170785828487174
17320,-1.6765031355709314
17321,-1.6765031355709314
17322,-0.8259010248517271
17323,-0.8259010248517271
17324,-0.8259010248517271
17325,-0.8259010248517271
17326,0.03555156311346197
17327,-4.2937375968389
17328,-7.135541130703084
17329,-16.373223234545623
17330,-10.048262544568287
17331,-6.003018822495594
17332,-4.310349377329127
17333,-2.917896265242998
17334,-4.985695181700667
17335,5.1743785062972165
17336,20.932463881489085
17337,21.195053043760964
17338,19.902910433379095
17339,18.035746647949537
17340,15.293601725091841
17341,9.645091521703204
17342,-10.715006664970636
17343,-5.375720841206338
17344,-0.7891659408617064
17345,-0.493381284034748
17346,5.874805562320497
17347,7.914537660259722
17348,15.211186313389277
17349,16.437733981959617
17350,13.532788726448906
17351,13.352703279403507
17352,11.793420281993143
17353,5.928763799371665
17354,1.0586005419161055
17355,0.6163249547390238
17356,-3.7077074247458777
17357,-4.089921575207965
17358,-4.089921575207965
17359,-1.1059014145327661
17360,-1.1059014145327661
17361,-2.6373493801583483
17362,4.30600749301471
17363,6.016078908211061
17364,5.092538669795106
17365,5.092538669795106
17366,5.092538669795106
17367,3.3086763593075967
17368,3.3086763593075967
17369,1.7772283936820141
17370,7.000834730586796
17371,3.6855244544737027
17372,7.000834730586796
17373,7.000834730586796
17374,26.180241398652942
17375,26.180241398652942
17376,26.180241398652942
17377,26.71624060330035
17378,26.71624060330035
17379,26.71624060330035
17380,26.71624060330035
17381,26.71624060330035
17382,30.632558610093255
17383,28.609646614553554
17384,27.93754642616944
17385,27.93754642616944
17386,29.827090063270283
17387,24.103922183615794
17388,21.747161359039204
17389,22.681037511620392
17390,24.412110281353268
17391,22.334898928930176
17392,22.334898928930176
17393,22.334898928930176
17394,22.708763950740696
17395,25.613709206251407
17396,32.46391454994084
17397,32.87667850762387
17398,35.97043327339482
17399,36.89397351181078
17400,36.89397351181078
17401,34.54901628867468
17402,33.40345823581145
17403,33.40345823581145
17404,35.12825653939
17405,35.12825653939
17406,35.61850433797454
17407,35.61850433797454
17408,35.61850433797454
17409,35.244639316164026
17410,37.12159333425733
17411,38.2782057132048
17412,34.26547371571573
17413,34.26547371571573
17414,29.458886686179188
17415,9.817954659639454
17416,6.756767630821239
17417,4.080828829864216
17418,4.080828829864216
17419,4.968727960172616
17420,4.968727960172616
17421,4.080828829864216
17422,10.063679119611612
17423,10.063679119611612
17424,11.10980653711265
17425,11.10980653711265
17426,11.10980653711265
17427,14.29771818189559
17428,33.64491665778585
17429,33.64491665778585
17430,30.927364885680312
17431,32.29127727384769
17432,31.134664894900226
17433,36.82741258626142
17434,26.685256279202125
17435,26.685256279202125
17436,24.321939517873272
17437,24.321939517873272
17438,2.6063937316996304
17439,10.688924553936761
17440,10.688924553936761
17441,13.476750028704794
17442,24.887934948026786
17443,24.887934948026786
17444,21.982989692516075
17445,22.409071108639566
17446,22.409071108639566
17447,20.992162930115974
17448,20.737113263371818
17449,15.877874679200831
17450,14.361087379192705
17451,17.08565765963667
17452,15.79915926267189
17453,17.83280394797409
17454,22.654061298272612
17455,21.486041182246677
17456,22.654061298272612
17457,22.654061298272612
17458,28.68181240028166
17459,29.700050593936876
17460,29.700050593936876
17461,28.776510355520923
17462,29.700050593936876
17463,28.776510355520923
17464,30.80778425986532
17465,28.776510355520923
17466,32.71608032065698
17467,32.71608032065698
17468,32.71608032065698
17469,32.71608032065698
17470,8.428534164331536
17471,8.428534164331536
17472,8.428534164331536
17473,8.428534164331536
17474,8.428534164331536
17475,8.428534164331536
17476,8.428534164331536
17477,8.428534164331536
17478,8.301496947294162
17479,8.301496947294162
17480,8.301496947294162
17481,4.172126868791574
17482,-7.949723955955585
17483,-13.712133480238247
17484,-14.730371673893465
17485,-12.652874484073228
17486,-14.22930135358736
17487,-24.56558723867661
17488,-22.700729643091986
17489,-21.953021198883246
17490,-18.334196231649152
17491,-13.299941172744688
17492,-11.570256861457803
17493,-13.471078562373624
17494,-8.666578967916244
17495,-9.53486073703501
17496,-15.398964092403249
17497,-9.74166073220588
17498,-8.914002059201678
17499,-8.914002059201678
17500,-19.340514575294936
17501,-34.38797976100043
17502,-3.0981404125352565
17503,-11.524217381461453
17504,-11.524217381461453
17505,-16.703594783574594
17506,4.402247532893482
17507,3.383588603716506
17508,3.8526755368245245
17509,-2.1316563011047402
17510,2.7697484415502682
17511,7.621876494270391
17512,11.00073937918477
17513,6.5231943926704306
17514,8.560031496277254
17515,8.560031496277254
17516,8.560031496277254
17517,8.560031496277254
17518,9.712155472256587
17519,6.44710295179
17520,6.44710295179
17521,7.5557850094285675
17522,11.256205124966234
17523,10.336501074123039
17524,9.510910699340936
17525,9.510910699340936
17526,-0.3565807249658885
17527,-95.32703631434617
17528,0.0996712626502802
17529,0.0996712626502802
17530,-8.122173967718775
17531,-8.50554084078442
17532,-12.635722684255077
17533,-13.792335063202549
17534,-40.0756497977775
17535,-40.0756497977775
17536,-34.11007462613546
17537,-31.99311897554037
17538,-25.973083284793507
17539,-15.122179207068143
17540,-14.267442463530958
17541,-14.41508953207105
17542,-11.822006935165781
17543,-5.284755317511382
17544,-5.697519275194423
17545,-8.361537598588098
17546,-16.70456198362693
17547,-25.197143984116497
17548,-29.018210092231772
17549,-29.018210092231772
17550,-21.419375345402656
17551,-20.811636590242536
17552,-18.407467878656366
17553,-18.95894928668479
17554,-10.593034571346475
17555,-9.481919769743131
17556,-8.99958143477859
17557,-7.8094814266976895
17558,-7.789337161886146
17559,-7.789337161886146
17560,-7.789337161886146
17561,-8.163202183696663
17562,-2.3688903865479016
17563,-3.8135396960567842
17564,-3.8135396960567842
17565,-3.8135396960567842
17566,0.12064483440950999
17567,0.12064483440950999
17568,0.12064483440950999
17569,0.12064483440950999
17570,0.12064483440950999
17571,0.12064483440950999
17572,0.12064483440950999
17573,0.12064483440950999
17574,0.36747263918265644
17575,0.36747263918265644
17576,0.36747263918265644
17577,-3.761897439319939
17578,-12.068285174006027
17579,-17.830694698288696
17580,-19.061109707519783
17581,-15.586084681016343
17582,-14.56571466218417
17583,-14.56571466218417
17584,-9.860257600022864
17585,-9.79916008727528
17586,-5.954253490398702
17587,-5.954253490398702
17588,-5.909943696348496
17589,-6.710565290902692
17590,-1.89804427543099
17591,-6.577535793249683
17592,-1.6774383498082357
17593,-1.6774383498082357
17594,-0.3787278984861794
17595,-8.009732580166727
17596,-28.3554583964285
17597,-28.3554583964285
17598,-2.6621631640220103
17599,-2.6621631640220103
17600,-2.6621631640220103
17601,-2.6621631640220103
17602,5.646579051186898
17603,6.33552490816285
17604,6.33552490816285
17605,6.33552490816285
17606,6.588988251940499
17607,5.979429403724668
17608,5.979429403724668
17609,6.130421580575435
17610,6.130421580575435
17611,6.130421580575435
17612,5.756556558764915
17613,5.756556558764915
17614,6.908680534744251
17615,6.908680534744251
17616,8.966971952506897
17617,8.966971952506897
17618,7.3648066076866145
17619,5.557003922394669
17620,5.557003922394669
17621,5.557003922394669
17622,-1.8256175918866082
17623,-2.99816630294109
17624,0.33126462709125837
17625,-0.9763399287069796
17626,-12.26909507495322
17627,-12.26909507495322
17628,-2.9007873415981433
17629,2.81140274027054
17630,-26.65035074748601
17631,-15.145231186588337
17632,-16.632297193400788
17633,-16.632297193400788
17634,-9.59299515922766
17635,-14.140657951056188
17636,-15.78762074588644
17637,-13.219774651026574
17638,-10.053074357470095
17639,-7.556301172637127
17640,-15.92385089952211
17641,-20.44835143705498
17642,-29.480436660377745
17643,-29.271892936710774
17644,-31.97553187121482
17645,-31.219452698942217
17646,-22.43263693142496
17647,-23.363131903073118
17648,-23.363131903073118
17649,-24.275039774858676
17650,-12.303931206043911
17651,-12.303931206043911
17652,-12.195457892889893
17653,-11.005357884808989
17654,-9.16484510605864
17655,-8.79098008424812
17656,-8.79098008424812
17657,-8.79098008424812
17658,-2.996668287099359
17659,-2.996668287099359
17660,-2.02405595522764
17661,-2.02405595522764
17662,6.325438525930504
17663,6.325438525930504
17664,6.325438525930504
17665,6.325438525930504
17666,6.325438525930504
17667,6.325438525930504
17668,6.325438525930504
17669,6.325438525930504
17670,6.807960157108961
17671,6.807960157108961
17672,8.073070344181703
17673,2.678590078606372
17674,-5.627797656079724
17675,-9.214973489887399
17676,-9.602280616784862
17677,-14.266492475596833
17678,-7.527960982624342
17679,-9.932129694210515
17680,-7.049579715107272
17681,-6.7994045919951445
17682,-4.195931083985042
17683,-3.0840132783426686
17684,4.087671063954946
17685,4.087671063954946
17686,3.83132209923986
17687,0.23254252966016375
17688,0.3826956990346362
17689,1.2103543720388381
17690,1.2103543720388381
17691,-4.734025682298307
17692,-21.890078693844316
17693,-22.573824673632
17694,-4.394656490843025
17695,-4.394656490843025
17696,-10.591726276474791
17697,-10.591726276474791
17698,10.757700755958851
17699,10.491787096387164
17700,12.015220336334117
17701,12.015220336334117
17702,12.419675856962535
17703,12.685589516534225
17704,12.685589516534225
17705,14.869560136657945
17706,14.869560136657945
17707,14.869560136657945
17708,12.958212720689644
17709,12.807220543838877
17710,13.95934451981821
17711,13.837099990947713
17712,12.680487612000242
17713,12.680487612000242
17714,16.036899799854652
17715,13.136613684942606
17716,13.136613684942606
17717,10.156262288596178
17718,4.544598008015444
17719,4.932512184036793
17720,4.932512184036793
17721,4.932512184036793
17722,-4.305783662858686
17723,-3.883820464361569
17724,-0.5086748512137989
17725,-2.1556376460440503
17726,-17.549480694430255
17727,-16.182444763275146
17728,-15.306141573142053
17729,-1.6521473195882117
17730,-9.255500484767763
17731,-9.462211940222087
17732,-10.327830728148491
17733,-10.327830728148491
17734,-11.740752707911836
17735,-12.72296219272865
17736,-13.114162970986625
17737,-16.88857276935169
17738,-20.863489655953707
17739,-26.478667015844767
17740,-24.625284188166425
17741,-17.84234454643243
17742,-12.068274819091808
17743,-14.258882706796266
17744,-19.03597406968781
17745,-16.63180535810164
17746,-4.788670422161962
17747,-6.863970468263831
17748,-5.673870460182927
17749,-7.256041640270476
17750,-7.2358973754589275
17751,-8.59651471604931
17752,-10.041164025558192
17753,-10.836142133703316
17754,-6.578403034135434
17755,-6.578403034135434
17756,-5.276823015936584
17757,-5.276823015936584
17758,5.316204387595223
17759,5.316204387595223
17760,5.316204387595223
17761,4.473992208007201
17762,4.473992208007201
17763,4.473992208007201
17764,4.473992208007201
17765,2.4114575753219687
17766,3.173258194276009
17767,3.173258194276009
17768,4.438368381348755
17769,-0.9561118842265829
17770,-5.326752115151119
17771,-8.219512144375111
17772,-8.219512144375111
17773,-7.801648313263487
17774,-5.941729843588594
17775,-5.941729843588594
17776,-5.941729843588594
17777,-6.56785791060956
17778,-3.340380468570757
17779,-4.70827715752116
17780,0.034395218297665175
17781,0.034395218297665175
17782,2.3194749509985275
17783,3.155744653064749
17784,3.081953757773588
17785,0.38682825193907905
17786,5.286925695380529
17787,4.265374391685907
17788,-2.523418110406619
17789,-11.91648028025428
17790,7.339610119121853
17791,-1.5036009200172025
17792,-5.129489087776286
17793,-18.802326198081268
17794,-15.948680109954209
17795,-16.0473905429145
17796,-15.564947286701916
17797,-18.86653579264744
17798,-24.83398992216947
17799,-26.991099562631174
17800,-24.83398992216947
17801,-29.439148453778373
17802,-32.69038097809207
17803,-18.91621077840006
17804,-28.21080182488807
17805,-6.386229400354856
17806,-1.878370143494095
17807,-1.878370143494095
17808,-1.878370143494095
17809,-1.878370143494095
17810,-3.051337905967228
17811,-4.223886617021704
17812,-4.223886617021704
17813,-1.3993560183591143
17814,-42.647285039675914
17815,-41.67456114837691
17816,-24.03541763177493
17817,-10.593410682322453
17818,-15.014545897153267
17819,-15.014545897153267
17820,-10.6174200146182
17821,-6.546741612251901
17822,-33.387860400306515
17823,-32.816127050010046
17824,-32.816127050010046
17825,-28.160722969290013
17826,-32.064928082884634
17827,-25.13900963959496
17828,-19.727767734672167
17829,-17.280170319327894
17830,-15.72443455767553
17831,-10.479729830937297
17832,-9.32996090331678
17833,-10.482217302684168
17834,-18.223638962548186
17835,-27.476754075538512
17836,-31.618812081205835
17837,-31.618812081205835
17838,-22.59796399529659
17839,-22.59796399529659
17840,-22.59796399529659
17841,-22.59796399529659
17842,-10.203347651328471
17843,-11.014666449022048
17844,-9.824566440941144
17845,-9.824566440941144
17846,-9.824566440941144
17847,-9.898357336232305
17848,-9.009519500240895
17849,-9.009519500240895
17850,-4.461776075236333
17851,-4.461776075236333
17852,-4.461776075236333
17853,-4.461776075236333
17854,3.3002954113133818
17855,3.3002954113133818
17856,3.3002954113133818
17857,3.3002954113133818
17858,3.3002954113133818
17859,3.3002954113133818
17860,3.3002954113133818
17861,3.3002954113133818
17862,3.173258194276009
17863,3.173258194276009
17864,-0.9561118842265829
17865,-0.9561118842265829
17866,-2.8724179353259274
17867,-7.683512939727705
17868,-5.647926972487533
17869,-0.8348731399595867
17870,-5.405730638941189
17871,-4.153448555073743
17872,-4.304440731924511
17873,-3.4852182603380935
17874,-3.001999097177508
17875,-3.001999097177508
17876,1.740673278641324
17877,-2.911161915547414
17878,1.7495061926970197
17879,4.229659459549739
17880,-13.204477296257894
17881,-18.990457964042015
17882,-37.232729386332714
17883,-56.95381050183112
17884,-57.47160304491022
17885,-63.16321181977527
17886,-72.17847513314184
17887,-67.2930239499392
17888,-102.64301706996797
17889,-95.00373046171522
17890,-78.66432497118244
17891,-24.515676243178095
17892,-55.61812633864335
17893,-53.808584455715526
17894,-141.37345372051948
17895,-99.08658960184208
17896,-40.18971494670119
17897,-40.18971494670119
17898,-9.39051894409286
17899,-11.20006082702069
17900,30.61751416948972
17901,7.83734622806084
17902,-5.3663249345824
17903,-154.00859761224595
17904,-13.519494548083003
17905,-17.717958646836774
17906,-13.079719103405214
17907,-16.822221206940895
17908,-8.422350715775462
17909,-14.301811664969485
17910,-40.90027641413777
17911,-32.02608678390364
17912,-26.601465692479334
17913,-11.56795193148884
17914,-18.716620587577406
17915,-4.930938968911247
17916,-5.42883683405523
17917,-4.872895790705313
17918,-34.163046638425705
17919,-34.46437027856982
17920,-36.5098204935087
17921,-36.660812670359476
17922,-28.424738843423004
17923,-22.88898182674972
17924,-14.036221234223445
17925,-10.98497879278899
17926,-9.963841680504423
17927,-9.83287989569429
17928,-10.501446115820425
17929,-12.846405016000277
17930,-21.51247478090367
17931,-26.16075393713805
17932,-28.05681118231865
17933,-27.084198850446928
17934,-18.829017275410905
17935,-18.829017275410905
17936,-21.03809102186229
17937,-16.4150535527094
17938,-7.256041640270476
17939,-8.089657835429408
17940,-8.463522857239928
17941,-9.450275176019792
17942,-10.041164025558192
17943,-10.743932308677909
17944,-10.743932308677909
17945,-10.743932308677909
17946,-6.196188883673347
17947,-6.991166991818474
17948,-6.578403034135434
17949,-6.578403034135434
17950,3.3509169755776584
17951,3.3509169755776584
17952,3.3509169755776584
17953,5.316204387595223
17954,5.316204387595223
17955,5.316204387595223
17956,5.316204387595223
17957,4.473992208007201
17958,4.346954990969828
17959,3.5153622872117047
17960,3.5153622872117047
17961,0.21758491246723388
17962,-5.3616915761298705
17963,-8.219512144375111
17964,-6.183926177134938
17965,0.6336489543044894
17966,0.6336489543044894
17967,0.6336489543044894
17968,2.7250761349479693
17969,2.7250761349479693
17970,3.3213351519799463
17971,2.737699916929655
17972,1.848862080938243
17973,3.005474459885712
17974,10.725539859714647
17975,-22.134760153473422
17976,-34.49933034528578
17977,-51.67917962400676
17978,-74.30188069835027
17979,-73.41225927332434
17980,-84.57848966069707
17981,-367.8508231661406
17982,-369.20894874856344
17983,-367.7849339806081
17984,-432.7101015975569
17985,-446.9677005292521
17986,-140.50632568110703
17987,-162.71456422124342
17988,-185.06118302797805
17989,-185.06118302797805
17990,-76.75033913261883
17991,7.354099982568949
17992,-8.188015720087103
17993,-52.09023015463154
17994,-23.72135237594076
17995,-47.71213356821702
17996,-81.20966399269261
17997,-81.20966399269261
17998,-66.64931334999802
17999,-318.30242897515836
18000,-74.08718500810512
18001,-49.75845335989768
18002,-32.86429211192574
18003,-17.6457043505427
18004,-17.664468888705063
18005,-10.733049961346566
18006,-4.193945511028992
18007,6.489312315935071
18008,11.343823233437575
18009,22.523349358488513
18010,23.153991566951298
18011,23.577499342104645
18012,23.577499342104645
18013,17.61530908458483
18014,-4.220036356174306
18015,2.4060254536699928
18016,2.4060254536699928
18017,2.4060254536699928
18018,7.210904178368487
18019,8.103183658582726
18020,11.560359718844254
18021,7.942421013482703
18022,8.051650253981713
18023,475.2823992741686
18024,9.163266330392599
18025,1.9488040453353577
18026,0.42619413746894863
18027,-7.30431106765497
18028,-9.08960824874571
18029,-10.246220627693178
18030,-11.707066808774838
18031,-11.707066808774838
18032,-11.707066808774838
18033,-11.707066808774838
18034,-4.716574928724839
18035,-5.94526520734094
18036,-5.94526520734094
18037,-5.94526520734094
18038,-5.94526520734094
18039,-5.94526520734094
18040,-6.487024857786178
18041,-6.487024857786178
18042,-1.9392814327816146
18043,-1.9392814327816146
18044,-1.9392814327816146
18045,-1.9392814327816146
18046,5.347805800723257
18047,5.347805800723257
18048,5.347805800723257
18049,5.347805800723257
18050,5.347805800723257
18051,5.347805800723257
18052,3.78661964168393
18053,3.78661964168393
18054,6.314280244129244
18055,6.314280244129244
18056,6.314280244129244
18057,4.8271331150448775
18058,1.8463904637804085
18059,-1.900267940456244
18060,0.720888789117333
18061,3.7204625673355727
18062,4.2534250765718395
18063,4.2534250765718395
18064,4.2534250765718395
18065,5.961485384149674
18066,8.29246034897197
18067,9.076721802872086
18068,9.460088675937731
18069,9.460088675937731
18070,8.203092337829125
18071,6.835195648878721
18072,-8.485622792123248
18073,-24.76694205472384
18074,-25.730480833356886
18075,-40.84172511044172
18076,-60.1802314267388
18077,-62.44844858882459
18078,-55.14252812524256
18079,-58.530052774935356
18080,-344.7554912317927
18081,-344.7554912317927
18082,-35.093533987333856
18083,-36.64685141239201
18084,-38.123293714454306
18085,-38.123293714454306
18086,-38.36719092413355
18087,-38.36719092413355
18088,-38.36719092413355
18089,-31.309180797131514
18090,-35.668662674652616
18091,-50.18867143520661
18092,-50.18867143520661
18093,-35.39849072585235
18094,-29.6025920232216
18095,-29.6025920232216
18096,-28.372177013990513
18097,-23.804914385866947
18098,-23.804914385866947
18099,-16.53971301438077
18100,-15.105671420858382
18101,-9.939000785490858
18102,-13.683968481234464
18103,-15.52730660382698
18104,-13.77751152183015
18105,-13.714956881692622
18106,-11.193508559787864
18107,-11.193508559787864
18108,0.9294765910082488
18109,-1.698998376665857
18110,-28.467283944725036
18111,-28.467283944725036
18112,-24.30423681953375
18113,-18.933098563037348
18114,-26.331073613042204
18115,-21.33862850110957
18116,-15.466815501981076
18117,-11.163718904000751
18118,-13.330267400244866
18119,0.17744774731250068
18120,-10.48696772295263
18121,-6.255651282143548
18122,9.889213713072369
18123,7.597695381414582
18124,61.6162073323034
18125,77.40818198397209
18126,22.91569837925734
18127,22.91569837925734
18128,14.607169056321682
18129,4.569685189385918
18130,9.922959019565594
18131,9.398965323801383
18132,4.790541179324758
18133,4.790541179324758
18134,4.790541179324758
18135,3.681943561627031
18136,3.681943561627031
18137,0.0641090513902291
18138,-2.03702139271315
18139,-2.3579538618367253
18140,-2.3579538618367253
18141,-2.3579538618367253
18142,7.047836564227828
18143,8.065528947746444
18144,8.065528947746444
18145,8.428534164331536
18146,8.428534164331536
18147,8.428534164331536
18148,8.428534164331536
18149,8.428534164331536
18150,8.301496947294162
18151,8.301496947294162
18152,6.0031696205896035
18153,0.8555613484317905
18154,0.24280158514418237
18155,-14.730371673893465
18156,-14.730371673893465
18157,-9.881287201712707
18158,-18.932411916359875
18159,-17.767884626319713
18160,-17.767884626319713
18161,-17.706787113572133
18162,-12.200569929433412
18163,-10.79029249638882
18164,-10.161022085077189
18165,-12.563799521431928
18166,-11.462292504678786
18167,-16.39674148604971
18168,-24.066839142615926
18169,-39.22491620087945
18170,-55.06000720010059
18171,-63.179395823599876
18172,-53.19251891413317
18173,-61.75963097878137
18174,-42.694961170031725
18175,-40.1387718871251
18176,-40.1387718871251
18177,-45.69188759118677
18178,-42.62880804671072
18179,-42.62880804671072
18180,-42.62880804671072
18181,-45.158128903137964
18182,-74.58013650792421
18183,-43.85356859385367
18184,-43.85356859385367
18185,-289.3430109642854
18186,-278.8789137594831
18187,-278.8789137594831
18188,-272.29521731749537
18189,-272.29521731749537
18190,-271.99225409270457
18191,-26.60318901085832
18192,-24.073868154431096
18193,-25.768756065430733
18194,-30.52766185914891
18195,-13.681720568931844
18196,-1.8269034380840254
18197,-4.383092720990657
18198,-5.522128934414473
18199,-7.328529521788392
18200,-7.916697676303662
18201,-7.1105444471593415
18202,-17.411351493992754
18203,-7.058270531074142
18204,-5.797154544657446
18205,-5.797154544657446
18206,-23.843621927965874
18207,-28.531686019066136
18208,-17.55519422562922
18209,-23.063825858603657
18210,-13.744628683279341
18211,-10.310988424205235
18212,6.310043134312768
18213,3.7432421173545185
18214,234.92787762708502
18215,26.166574562440157
18216,77.398623852843
18217,18.02506132932394
18218,290.9705493212357
18219,116.4357363001225
18220,9.840839539594777
18221,5.008556500924629
18222,6.618594687592202
18223,-1.2599340268930146
18224,-4.0598439536463795
18225,-8.990598511718293
18226,-2.485010227372332
18227,-0.8380474325420801
18228,-0.3587628158496585
18229,-2.651433671888517
18230,-3.3399051013374645
18231,-3.3399051013374645
18232,-3.3399051013374645
18233,-3.3399051013374645
18234,2.4544066958113
18235,2.4544066958113
18236,2.4544066958113
18237,2.4544066958113
18238,2.076681036307579
18239,2.076681036307579
18240,2.076681036307579
18241,1.4671221880917504
18242,1.4671221880917504
18243,1.4671221880917504
18244,1.4671221880917504
18245,1.4671221880917504
18246,1.340084971054377
18247,1.340084971054377
18248,1.340084971054377
18249,-2.789285107448214
18250,-3.4020448707358235
18251,-14.501321541840387
18252,-16.858082366416973
18253,-10.69061650123886
18254,-17.1982961837889
18255,-14.56571466218417
18256,-10.273021557705905
18257,-6.186909880427463
18258,-5.1970475736427835
18259,-3.5500847788125327
18260,-7.9045048852186754
18261,-11.513081427984943
18262,-6.920849440941567
18263,-14.708636178640782
18264,-34.90694369450499
18265,-44.250793575041904
18266,-48.833581063628095
18267,-60.48789847712109
18268,-52.91915935822514
18269,-74.15690518846445
18270,-45.16828379173611
18271,-42.31630985200252
18272,-42.31630985200252
18273,-56.550557717843816
18274,-84.65064792397094
18275,-51.39017373397314
18276,-307.22438820120067
18277,-417.9392359840186
18278,-396.65993900280125
18279,-402.06828116757663
18280,-281.988992819394
18281,-277.4441770679868
18282,-268.92819235199136
18283,-208.10864167800403
18284,-205.82387380403495
18285,-205.82387380403495
18286,-191.22383631202675
18287,-191.22383631202675
18288,-188.93906843805766
18289,-253.0951652633224
18290,-389.4331302758526
18291,-274.5133864609647
18292,-23.72098875526348
18293,-20.493747336915884
18294,-11.526285455183572
18295,-14.743355452221325
18296,1.7613773229493308
18297,-0.5574948149218539
18298,-1.2697157413426365
18299,-13.152306367543313
18300,-13.451632963196522
18301,-10.74791452188076
18302,-31.38184417364559
18303,-32.99635337743971
18304,-37.12653522091038
18305,-35.07207592155961
18306,-32.506279484406
18307,-16.44961730514754
18308,-18.047313711337253
18309,-15.491303424822494
18310,-7.578945130789525
18311,-9.3953893816007
18312,-8.072425569438275
18313,-6.943998134601527
18314,-23.519662848661024
18315,-30.04674808033764
18316,-32.75038701484168
18317,-32.75038701484168
18318,-22.840701092941025
18319,-22.840701092941025
18320,-22.914491988232186
18321,-22.76349981138142
18322,-10.79239124256665
18323,-11.754702217110994
18324,-11.754702217110994
18325,-10.56460220903009
18326,-10.56460220903009
18327,-10.56460220903009
18328,-10.56460220903009
18329,-10.56460220903009
18330,-4.770290411881329
18331,-4.770290411881329
18332,-5.659128247872741
18333,-5.659128247872741
18334,4.473992208007201
18335,4.473992208007201
18336,5.316204387595223
18337,5.316204387595223
18338,5.316204387595223
18339,5.316204387595223
18340,3.3509169755776584
18341,3.3509169755776584
18342,3.2211857051366666
18343,3.8651716364310267
18344,3.8651716364310267
18345,0.7225538767083024
18346,0.10979411342069392
18347,-8.570586176757663
18348,-10.927347001334246
18349,-9.66321553815385
18350,-7.085789178227768
18351,-7.784140022148072
18352,-5.151558500543339
18353,-0.9398115579287506
18354,-1.4345179533916141
18355,-1.4774271225774536
18356,-0.3655093169350815
18357,3.2652452532413747
18358,2.3665433438702346
18359,9.200709642246604
18360,2.5951706905073153
18361,2.5951706905073153
18362,-4.734025682298307
18363,-16.931501161169628
18364,-21.890078693844316
18365,-27.610552647876425
18366,-4.411576120361095
18367,-5.779472809311502
18368,-11.748338655422263
18369,-13.041610556170202
18370,4.258576199413114
18371,4.258576199413114
18372,-1.2276475890911267
18373,1.5631316228732577
18374,3.171899390934645
18375,-0.011418231593872341
18376,8.59466449794326
18377,10.879432371912348
18378,15.207073727892466
18379,15.207073727892466
18380,14.185522424197847
18381,14.185522424197847
18382,18.693381681058614
18383,18.693381681058614
18384,17.520832970004136
18385,17.520832970004136
18386,14.655451054909383
18387,16.940218928878476
18388,14.969811492323606
18389,13.107466175998676
18390,1.238203011472909
18391,-3.5500582830630587
18392,-2.7801031996278014
18393,-1.4387165785997247
18394,-10.682329272388525
18395,-5.723751739713825
18396,-9.9997795890485
18397,-10.323026814214131
18398,-37.820006151709954
18399,-30.359756196252086
18400,-28.819163170109512
18401,-24.66333941536681
18402,-19.586474418002805
18403,-3.768790454607085
18404,-7.866570198302218
18405,-7.866570198302218
18406,-24.09796198308776
18407,-12.391709434158363
18408,-10.526813648015034
18409,-7.046168224345141
18410,-9.505812340373408
18411,-19.15032053869688
18412,-16.2874345509845
18413,2.191024982829811
18414,9.058940582116662
18415,14.916138533443657
18416,24.272707779979875
18417,24.69621555513322
18418,31.054688876231914
18419,27.21615038253782
18420,27.973356299293737
18421,27.973356299293737
18422,16.103671886976983
18423,16.103671886976983
18424,25.893267307633632
18425,25.893267307633632
18426,7.549013495648331
18427,7.549013495648331
18428,5.124542889387521
18429,20.724802454047484
18430,9.974754899976094
18431,7.74094879114545
18432,9.974754899976094
18433,9.974754899976094
18434,8.65193704860674
18435,5.5399898711939874
18436,5.5399898711939874
18437,10.07304830329532
18438,12.912237774836903
18439,16.878441683051246
18440,10.161398038461428
18441,7.293681548843041
18442,4.005566475214641
18443,-5.272952396587162
18444,-5.666182377613127
18445,-10.479897468356665
18446,-13.775423491224997
18447,-13.322628076245252
18448,-14.145492335408122
18449,-9.39207188111454
18450,-8.31013964055767
18451,-15.281286293767778
18452,-10.873787510000671
18453,-10.008168722074263
18454,-11.31393337705537
18455,-7.327056268243244
18456,-9.5946736596579
18457,-11.559944122348586
18458,-11.580126530484087
18459,-33.063957649354165
18460,-34.465289276771315
18461,-35.48773412539217
18462,-26.187864691663144
18463,-27.365671916612825
18464,-30.573245947429704
18465,-23.004506828533742
18466,2.701802115611509
18467,-8.474285557659336
18468,-46.053454881067616
18469,-45.569179070352426
18470,-1.028861605080926
18471,-31.815545051828035
18472,3.2544710210975634
18473,-30.006003168900207
18474,10.30808067062786
18475,10.30808067062786
18476,10.30808067062786
18477,-8.006193987470635
18478,-3.498334730609864
18479,14.815939927488621
18480,14.815939927488621
18481,13.643391216434143
18482,12.041225871613861
18483,13.655716166471853
18484,13.655716166471853
18485,11.099526883565227
18486,2.8592423308694577
18487,-0.4940616058958622
18488,5.577823063166539
18489,4.465905257524167
18490,-10.884874082609697
18491,-11.469235866997206
18492,-9.657274587858723
18493,-13.344072960205462
18494,-40.08029622143182
18495,-40.02944716263108
18496,-24.485078803726946
18497,-25.15815807350547
18498,-12.26943231875136
18499,-7.250140335103751
18500,15.745109977207417
18501,9.088905906716553
18502,-15.324386929102657
18503,20.263324661153323
18504,24.54708084444332
18505,29.022406787517077
18506,14.742438389995895
18507,12.966309876493609
18508,16.553804563687653
18509,11.481047347015485
18510,17.64344758420069
18511,29.996135514764045
18512,27.218045892595107
18513,22.88727764210094
18514,26.725768779604316
18515,22.887230285910228
18516,23.644436202666146
18517,39.03084150150777
18518,28.37896556629752
18519,28.37896556629752
18520,27.827484158269105
18521,9.520711606546081
18522,8.086481029456115
18523,10.693134625609103
18524,3.4645896847285815
18525,3.4645580104559093
18526,10.76446344215006
18527,9.855212205195315
18528,8.509675989776724
18529,10.116655109700215
18530,10.116655109700215
18531,11.660805411528758
18532,12.183144611473915
18533,12.183144611473915
18534,11.896773411076477
18535,11.896773411076477
18536,11.896773411076477
18537,5.73047295756379
18538,5.1177131942761855
18539,-5.111288734134022
18540,-9.576637384551134
18541,-8.975505377890737
18542,-9.466708366401928
18543,-11.11367116123218
18544,-11.11367116123218
18545,-9.405610853654347
18546,-7.660779022993117
18547,-4.17338042311096
18548,-4.28801028603893
18549,-3.422391498112523
18550,0.42779596009264664
18551,-3.132585425938335
18552,2.5951706905073153
18553,2.5951706905073153
18554,2.1732074920101976
18555,-3.3492093638298295
18556,-3.3492093638298295
18557,-20.50526237537584
18558,4.03142047808317
18559,3.3540722530556972
18560,-3.5560229982940306
18561,-2.399410619346567
18562,10.913029035112313
18563,11.06402121196308
18564,12.975368627931381
18565,8.92915300410509
18566,6.569986725946294
18567,3.9365844595534245
18568,5.661382763131992
18569,3.4774121430082676
18570,6.486973137914094
18571,4.825643152837265
18572,3.932077100714878
18573,3.093417726572368
18574,4.245541702551704
18575,4.245541702551704
18576,4.245541702551704
18577,1.4804059203016546
18578,2.643376357731424
18579,-0.12175942451862559
18580,-0.9873782124450323
18581,2.168176339601139
18582,-2.1475068339268066
18583,-3.2594246395691773
18584,-1.201133221806534
18585,-1.201133221806534
18586,-9.615568166524147
18587,-8.503650360881776
18588,-8.503650360881776
18589,-4.306187348228595
18590,-34.46437027856982
18591,-31.488195736421424
18592,-23.405664914184282
18593,-25.862544166154496
18594,-12.577364002033693
18595,-10.01893967523797
18596,-10.169931852088737
18597,-10.169931852088737
18598,-9.041042294962951
18599,-9.041042294962951
18600,-17.40859202184793
18601,-17.3175244298125
18602,-25.048029634936423
18603,-29.190087640603746
18604,-29.190087640603746
18605,-26.429970078060702
18606,-21.28561838415183
18607,-22.023464043292474
18608,-19.067352849260388
18609,-20.029981580542966
18610,-9.824566440941144
18611,-9.898357336232305
18612,-9.898357336232305
18613,-9.898357336232305
18614,-9.898357336232305
18615,-9.824566440941144
18616,-9.824566440941144
18617,-9.824566440941144
18618,-5.276823015936584
18619,-5.276823015936584
18620,-5.276823015936584
18621,-5.276823015936584
18622,5.316204387595223
18623,3.3509169755776584
18624,3.3509169755776584
18625,3.3509169755776584
18626,3.3509169755776584
18627,5.316204387595223
18628,5.316204387595223
18629,5.316204387595223
18630,5.189167170557851
18631,5.189167170557851
18632,5.189167170557851
18633,5.189167170557851
18634,0.44703732876765023
18635,-1.9209455592092097
18636,-3.310843138869277
18637,-5.667603963445866
18638,-2.109408088339281
18639,3.1855571352337373
18640,3.1855571352337373
18641,2.3849355406795425
18642,2.831082810126339
18643,2.2950836054789336
18644,3.912893926205533
18645,3.912893926205533
18646,5.825622733859045
18647,5.825622733859045
18648,1.2187612983362028
18649,0.1972099946415819
18650,-2.9225748857315264
18651,-8.43518482190584
18652,-21.036307425305775
18653,-23.237997680472592
18654,-24.792750530766074
18655,-37.5829666674151
18656,-44.39982696139879
18657,-57.84540286615953
18658,-32.04852281997774
18659,-58.612023617071614
18660,-37.65410712915946
18661,-42.68648023299076
18662,-71.54924057507529
18663,-74.04227767803654
18664,-74.04227767803654
18665,-74.04227767803654
18666,-72.72419731696225
18667,-72.72419731696225
18668,-45.33158004543503
18669,-45.33158004543503
18670,-40.82372078857426
18671,-40.82372078857426
18672,-40.82372078857426
18673,-40.400213013420924
18674,-67.79283028494814
18675,-44.4368225280397
18676,-50.358973584743815
18677,-50.307669476043344
18678,-40.463952423530884
18679,-35.23472714802582
18680,-32.559888649059154
18681,-25.695697317727973
18682,-33.66094498387725
18683,-27.949225744028148
18684,-13.977440505623633
18685,-10.54207219980333
18686,-34.5875183207855
18687,-31.947033247729095
18688,-31.57316822591857
18689,-31.57316822591857
18690,-31.547356630097575
18691,-17.515981135880303
18692,-14.678889272471745
18693,-7.958029904910085
18694,-8.261564622094115
18695,-7.335652066313094
18696,-6.762034369661882
18697,-9.175193414450172
18698,-16.288551806608094
18699,-19.54696834192256
18700,-19.92588982374667
18701,-16.284355736210763
18702,-11.563511817455247
18703,-11.563511817455247
18704,-12.581750011110469
18705,-12.581750011110469
18706,-3.640225774880729
18707,-3.640225774880729
18708,-3.640225774880729
18709,-2.6219875812255062
18710,-4.231114624419128
18711,-4.231114624419128
18712,-4.231114624419128
18713,-4.933882907538843
18714,-0.38613948253427566
18715,-0.38613948253427566
18716,-0.38613948253427566
18717,-0.38613948253427566
18718,13.01647683963374
18719,13.01647683963374
18720,13.01647683963374
18721,13.01647683963374
18722,13.01647683963374
18723,13.01647683963374
18724,13.01647683963374
18725,13.01647683963374
18726,14.107647270677578
18727,14.107647270677578
18728,14.107647270677578
18729,12.677745273826503
18730,12.064985510538897
18731,2.854221775783915
18732,0.4974609512073266
18733,3.3793145505162774
18734,3.8868522958618326
18735,3.8868522958618326
18736,3.8868522958618326
18737,5.594912603439668
18738,12.718940108304986
18739,13.503201562205103
18740,12.702579967650909
18741,10.904667724872464
18742,12.033135078625858
18743,3.1046381901525373
18744,-12.407941680381768
18745,-31.976497634039323
18746,-42.443414874452685
18747,-45.451170792442944
18748,-46.43322223692967
18749,-54.1105269784684
18750,-52.8335746432021
18751,-55.16946879073377
18752,-53.359926907805935
18753,-53.359926907805935
18754,-50.01770250782459
18755,-209.52500679642856
18756,-209.52500679642856
18757,-209.52500679642856
18758,-49.10676970338379
18759,-46.09525414223603
18760,-46.3130502022057
18761,13.598845302069684
18762,-70.69287014590657
18763,-68.3569759983749
18764,-67.12656098914383
18765,-67.12656098914383
18766,-45.08585522238059
18767,-26.728759638705462
18768,-30.7445478037429
18769,-21.64538693315667
18770,-32.554089686670736
18771,-32.71364761617057
18772,-29.665029217229343
18773,-26.647378710411946
18774,-25.51236806339853
18775,-23.14477673103111
18776,-21.004176161573817
18777,-14.983636074355292
18778,-18.086547573391258
18779,-16.317754699681174
18780,1.4908698917903678
18781,-2.6123656690281107
18782,-29.464756968962217
18783,-25.30170984377093
18784,-24.6921509955551
18785,-24.6921509955551
18786,-17.409909298256075
18787,-17.021995122234724
18788,-15.486483277025021
18789,-9.309522877836583
18790,-9.200293637337573
18791,-9.25178433845862
18792,-9.380720614613539
18793,-9.892594710300168
18794,-12.504827186919972
18795,-14.653939514685288
18796,-12.80055668700695
18797,-12.876728874777784
18798,-8.812917796849419
18799,-8.812917796849419
18800,-9.496245475973694
18801,-9.496245475973694
18802,-2.892352139687163
18803,-4.923626044031554
18804,-4.923626044031554
18805,-5.941864237686776
18806,-5.941864237686776
18807,-4.923626044031554
18808,-5.941864237686776
18809,-5.941864237686776
18810,-4.297571402144021
18811,-4.297571402144021
18812,-4.297571402144021
18813,-4.903738265312914
18814,5.262960820822523
18815,5.262960820822523
18816,5.262960820822523
18817,5.262960820822523
18818,5.262960820822523
18819,5.262960820822523
18820,5.111968643971758
18821,5.111968643971758
18822,4.984931426934383
18823,4.984931426934383
18824,4.984931426934383
18825,0.8555613484317905
18826,0.24280158514418237
18827,-8.9679621496108
18828,-14.730371673893465
18829,-9.881287201712707
18830,-13.632876264461524
18831,-18.932411916359875
18832,-18.932411916359875
18833,-16.05982431874188
18834,-11.780154803173504
18835,-12.94468209321366
18836,-12.126170969671538
18837,-16.73504909026725
18838,-12.149212513250966
18839,-24.066839142615926
18840,-27.57675859587357
18841,-47.230268564101294
18842,-57.2678344425916
18843,-55.499413009922286
18844,-58.41071659215266
18845,-64.97650973865791
18846,-40.1387718871251
18847,-40.1387718871251
18848,-60.53297184112296
18849,-60.53297184112296
18850,-45.158128903137964
18851,-290.0647507287716
18852,-411.5681909856473
18853,-411.5681909856473
18854,-316.645626186441
18855,-252.54353334181437
18856,-203.42274579739205
18857,-203.42274579739205
18858,-194.9067610813966
18859,-247.26713917064066
18860,-260.2354066177157
18861,-336.09905743656594
18862,-403.1260421640485
18863,-394.7081390043673
18864,-388.12444256237956
18865,-388.4202272192065
18866,-42.02982828218434
18867,-39.5005074257571
18868,-38.11061350219153
18869,-35.78336265890992
18870,-5.522128934414473
18871,-23.347529862065578
18872,-3.559828666978129
18873,-3.199238271194894
18874,-5.881402858014721
18875,-4.485979637954647
18876,-4.018284205064535
18877,-5.573719108843378
18878,-25.744277513344215
18879,-30.057076073878747
18880,-13.422235743938927
18881,-20.356537066383336
18882,-7.313165457849916
18883,-9.571684668212587
18884,-8.893129926165184
18885,-11.978924797625645
18886,-24.444146846850703
18887,-7.892007213275358
18888,-9.572131302176091
18889,-17.85462007493461
18890,-24.96914955079729
18891,-26.065107418060137
18892,-24.801607434402737
18893,-21.00420002061397
18894,-20.811636590242536
18895,-18.407467878656366
18896,-20.541120466772345
18897,-23.64726187430722
18898,-12.208250189537663
18899,-12.351319480847696
18900,-11.010227295916025
18901,-11.010227295916025
18902,-11.010227295916025
18903,-11.084018191207186
18904,-11.084018191207186
18905,-10.195180355215776
18906,-4.400868558067016
18907,-4.400868558067016
18908,-5.2897063940584275
18909,-5.2897063940584275
18910,-2.036788858237369
18911,-2.036788858237369
18912,-0.7748758201063319
18913,-0.7748758201063319
18914,-0.7748758201063319
18915,-0.7748758201063319
18916,-0.7748758201063319
18917,0.02574577444786158
18918,0.7409207369985134
18919,0.7409207369985134
18920,0.7409207369985134
18921,0.7409207369985134
18922,-4.00120910479169
18923,-5.304755392603423
18924,-12.395153281365776
18925,-15.290213409690596
18926,-15.17404942367149
18927,-10.265883362881407
18928,-10.265883362881407
18929,-10.265883362881407
18930,-8.320177346758193
18931,-5.809711676457279
18932,-5.4358466546467605
18933,-6.148742777352473
18934,-1.3442431828950996
18935,-2.256151054680658
18936,-1.0836023436261755
18937,-0.2993408897260584
18938,-3.489013694441811
18939,-2.332401315494341
18940,-9.812413820324121
18941,-19.20547599017179
18942,-12.255540532651908
18943,-20.276177849552248
18944,-25.24886976213665
18945,-44.67321375260283
18946,-4.6983759450831295
18947,-13.078253272761518
18948,-15.754192073718537
18949,-26.558820413667675
18950,-27.933464962022583
18951,-49.1482597297363
18952,-51.06802173794771
18953,-38.83012382454012
18954,-67.63117801854702
18955,-67.63117801854702
18956,14.836543853174163
18957,65.64023395484892
18958,190.22738155989236
18959,125.16034949978598
18960,124.83842870586228
18961,21.952275688121752
18962,-12.506059963390285
18963,-38.21916835557403
18964,-22.276875051125906
18965,-19.801124273704882
18966,-25.5871540333135
18967,-22.835856215855404
18968,-21.241624284475087
18969,-20.29023180834614
18970,-5.296945444983304
18971,-7.853134727889937
18972,-2.8107731646113696
18973,-4.472328401104063
18974,-37.40373289223618
18975,-37.787099765301825
18976,-33.13042785781068
18977,-35.76527339106771
18978,-27.628278032203898
18979,-25.144424675797644
18980,-16.29166408327137
18981,-12.821331884690089
18982,-5.929005605602169
18983,-7.14375080944222
18984,-8.217095907621259
18985,-17.886225652705086
18986,-23.656715576819717
18987,-29.271892936710774
18988,-33.140059161254975
18989,-28.840054994101255
18990,-25.03111894713129
18991,-25.03111894713129
18992,-23.729538928932442
18993,-23.729538928932442
18994,-11.276092025153128
18995,-11.530641326581106
18996,-11.530641326581106
18997,-11.379649149730339
18998,-11.379649149730339
18999,-11.379649149730339
19000,-11.379649149730339
19001,-11.379649149730339
19002,-5.585337352581582
19003,-5.585337352581582
19004,-5.585337352581582
19005,-5.585337352581582
19006,5.316204387595223
19007,5.316204387595223
19008,4.473992208007201
19009,4.473992208007201
19010,4.473992208007201
19011,4.473992208007201
19012,4.473992208007201
19013,4.473992208007201
19014,4.346954990969828
19015,4.420745886260989
19016,5.189167170557851
19017,1.0597970920552584
19018,0.44703732876765023
19019,-3.310843138869277
19020,-5.667603963445866
19021,-4.452363101157359
19022,-3.9691491982083833
19023,-5.193278567915926
19024,-5.193278567915926
19025,-5.193278567915926
19026,-4.111346327359057
19027,-3.001999097177508
19028,-3.001999097177508
19029,-1.5162162697246147
19030,3.2430056542052355
19031,4.027267108105352
19032,3.491267903457947
19033,3.295919925562021
19034,0.09439978241673125
19035,-12.12335594791756
19036,-20.354370352209397
19037,-35.048758766209
19038,-24.884278554680833
19039,-39.32300373494945
19040,-40.36913115245049
19041,-41.34185504374949
19042,-5.778438259557851
19043,-5.778438259557851
19044,-8.454377060514878
19045,-8.454377060514878
19046,-4.01609484327325
19047,-19.856578758121085
19048,-4.01609484327325
19049,-4.01609484327325
19050,0.31154651270686845
19051,0.31154651270686845
19052,-2.4096921366118336
19053,-15.528937402140953
19054,-11.021078145280201
19055,-12.193626856334683
19056,-12.193626856334683
19057,-12.193626856334683
19058,2.0446917136928753
19059,3.958341138718282
19060,2.095995822393346
19061,-100.94680511029269
19062,-6.053949619014451
19063,-5.991394978876921
19064,-5.858097645472614
19065,-2.6221110837300916
19066,-9.728320925877929
19067,-9.42256294316441
19068,-8.442017428062673
19069,-9.954082549802019
19070,-39.69576558734142
19071,-40.80768339298379
19072,-36.644636267792514
19073,-35.532718462150136
19074,-31.51409146986581
19075,-19.438879182837844
19076,-12.478654659018652
19077,-10.966402628356638
19078,-8.907182890619758
19079,-8.210965147532066
19080,-7.255116925257402
19081,-17.280682895985954
19082,-25.857455733178643
19083,-24.916937213131046
19084,-18.229712026688855
19085,-14.216587072491992
19086,-12.068274819091808
19087,-12.9445780092249
19088,-15.403620213174792
19089,-10.54573223540059
19090,1.2328548037403098
19091,1.2328548037403098
19092,0.6813733957118917
19093,0.6813733957118917
19094,1.535133855682375
19095,-1.0974476659223564
19096,1.0111401599181657
19097,3.053272096152138
19098,3.855592241510568
19099,3.855592241510568
19100,3.855592241510568
19101,3.855592241510568
19102,10.116655109700215
19103,10.116655109700215
19104,10.116655109700215
19105,10.116655109700215
19106,10.116655109700215
19107,8.509675989776724
19108,8.509675989776724
19109,8.509675989776724
19110,9.728174988157942
19111,9.728174988157942
19112,9.728174988157942
19113,7.80079284044031
19114,8.31465541659933
19115,-5.14925165459855
19116,-5.666182377613127
19117,-8.803746877030846
19118,-16.657973470328237
19119,-13.127254141752903
19120,-21.401944804118642
19121,-21.401944804118642
19122,-18.861086638939227
19123,-16.739125769936624
19124,-14.074499187948561
19125,-15.52656587273857
19126,-10.740306870358708
19127,-15.630023933252453
19128,-21.836932398289328
19129,-25.346851851546976
19130,-41.10967363966757
19131,-45.04812740831599
19132,-43.61111793287983
19133,-44.003054585475184
19134,-24.386823109944487
19135,-32.72746392133993
19136,-32.72746392133993
19137,-30.171274638433296
19138,-8.831600267839335
19139,-11.507539068796358
19140,-11.507539068796358
19141,-7.178249908843996
19142,-14.212681291668764
19143,-14.212681291668764
19144,-14.212681291668764
19145,-14.212681291668764
19146,-6.09563117553251
19147,-6.09563117553251
19148,-6.09563117553251
19149,-6.09563117553251
19150,-1.5877719186717458
19151,-2.7603206297262233
19152,-7.089609789678585
19153,-7.089609789678585
19154,9.622499523599622
19155,12.298438324556646
19156,9.742249041650016
19157,16.126390544655337
19158,11.708132729184689
19159,15.698471385189103
19160,7.741660980830996
19161,7.741660980830996
19162,7.411876466406221
19163,9.189697777736738
19164,12.06054431505707
19165,11.739366062647166
19166,5.926458384408882
19167,3.65545628475566
19168,6.612307178738589
19169,-3.2593795733555027
19170,1.598268703063874
19171,6.935632863630248
19172,9.723458338398268
19173,16.129587210937146
19174,1281.2068022443184
19175,10.708696578262234
19176,14.416198834443065
19177,-4.961934781677203
19178,-10.504773410052609
19179,12.883526675875236
19180,16.446698150881616
19181,25.275291596008525
19182,20.165622171512997
19183,4.185736972150771
19184,-2.391337809636252
19185,-7.116838875822136
19186,1.9606444595029757
19187,3.150744467583881
19188,3.771397084801289
19189,0.6283913441489133
19190,-1.0974476659223564
19191,1.0111401599181657
19192,0.42238076644943245
19193,0.42238076644943245
19194,3.112136256932882
19195,4.9701241914539995
19196,4.9701241914539995
19197,4.9701241914539995
19198,12.183144611473915
19199,12.183144611473915
19200,12.183144611473915
19201,12.183144611473915
19202,12.183144611473915
19203,12.183144611473915
19204,12.183144611473915
19205,12.183144611473915
19206,11.533768194491385
19207,12.056107394436543
19208,11.533768194491385
19209,11.254728079735592
19210,5.759021021436021
19211,-2.409670428471943
19212,-8.028347122197168
19213,-9.216294594750387
19214,-17.543730280522944
19215,-20.523295876754553
19216,-20.665230880276674
19217,-27.370601824598122
19218,-25.38082518380779
19219,-24.13516750493827
19220,-17.943122777632887
19221,-17.46531325651616
19222,-12.679054254136297
19223,-15.630023933252453
19224,-21.836932398289328
19225,-25.346851851546976
19226,-36.13819865971391
19227,-45.04812740831599
19228,-43.61111793287983
19229,-47.21111501902746
19230,-32.73992958284598
19231,-32.72746392133993
19232,-32.72746392133993
19233,-32.1112868979974
19234,-11.507539068796358
19235,-45.55031197821391
19236,-20.456668992043777
19237,-20.456668992043777
19238,-14.212681291668764
19239,-14.212681291668764
19240,-14.212681291668764
19241,-15.385230002723242
19242,-6.09563117553251
19243,-7.26817988658699
19244,-7.26817988658699
19245,-4.273721666903263
19246,-4.09515156999486
19247,-2.6454805462373683
19248,-2.6454805462373683
19249,-3.757398351879741
19250,12.736707261333745
19251,14.186378285091235
19252,15.014472739012964
19253,15.014472739012964
19254,13.297902571513163
19255,10.235943673747236
19256,10.235943673747236
19257,22.83129301263866
19258,7.426723155229586
19259,6.300950313123299
19260,5.979772060713393
19261,2.5887583451936202
19262,2.752381650567676
19263,4.477987128921727
19264,5.4686726809301245
19265,3.956528097271206
19266,1.6229589726007332
19267,1.8535738370636143
19268,-6.137979700051836
19269,-9.308158578658766
19270,-11.9165452769686
19271,-15.308753773949261
19272,-18.486350317164003
19273,-16.77669716272427
19274,-19.90773758302187
19275,-25.522914942912923
19276,-25.743472759911562
19277,-19.325459219673704
19278,-16.585161680196464
19279,-13.616884105521118
19280,-12.057756315346259
19281,-14.690337836950992
19282,-3.640225774880729
19283,-3.640225774880729
19284,-3.640225774880729
19285,-3.640225774880729
19286,-2.7864653149102456
19287,-2.7864653149102456
19288,-2.7864653149102456
19289,-2.7864653149102456
19290,1.7612781100943213
19291,0.3166288005854403
19292,0.3166288005854403
19293,0.3166288005854403
19294,8.96864205944853
19295,9.1196342362993
19296,9.1196342362993
19297,9.1196342362993
19298,9.1196342362993
19299,9.1196342362993
19300,9.1196342362993
19301,9.1196342362993
19302,8.992597019261925
19303,8.992597019261925
19304,8.992597019261925
19305,8.992597019261925
19306,4.099475000620962
19307,-0.18124492477812204
19308,-7.317057381859843
19309,-5.957813690417303
19310,-1.2505953864802306
19311,-1.0996032096294632
19312,-1.2281979555538167
19313,0.47986235202401684
19314,0.47986235202401684
19315,6.245038738028662
19316,6.392298200953383
19317,4.4851426825397445
19318,3.2552907467809478
19319,-9.111315686549602
19320,-23.103213379142
19321,-30.889250423620545
19322,-34.25918606295555
19323,-47.93784220636606
19324,-49.803877568229225
19325,-55.86163195247609
19326,-46.07776405025646
19327,-49.88458356770701
19328,-52.41390442413426
19329,-54.6195669460825
19330,-45.15606661273665
19331,-38.812393498221645
19332,-41.305430601182906
19333,-41.305430601182906
19334,-9.363542596032653
19335,-23.883551356586615
19336,-23.883551356586615
19337,-23.883551356586615
19338,-23.032949245867414
19339,-48.73084955064267
19340,-48.73084955064267
19341,-48.73084955064267
19342,-29.27947375807455
19343,-29.27947375807455
19344,-29.27947375807455
19345,-33.608762918026926
19346,-33.608762918026926
19347,-31.11572581506566
19348,-29.084866047555593
19349,-23.918195412188062
19350,-23.351401735211077
19351,-24.093303838579825
19352,-14.013916070815485
19353,-11.337977269858461
19354,-12.82671418567481
19355,-1.638198248669396
19356,-7.0587868234598
19357,-8.2545499524075
19358,-32.846360704202816
19359,-31.64222892121809
19360,-31.92086063436207
19361,-21.780581424639625
19362,-27.812887185089046
19363,-17.505395790934035
19364,-15.130334273849053
19365,-7.982879686571777
19366,-7.155566619267693
19367,-7.335652066313094
19368,-6.762034369661882
19369,-13.411147166009588
19370,-20.593904841260223
19371,-21.959534509048872
19372,-22.56909335726469
19373,-21.752025990414673
19374,-17.40504709346967
19375,-19.836448721758426
19376,-19.68545654490766
19377,-20.480434653052782
19378,-11.126146459139994
19379,-11.126146459139994
19380,-9.824566440941144
19381,-9.824566440941144
19382,-9.824566440941144
19383,-9.824566440941144
19384,-11.126146459139994
19385,-11.126146459139994
19386,-6.578403034135434
19387,-6.991166991818474
19388,-6.991166991818474
19389,-6.196188883673347
19390,7.023537436217292
19391,7.023537436217292
19392,7.023537436217292
19393,8.010289754997158
19394,8.010289754997158
19395,8.010289754997158
19396,8.982902086868885
19397,8.982902086868885
19398,10.074072517912724
19399,10.074072517912724
19400,10.074072517912724
19401,10.074072517912724
19402,8.031410757774038
19403,4.6162048529604975
19404,-2.018978038201035
19405,0.7446860266991654
19406,3.2772934476460036
19407,3.2772934476460036
19408,3.2772934476460036
19409,5.594912603439668
19410,10.753652696287423
19411,13.503201562205103
19412,13.503201562205103
19413,10.900912159212139
19414,7.227905500392301
19415,-1.986594759792568
19416,-23.34234798852971
19417,-27.915093647275878
19418,-30.699193738893268
19419,-47.83327176942957
19420,-48.868550300866104
19421,-58.7760675485959
19422,-47.59424227917765
19423,-51.1439459626593
19424,-50.97047950883576
19425,-56.98621464850384
19426,-44.79947888355705
19427,-42.93597094299034
19428,-45.4290080459516
19429,-45.4290080459516
19430,-39.185020345576575
19431,-39.185020345576575
19432,-39.185020345576575
19433,-53.98696716174095
19434,-50.51853284787969
19435,-48.992333181821635
19436,-48.992333181821635
19437,-34.47232442126764
19438,-26.95162741505833
19439,-27.177381591941973
19440,-27.177381591941973
19441,-19.672934048981947
19442,-14.506263413614416
19443,-9.939000785490858
19444,-7.371522412657795
19445,-7.546231407582198
19446,-17.199785436190446
19447,-10.574016699618277
19448,-8.593705010461338
19449,-4.814861803256167
19450,-2.317653386275007
19451,1.8673107800969027
19452,-0.622142898424842
19453,-0.622142898424842
19454,-20.73792766277099
19455,-15.247649662155924
19456,-14.14024173770425
19457,-13.534074874535358
19458,-14.757265983670814
19459,-13.950748398671895
19460,-8.079107868605496
19461,-8.079107868605496
19462,-9.380379084382973
19463,-8.678166641807408
19464,-11.233796194561542
19465,-12.756406102427949
19466,-17.873989084685704
19467,-16.22163666216542
19468,-13.324550382771159
19469,-11.979973186663118
19470,-11.445499318454152
19471,-9.336911492613629
19472,-9.336911492613629
19473,-9.496245475973694
19474,-2.892352139687163
19475,-2.892352139687163
19476,-4.923626044031554
19477,-5.941864237686776
19478,-5.941864237686776
19479,-4.923626044031554
19480,-4.923626044031554
19481,-5.941864237686776
19482,-4.297571402144021
19483,-4.903738265312914
19484,-4.903738265312914
19485,-4.903738265312914
19486,5.262960820822523
19487,5.262960820822523
19488,5.262960820822523
19489,4.653401972606695
19490,4.653401972606695
19491,2.6197572873044943
19492,2.6197572873044943
19493,2.6197572873044943
19494,2.4927200702671213
19495,2.4927200702671213
19496,2.4927200702671213
19497,2.4927200702671213
19498,-2.400401948373846
19499,-2.400401948373846
19500,-14.846155973160649
19501,-18.18966911651711
19502,-21.293633326197018
19503,-17.286813886050624
19504,-15.26480168560477
19505,-15.26480168560477
19506,-15.26480168560477
19507,-14.35736297258113
19508,-13.98349795077061
19509,-11.346672849155677
19510,-6.5421732546983025
19511,-6.5421732546983025
19512,-7.255069377404015
19513,-7.006807128151304
19514,-8.748568838912233
19515,-8.597576662061465
19516,-11.166154055967585
19517,-22.594727948313047
19518,-0.6298714132140545
19519,-6.494555707180015
19520,-18.99484410643052
19521,-29.3180756291626
19522,-0.8215766766754118
19523,-1.7943005679744113
19524,-12.850116696609817
19525,-23.65474503655896
19526,-25.02938958491387
19527,-25.02938958491387
19528,-48.163946360839
19529,-48.06356907225365
19530,-0.7501410525960939
19531,-0.7501410525960939
19532,-56.614544342156115
19533,-64.3707894951983
19534,-53.27923379634981
19535,2.5851694932102003
19536,2.5851694932102003
19537,-17.18246617468164
19538,-18.784631519501918
19539,-19.85524293022977
19540,-19.955620218815117
19541,-17.322962087897995
19542,-16.681626652824484
19543,-15.53069044031614
19544,-34.93456339194619
19545,-2.475255874136253
19546,-6.189270125312503
19547,-5.361626754270703
19548,-6.455520145526154
19549,-7.762838668758576
19550,-29.74777909784206
19551,-34.02895311816349
19552,-27.36913280813923
19553,-29.8659059929722
19554,-22.198259310229886
19555,-11.850232450877577
19556,-7.41438061211712
19557,-4.855956285321397
19558,-21.729951175899874
19559,-10.650736042367717
19560,-9.867915959003048
19561,-14.00089070038298
19562,-22.493472700872534
19563,-17.4374281913044
19564,-7.7100891016096185
19565,-2.9904857557229536
19566,-0.5840559483682339
19567,-4.291659428761052
19568,-4.0598439536463795
19569,-4.306774455333157
19570,1.2769848316877217
19571,0.9408119690075565
19572,0.3893305609791406
19573,-0.19942883248959264
19574,0.13033793171668054
19575,-0.02899605164338534
19576,-0.02899605164338534
19577,-0.02899605164338534
19578,3.4726448894665216
19579,2.4544066958113
19580,2.4544066958113
19581,2.4544066958113
19582,4.1103257216097795
19583,4.1103257216097795
19584,4.1103257216097795
19585,4.1103257216097795
19586,4.1103257216097795
19587,4.1103257216097795
19588,4.1103257216097795
19589,4.1103257216097795
19590,3.9832885045724042
19591,3.9832885045724042
19592,3.9832885045724042
19593,3.9832885045724042
19594,-0.7588413372177949
19595,-0.7588413372177949
19596,-13.50384851760321
19597,-17.47893852743223
19598,-17.514516072322667
19599,-13.401187372144017
19600,-13.401187372144017
19601,-15.048150166974269
19602,-9.79916008727528
19603,-6.681616275890325
19604,-5.1970475736427835
19605,-6.423595242213124
19606,-4.746968085591555
19607,-5.544054543487413
19608,-8.093398151996047
19609,-6.406773524652643
19610,-12.843483421397751
19611,-24.730651279529283
19612,-32.8059852719253
19613,-32.25535027561306
19614,-34.677375946410244
19615,-35.93580060657025
19616,-29.92021941375871
19617,-31.354261007281096
19618,-7.177477204125359
19619,-7.177477204125359
19620,-9.098832907733073
19621,-9.098832907733073
19622,-1.8138374395523453
19623,-1.8138374395523453
19624,-1.8138374395523453
19625,-1.8138374395523453
19626,4.034716888287073
19627,4.034716888287073
19628,1.3587780873300486
19629,1.3587780873300486
19630,5.866637344190816
19631,-11.146395281711493
19632,-11.734563436226766
19633,-507.1819328419078
19634,7.655444712178828
19635,7.655444712178828
19636,3.4011449707254457
19637,0.7683135188065173
19638,-3.2509737108101358
19639,0.07359201599832449
19640,0.7354895478293482
19641,-0.4703236659551368
19642,-9.440699654022662
19643,-8.539020615207493
19644,-12.669202458678148
19645,-11.534417724410977
19646,-30.867548915334176
19647,-30.867548915334176
19648,-20.288244908264076
19649,-23.394576941312867
19650,-18.17443705476299
19651,-7.842429986498089
19652,-5.284005659702366
19653,-8.458446325966
19654,-8.764446739421295
19655,-9.934416613860254
19656,-14.02035506696557
19657,-17.706204905988912
19658,-26.429226810998056
19659,-28.325284056178656
19660,-34.36941477101284
19661,-22.31586125672385
19662,-19.410343086567746
19663,-17.763380291737494
19664,-18.314861699765917
19665,-14.802939032216358
19666,-5.1953084836699235
19667,-5.1953084836699235
19668,-5.1953084836699235
19669,-5.1953084836699235
19670,-4.341548023699441
19671,-6.375192709001639
19672,-6.375192709001639
19673,-6.9847515572174705
19674,-2.6350890695775857
19675,-2.0255302213617563
19676,-0.5808809118528746
19677,-2.0255302213617563
19678,6.325438525930504
19679,6.325438525930504
19680,6.325438525930504
19681,6.325438525930504
19682,6.325438525930504
19683,6.325438525930504
19684,6.325438525930504
19685,6.325438525930504
19686,6.198401308893131
19687,6.198401308893131
19688,6.807960157108961
19689,6.807960157108961
19690,4.258112806363184
19691,2.065830315318764
19692,-5.627797656079724
19693,-9.214973489887399
19694,-13.850363429254378
19695,-8.692488272664495
19696,-7.527960982624342
19697,-9.174923777454595
19698,-7.466863469876759
19699,-5.309267681532488
19700,-2.2346330393333727
19701,-1.4774271225774536
19702,2.409920831648562
19703,2.4749180250207754
19704,4.075526517230671
19705,3.9478800993452303
19706,3.9478800993452303
19707,-0.3133088781557607
19708,-13.109779459451623
19709,-16.687836091333654
19710,-11.736968814933022
19711,-27.287536599602785
19712,-24.166514339999573
19713,-22.239549304332463
19714,-1.602460494500258
19715,-1.602460494500258
19716,-9.200807581169853
19717,-9.200807581169853
19718,-3.3030999059125787
19719,-16.138114756170705
19720,-16.138114756170705
19721,-16.138114756170705
19722,-6.21152275710662
19723,-8.74084361353386
19724,-9.330571779790409
19725,-10.611312886508701
19726,-4.822712522929649
19727,-7.18581440601227
19728,-7.18581440601227
19729,-11.010772129094505
19730,-12.986802495725307
19731,-12.986802495725307
19732,-14.098720301367678
19733,16.147634117056157
19734,-24.196209994889745
19735,-22.376825275263688
19736,-20.73175076125757
19737,-24.383077824913144
19738,-29.710631278757187
19739,-13.488755484175798
19740,-10.617850137383932
19741,-7.7774884291582875
19742,-29.55298714357781
19743,-35.5287272229719
19744,-35.56297866624556
19745,-31.399931541054272
19746,-32.631243915545554
19747,-17.653709106269055
19748,-13.652089952820344
19749,-11.898962110222005
19750,-8.907182890619758
19751,-8.237767052430229
19752,-11.112293169543035
19753,-18.803292803852358
19754,-23.020879967950446
19755,-16.19843812234446
19756,-20.968255697852097
19757,-14.216587072491992
19758,-12.9445780092249
19759,-15.403620213174792
19760,-14.646414296418872
19761,-9.487528834039072
19762,-0.06671998111690736
19763,-0.06671998111690736
19764,-2.6993015027216396
19765,-0.5907136768811165
19766,0.2630467830893666
19767,0.42238076644943245
19768,0.42238076644943245
19769,0.42238076644943245
19770,3.7008956504016153
19771,3.855592241510568
19772,3.855592241510568
19773,6.447116574134527
19774,9.855212205195315
19775,9.855212205195315
19776,10.76446344215006
19777,10.76446344215006
19778,11.873061059847785
19779,11.873061059847785
19780,16.481485204324407
19781,16.085656641982776
19782,7.845223561255936
19783,9.16804141262529
19784,8.480564841473345
19785,11.113146363078076
19786,13.7401064201282
19787,8.198970272834881
19788,-2.8001630430656244
19789,-19.469487653802197
19790,-17.560288186852393
19791,-20.608268341451343
19792,-20.383706610463427
19793,-21.401944804118642
19794,-21.530539550042995
19795,-18.861086638939227
19796,-14.074499187948561
19797,-16.63848367838094
19798,-16.27334858889163
19799,-18.618595151316573
19800,-21.836932398289328
19801,-25.346851851546976
19802,-41.10967363966757
19803,-46.06968394251971
19804,-46.212742073275216
19805,-44.85767675775138
19806,-34.88052249871515
19807,-33.695508126154614
19808,-33.695508126154614
19809,-31.139318843247985
19810,-12.058163683016687
19811,-33.21765162727473
19812,-33.21765162727473
19813,-23.683232407221134
19814,-17.43924470684611
19815,-35.92279385014714
19816,-35.92279385014714
19817,-35.92279385014714
19818,-27.805743734010882
19819,-9.322194590709874
19820,-9.592996236774443
19821,-8.236224091401677
19822,-3.728364834540908
19823,-3.728364834540908
19824,-8.057653994493272
19825,-10.82278977674332
19826,-12.424955121563602
19827,7.699639549565507
19828,7.0834625262229824
19829,5.97154472058061
19830,5.19239681215651
19831,1.8633382100516342
19832,1.8633382100516342
19833,-0.609955030307961
19834,1.6109550245877506
19835,3.901589748210159
19836,-2.090700363703018
19837,-1.6774834599464936
19838,27.016792712801415
19839,-2.72388850419268
19840,-6.114583712780055
19841,-3.0574608806045527
19842,-0.6131095932365827
19843,18.493041519112683
19844,16.526441462058695
19845,19.084865788854426
19846,49.670099887441886
19847,18.368041273808743
19848,13.575393281788442
19849,-3.6882116007160755
19850,-11.06705039777002
19851,-9.177674705598951
19852,-7.391522519283624
19853,-7.935401453159631
19854,-6.66404346084239
19855,-6.240535685689044
19856,-7.116838875822136
19857,-6.756570448232746
19858,1.1798727521773302
19859,0.6813733957118917
19860,0.09261400224315856
19861,-0.5907136768811165
19862,0.2630467830893666
19863,-1.7682271212550231
19864,-1.7682271212550231
19865,-2.7864653149102456
19866,1.7612781100943213
19867,1.7612781100943213
19868,1.7612781100943213
19869,0.3166288005854403
19870,8.96864205944853
19871,8.96864205944853
19872,8.96864205944853
19873,8.96864205944853
19874,8.96864205944853
19875,6.325438525930504
19876,6.325438525930504
19877,6.325438525930504
19878,6.198401308893131
19879,6.198401308893131
19880,6.198401308893131
19881,6.198401308893131
19882,1.4562714671029338
19883,1.4562714671029338
19884,-6.237356504295554
19885,-8.59411732887214
19886,-8.302598197563462
19887,-9.604396144450051
19888,-8.692488272664495
19889,-5.564322458226379
19890,-3.443498192965506
19891,-2.104338847968906
19892,-2.104338847968906
19893,-0.9949916177873567
19894,-0.6671458585881581
19895,0.4447719470542141
19896,-0.5379293327239933
19897,3.109246606796239
19898,3.109246606796239
19899,-0.6159431660573462
19900,-0.6159431660573462
19901,-8.286040822623566
19902,2.3228725623812836
19903,-5.567205201897502
19904,-5.567205201897502
19905,-5.567205201897502
19906,9.052839008359609
19907,9.052839008359609
19908,9.874401061017593
19909,5.8591320999865895
19910,5.7247818702962325
19911,5.081585056841427
19912,5.081585056841427
19913,9.879942276283886
19914,12.889503271189708
19915,12.889503271189708
19916,8.752880535554802
19917,5.145957246613519
19918,6.235526582455325
19919,5.123608776812953
19920,4.102057473118332
19921,6.843361974133209
19922,2.4998921282980513
19923,2.4998921282980513
19924,2.4998921282980513
19925,3.583998072130201
19926,-2.0276662084505372
19927,-0.022643308031674247
19928,-0.08950190860335716
19929,-1.528615513040928
19930,-9.775645427189678
19931,-11.790917408286832
19932,-7.969651368017032
19933,-10.610097223389541
19934,-35.908794044155826
19935,-31.745746918964528
19936,-25.148060993897783
19937,-23.99793923111261
19938,-21.64156219543919
19939,-17.624201779938513
19940,-16.764218635130522
19941,-15.759320699073081
19942,-15.107723368791206
19943,-18.515538113659566
19944,-13.134381833620106
19945,-19.038085313618215
19946,-13.204993024562679
19947,-9.455552951703737
19948,-7.944664800731016
19949,-1.3531765968682075
19950,9.287953085275436
19951,20.05875570598878
19952,20.815961622744698
19953,18.582155513914042
19954,23.352651613718816
19955,30.229641946581378
19956,34.730282192529785
19957,34.730282192529785
19958,30.526990524634734
19959,33.638937702047485
19960,33.638937702047485
19961,33.638937702047485
19962,29.026884730378466
19963,29.026884730378466
19964,24.997553891946037
19965,24.997553891946037
19966,10.002298656957027
19967,10.002298656957027
19968,13.978531552058467
19969,17.54510768134599
19970,10.92017894968108
19971,10.595434217614113
19972,2.9950878658925997
19973,2.313442261534174
19974,1.506728774183368
19975,1.506728774183368
19976,1.506728774183368
19977,1.506728774183368
19978,8.656399727054016
19979,11.028590560382547
19980,-2.3741517304847086
19981,-8.131913478627617
19982,19.3494790117414
19983,1.2060065420308943
19984,103.90760472499116
19985,9.104471337304417
19986,13.49519371077648
19987,19.352427376425208
19988,5.368650851662395
19989,5.240056105738042
19990,8.862806152407678
19991,8.862806152407678
19992,12.403735924528824
19993,-1.1851761552995113
19994,1.918088129149448
19995,-4.291796227364037
19996,-7.865993823366856
19997,-15.353162961929527
19998,-8.09785616621117
19999,-8.09785616621117
20000,-14.004015960978506
20001,-21.859751625023343
20002,2.1841687186925403
20003,4.877149289185151
20004,-2.6626382218279283
20005,-0.18884747857726875
20006,7.096147989603452
20007,6.07459668590883
20008,6.07459668590883
20009,6.07459668590883
20010,10.40223804188895
20011,10.40223804188895
20012,10.40223804188895
20013,10.40223804188895
20014,15.333605073903065
20015,13.860873684681444
20016,8.591673799192161
20017,6.29908638147363
20018,6.36164102161116
20019,7.881682696442691
20020,6.073890654582347
20021,8.938373442701502
20022,8.213047393739501
20023,9.101657433194271
20024,8.934582912851237
20025,10.697557535358388
20026,8.730783783258696
20027,5.533638963149879
20028,3.7076515941040427
20029,1.987400566201862
20030,8.352280215006294
20031,11.78592047408041
20032,12.4651581230079
20033,1.1481817541222417
20034,-9.480271927874343
20035,-8.743971789829516
20036,-9.125087642032973
20037,-16.116249968299428
20038,-7.442218822467282
20039,2.087985418609126
20040,-1.517211309792105
20041,-4.775627845106574
20042,-2.578148576123061
20043,-1.4202328358880765
20044,-12.154588960522645
20045,-10.93245678968224
20046,-8.784144536282056
20047,-9.37290392975079
20048,-9.37290392975079
20049,-9.532237913110855
20050,-0.5907136768811165
20051,-0.5907136768811165
20052,-0.5907136768811165
20053,-2.6219875812255062
20054,-4.231114624419128
20055,-4.933882907538843
20056,-4.933882907538843
20057,-4.933882907538843
20058,-0.38613948253427566
20059,-0.38613948253427566
20060,-0.38613948253427566
20061,-0.9956983307501044
20062,12.40691799141791
20063,10.373273306115713
20064,9.999408284305193
20065,8.982902086868885
20066,8.982902086868885
20067,8.982902086868885
20068,8.010289754997158
20069,8.010289754997158
20070,9.101460186041004
20071,9.101460186041004
20072,9.101460186041004
20073,8.11470786726113
20074,5.564860516515352
20075,6.072046107122451
20076,6.072046107122451
20077,1.5191875313404002
20078,-0.4248093355531497
20079,1.6107766316870253
20080,5.728883681474934
20081,7.694171093492499
20082,7.694171093492499
20083,7.005225236516547
20084,8.71328554409438
20085,10.331095864820979
20086,11.459563218574372
20087,10.555155061599775
20088,8.294357553373803
20089,12.033135078625858
20090,12.033135078625858
20091,12.033135078625858
20092,-1.3729067963618038
20093,-24.01922106903207
20094,-27.32064022211077
20095,-44.11582727440158
20096,-47.68042666226533
20097,-248.09867129938584
20098,-27.424003690655077
20099,-40.31270469478815
20100,-41.6365247901508
20101,-54.346991667776955
20102,-49.32456576335346
20103,-72.01095050698086
20104,-69.6750563594492
20105,17.709675092890553
20106,-6.670144850810376
20107,-7.214665484868485
20108,-7.70473405552079
20109,-67.12656098914383
20110,-45.08585522238059
20111,-45.08585522238059
20112,-49.41514438233294
20113,-49.41514438233294
20114,-49.41514438233294
20115,14.335971711242493
20116,14.335971711242493
20117,-51.22468626526077
20118,-58.83228434090819
20119,-55.783665941966966
20120,-25.88623308520905
20121,-25.88623308520905
20122,-33.35659483483864
20123,-27.692958129008275
20124,-24.088697980646412
20125,-19.41155309258023
20126,-30.050603926043877
20127,-23.528539817914908
20128,-25.88894596094433
20129,-22.942881903977625
20130,-29.839615892699697
20131,-29.839615892699697
20132,-17.510752368763566
20133,-6.752678068744955
20134,-9.58820781335892
20135,-9.380379084382973
20136,-8.806761387731761
20137,-19.72734725719057
20138,-18.892227278340922
20139,-19.27114876016503
20140,-19.347320947935867
20141,-13.080231442182273
20142,-12.545757573973306
20143,-12.545757573973306
20144,-12.545757573973306
20145,-14.579402259275502
20146,-8.585067771204802
20147,-8.585067771204802
20148,-10.024850829532628
20149,-10.024850829532628
20150,-10.024850829532628
20151,-9.191234634373693
20152,-9.191234634373693
20153,-7.1575899490714985
20154,-5.513297113528743
20155,-4.903738265312914
20156,-4.903738265312914
20157,-4.903738265312914
20158,5.262960820822523
20159,5.262960820822523
20160,5.262960820822523
20161,5.262960820822523
20162,5.262960820822523
20163,5.262960820822523
20164,5.262960820822523
20165,5.262960820822523
20166,4.984931426934383
20167,4.984931426934383
20168,4.984931426934383
20169,4.984931426934383
20170,2.4350840761886
20171,0.24280158514418237
20172,-8.9679621496108
20173,-14.730371673893465
20174,-17.116082385195675
20175,-20.9348708585201
20176,-17.767884626319713
20177,-17.28637198731223
20178,-19.951027165661095
20179,-17.52369265160078
20180,-16.722932529623375
20181,-14.461880455799704
20182,-10.344300869914516
20183,-37.545347879619136
20184,-48.72536498944303
20185,-57.67890281053055
20186,-65.38898541267295
20187,-73.4282717518615
20188,-70.46572412619557
20189,-77.03151727270081
20190,-54.07029243376122
20191,-51.51410315085459
20192,-76.69000461992051
20193,-68.16016842629848
20194,-295.18814790619905
20195,-409.52507117628903
20196,-416.1087676182768
20197,-416.1087676182768
20198,-321.1862028190705
20199,-207.96332243002155
20200,-207.96332243002155
20201,-207.96332243002155
20202,-199.4473377140261
20203,-200.6198864250806
20204,-90.53971863990027
20205,-137.02504685733152
20206,-135.01022470343204
20207,-132.51718760047078
20208,-147.5524968813131
20209,-170.62691136052158
20210,-267.87819509363345
20211,-277.6149739355651
20212,-39.1197568941048
20213,-39.60220015031739
20214,-36.765796359209084
20215,-36.765796359209084
20216,-153.57611566367424
20217,-4.072935334802867
20218,-5.177374442711455
20219,-5.881402858014721
20220,-4.485979637954647
20221,-4.173512165863104
20222,1.3569238342790897
20223,-4.934375996152735
20224,-0.6025919564670574
20225,-5.103391776993513
20226,-4.252797243378728
20227,0.05714620582847818
20228,19.273687261598006
20229,12.556570721921952
20230,-34.650946981039304
20231,13.793837507578582
20232,14.820147685191424
20233,-13.322078810253137
20234,-18.614932940457958
20235,-10.236728025000163
20236,-5.304899867123753
20237,-3.176430805178526
20238,-5.0861541312592236
20239,-8.114295321585201
20240,-15.106903654438812
20241,-11.426534463602072
20242,-0.3587628158496585
20243,-2.651433671888517
20244,-3.1754273676527265
20245,-3.1754273676527265
20246,-3.3399051013374645
20247,-3.3399051013374645
20248,-3.3399051013374645
20249,-3.3399051013374645
20250,2.4544066958113
20251,2.4544066958113
20252,2.4544066958113
20253,2.4544066958113
20254,4.1103257216097795
20255,5.128563915264997
20256,5.128563915264997
20257,7.426891241969558
20258,7.426891241969558
20259,7.426891241969558
20260,7.426891241969558
20261,7.426891241969558
20262,7.299854024932185
20263,7.299854024932185
20264,7.299854024932185
20265,7.299854024932185
20266,7.647092953580668
20267,5.978804158300458
20268,-3.2200404003269583
20269,-12.310253512949187
20270,-21.16339199917655
20271,-21.094590441807387
20272,-21.094590441807387
20273,-16.219543902029173
20274,-19.102093881132404
20275,-15.561164109011255
20276,-10.724184878567995
20277,-10.503578952945242
20278,-33.46733632321486
20279,-35.50590146872504
20280,-43.175999125291284
20281,-44.8310147354559
20282,-62.16133559638804
20283,-72.1695086243167
20284,-68.87708104767137
20285,-62.04116581371303
20286,-53.06049093197731
20287,-53.06049093197731
20288,-146.6389832296514
20289,-146.6389832296514
20290,-56.00595657798122
20291,-57.39585050154678
20292,-295.8910675430072
20293,-298.4203883994344
20294,-293.5738963075474
20295,-298.1772765962492
20296,-298.1772765962492
20297,-298.1772765962492
20298,-286.65173088534794
20299,-286.65173088534794
20300,-286.65173088534794
20301,-287.82427959640245
20302,-280.77796761962657
20303,-280.77796761962657
20304,-280.77796761962657
20305,-38.719950112306066
20306,-37.89317188928445
20307,-145.2724856586351
20308,-36.50327796571889
20309,-96.35424948219222
20310,-98.80059836634621
20311,2.133226382324793
20312,2.133226382324793
20313,-1.5638859828488096
20314,-5.555811229732801
20315,-4.160388009672728
20316,-3.23016661720899
20317,-1.999654298929267
20318,-10.217913992903483
20319,-16.650238704660502
20320,-9.715684162557807
20321,-8.808833908282443
20322,-6.222954004342063
20323,3.051081560828586
20324,-1.146233058177436
20325,28.83428530244753
20326,-24.13813854853649
20327,23.734225039645345
20328,25.993436605567645
20329,11.690230356646406
20330,7.322060853876305
20331,1.4802746551721109
20332,8.726516924449315
20333,3.4686395118300393
20334,1.5876209267978012
20335,-4.617424272598248
20336,-5.293302351123028
20337,-5.540232852809807
20338,3.3034830996517255
20339,4.950445894481977
20340,1.9223047041559955
20341,1.3708232961275792
20342,1.7005900603338528
20343,1.7005900603338528
20344,1.7005900603338528
20345,1.7005900603338528
20346,3.749478577836479
20347,3.749478577836479
20348,3.150923860248787
20349,6.545804293047787
20350,12.859577429947016
20351,12.859577429947016
20352,12.859577429947016
20353,13.968175047644742
20354,10.747051036403697
20355,12.069868887773051
20356,9.836062778942406
20357,10.700348496631086
20358,9.503465339972582
20359,18.517263266433353
20360,11.892334534768441
20361,4.4169529706783015
20362,4.898458870361348
20363,0.3543479728588712
20364,1.178909952596093
20365,7.503448407040227
20366,-0.3512884935182967
20367,-8.8038415794718
20368,-3.400507390976801
20369,0.6308331530624753
20370,-21.401944804118642
20371,-18.861086638939227
20372,-20.971804616969546
20373,-20.23705424088822
20374,-12.306244143115347
20375,-14.893405378462987
20376,-23.94552022412985
20377,-25.346851851546976
20378,-27.042113882519192
20379,-42.5401249687555
20380,-47.99172707748658
20381,-47.38529078432969
20382,-32.74016246008363
20383,-31.438687550649796
20384,-32.72746392133993
20385,-32.72746392133993
20386,-6.981264361041689
20387,-4.425075078135051
20388,-6.365087337699154
20389,-6.365087337699154
20390,2.238817136617551
20391,2.238817136617551
20392,2.238817136617551
20393,2.238817136617551
20394,-23.686905656663715
20395,-9.130956116399176
20396,-9.130956116399176
20397,-9.130956116399176
20398,-4.623096859538407
20399,13.69117779856008
20400,11.252806549987913
20401,9.212128541619332
20402,10.415594244289561
20403,7.291456246000484
20404,7.326625333329563
20405,2.889452435211879
20406,-0.8663025341766393
20407,-2.179626923573195
20408,1.5634788671793038
20409,2.9658644960216844
20410,1.411983554757263
20411,-13.988112669225636
20412,-11.92982125146299
20413,-13.775235220964557
20414,-33.647570341613836
20415,-25.74453377036612
20416,-26.226969275156222
20417,-19.19061074905279
20418,-15.395416361674434
20419,-12.552729293945566
20420,-8.090581065657586
20421,-7.961986319733232
20422,-13.114162970986625
20423,-11.469796710310439
20424,-16.46347510748879
20425,-29.1337844588456
20426,-28.374724261025367
20427,-15.315705623041884
20428,-16.200359344378594
20429,-14.216587072491992
20430,-12.9445780092249
20431,-15.403620213174792
20432,-11.134491628869323
20433,-9.487528834039072
20434,-0.06671998111690736
20435,-0.06671998111690736
20436,-2.6219875812255062
20437,-2.6219875812255062
20438,-1.7682271212550231
20439,-1.7682271212550231
20440,-1.7682271212550231
20441,-1.7682271212550231
20442,2.7795163037495407
20443,4.810790208093934
20444,4.810790208093934
20445,4.810790208093934
20446,13.411669022475264
20447,13.411669022475264
20448,13.411669022475264
20449,13.57100300583533
20450,13.57100300583533
20451,13.048663805890172
20452,13.048663805890172
20453,11.504513504061627
20454,11.377476287024255
20455,9.77049716710076
20456,9.77049716710076
20457,9.77049716710076
20458,7.916678564981837
20459,8.970023477553887
20460,8.970023477553887
20461,-9.258281643237542
20462,-14.459303860878538
20463,-23.95162487709951
20464,-24.40194856800037
20465,-24.697733224827328
20466,-21.897766309843558
20467,-31.488407153152878
20468,-30.242749474283364
20469,-24.647590645060934
20470,-19.392124735657188
20471,-22.536102349920895
20472,-21.386429923629212
20473,-18.039788033619274
20474,-24.46190907225281
20475,-24.085413392565133
20476,-40.336943769837255
20477,-45.29695407268939
20478,-36.39092536612671
20479,-36.39092536612671
20480,-37.389298311878996
20481,-41.717208795656276
20482,-24.680257259909123
20483,-24.680257259909123
20484,-24.680257259909123
20485,-38.14183339237345
20486,-6.5710346728335445
20487,-6.5710346728335445
20488,-25.719439551052872
20489,-25.719439551052872
20490,-10.987658474876262
20491,-8.928923679337101
20492,-8.928923679337101
20493,-8.928923679337101
20494,-3.696152976046067
20495,-3.696152976046067
20496,-3.696152976046067
20497,-6.491562118284694
20498,-4.413176312490003
20499,-7.7221937477594125
20500,-8.38872481414018
20501,-8.016060925271654
20502,-13.02178138469918
20503,-14.13369919034155
20504,-13.176047271953363
20505,-5.869881916024123
20506,-17.32971158261339
20507,-16.807372382668234
20508,-14.752913083317479
20509,-10.851693577122715
20510,-29.54454113751877
20511,-31.191503932349033
20512,-22.49043729244518
20513,-19.11733551220713
20514,-15.730393814923955
20515,-13.171969488128232
20516,-12.345616516480183
20517,-12.525701963525583
20518,-14.717381143488163
20519,-20.259642802910108
20520,-28.753193865539142
20521,-31.365250362393038
20522,-26.92170420108897
20523,-37.13064577975815
20524,-22.631723108628638
20525,-22.631723108628638
20526,-19.726204938472534
20527,-18.519512175407634
20528,-16.872549380577382
20529,-13.360626713027832
20530,-5.0635105257139585
20531,-2.954922699873437
20532,-2.954922699873437
20533,-2.954922699873437
20534,-2.1011622399029535
20535,-1.0829240462477332
20536,-1.0829240462477332
20537,-1.0829240462477332
20538,3.4648193787568333
20539,3.4648193787568333
20540,3.4648193787568333
20541,3.4648193787568333
20542,10.870976025594079
20543,10.870976025594079
20544,13.411669022475264
20545,13.411669022475264
20546,13.411669022475264
20547,13.411669022475264
20548,13.411669022475264
20549,13.411669022475264
20550,13.284631805437892
20551,13.284631805437892
20552,13.284631805437892
20553,13.284631805437892
20554,8.194091457810924
20555,8.194091457810924
20556,6.614854848778244
20557,-6.320992181281274
20558,-15.704737903945704
20559,-19.72190539779987
20560,-20.768806836726874
20561,-20.897401582651227
20562,-18.33075173349055
20563,-18.680996211927802
20564,-18.94521246720131
20565,-16.8232515981987
20566,-9.325395683858991
20567,-5.611417087872973
20568,-5.62210149007966
20569,-5.62210149007966
20570,-5.715770819201087
20571,-4.105770845750906
20572,-4.105770845750906
20573,-4.105770845750906
20574,4.077442409861038
20575,1.3395705687616903
20576,-6.161719197761669
20577,-10.219600678508659
20578,-3.9507072458704444
20579,-7.500873119935677
20580,-12.51011185342364
20581,-12.572666493561167
20582,-6.676911281727917
20583,-10.65324708916985
20584,-8.790901772844917
20585,-15.296789371137006
20586,-10.969148015156886
20587,-4.2660276841873355
20588,-11.293897643123895
20589,-11.293897643123895
20590,-6.786038386263122
20591,-6.786038386263122
20592,-6.786038386263122
20593,-6.786038386263122
20594,-8.388203731083406
20595,-6.743129217077284
20596,-7.895385616444673
20597,-9.144704413721929
20598,-13.025669027841309
20599,-9.345117877226333
20600,-9.282563237088803
20601,-10.71586665888487
20602,-10.672529851971637
20603,-8.034978198051041
20604,-9.266138388716469
20605,-1.9599730327872285
20606,-1.253230331196791
20607,6.020837312214074
20608,3.3476861878694635
20609,0.2753457965351131
20610,2.099936054092188
20611,4.0414764280366855
20612,11.307233524574176
20613,32.53880035812827
20614,61.81148345434313
20615,77.96536725207957
20616,19.96069479769716
20617,-13.560891394256506
20618,3.6223135035104037
20619,-5.49190809254624
20620,4.423041214634943
20621,12.59993518025326
20622,12.440300386171247
20623,11.754075321703588
20624,11.754075321703588
20625,12.511281238459508
20626,14.942928436239407
20627,14.618183704172438
20628,14.942928436239407
20629,14.942928436239407
20630,13.16410737460516
20631,21.586670242855668
20632,24.71233369506951
20633,24.71233369506951
20634,24.6009209693489
20635,24.6009209693489
20636,24.6009209693489
20637,24.6009209693489
20638,14.862871174691673
20639,14.862871174691673
20640,17.242772180168828
20641,14.862871174691673
20642,14.862871174691673
20643,14.862871174691673
20644,14.862871174691673
20645,14.862871174691673
20646,14.05615768734086
20647,14.05615768734086
20648,14.05615768734086
20649,11.667288492545005
20650,11.9220577162666
20651,24.24517531673459
20652,20.02685702081063
20653,12.053766170177603
20654,4.919925434025298
20655,-2.414614554483259
20656,-17.96337145333375
20657,-24.055230828426875
20658,-25.49853553897159
20659,-22.20295456084686
20660,-22.331549306771212
20661,-22.180557129920448
20662,-9.758419779149097
20663,-11.660706927505558
20664,-9.097708082929227
20665,-9.557586546765279
20666,-18.475815090869983
20667,-18.17697839831754
20668,-24.160573880846957
20669,-34.65840934590703
20670,-25.879301384244243
20671,-33.20551696535164
20672,-37.7966891362698
20673,-46.07823807354928
20674,-38.94158385420903
20675,-38.94158385420903
20676,-42.22491787070761
20677,-42.22491787070761
20678,-35.98093017033258
20679,-38.409873738174475
20680,-37.684962291744206
20681,-40.45375155984531
20682,-36.59358845422027
20683,-37.76431219202847
20684,-37.232735033036484
20685,-37.232735033036484
20686,-32.724875776175715
20687,-31.4764370269956
20688,-28.68139533761675
20689,-27.536924021086303
20690,-23.48837570105481
20691,-22.75905621040736
20692,-17.414722391585958
20693,-15.474710132021855
20694,-22.80487875798455
20695,-24.667224074309487
20696,-22.63390527971989
20697,-3.2345707729388518
20698,-9.850044720295527
20699,-15.942116770540926
20700,-9.957970029602041
20701,-10.09983588486924
20702,-32.40901041455802
20703,-22.596063976129905
20704,-22.747056152980672
20705,-21.42377564427006
20706,-16.14863947028943
20707,-6.829262125156927
20708,-6.700667379232573
20709,-6.880752826277973
20710,-7.428320898358839
20711,-8.236165023639067
20712,-17.727756349421167
20713,-20.98617288473563
20714,-0.8551957256272065
20715,-17.61021123709718
20716,-9.238479350186422
20717,-10.588878844701354
20718,-7.283192344788031
20719,-7.283192344788031
20720,-7.283192344788031
20721,-7.283192344788031
20722,-0.6805170105831375
20723,-0.8398509939432037
20724,0.5983520199972636
20725,-4.316842283465908
20726,-3.463081823495426
20727,-4.1658501066151405
20728,-4.1658501066151405
20729,-4.1658501066151405
20730,0.38189331838942464
20731,0.38189331838942464
20732,0.38189331838942464
20733,0.38189331838942464
20734,14.918810805779282
20735,14.918810805779282
20736,14.918810805779282
20737,14.918810805779282
20738,14.918810805779282
20739,13.90057261212406
20740,13.90057261212406
20741,13.90057261212406
20742,14.991743043167903
20743,14.991743043167903
20744,14.991743043167903
20745,14.991743043167903
20746,11.832336844206292
20747,11.832336844206292
20748,12.952568316825127
20749,0.5109657846566243
20750,-2.3482548076548384
20751,-1.3769252922336448
20752,-3.9792897332733195
20753,-3.2175105354414533
20754,-3.2175105354414533
20755,-3.2175105354414533
20756,4.085708601358815
20757,7.325691409122304
20758,13.215265603051693
20759,13.148651811074458
20760,11.350739568296017
20761,11.350739568296017
20762,8.221520891259793
20763,4.141091607763708
20764,-19.879862732976203
20765,-20.31643130226141
20766,-20.386845796155594
20767,-34.669241754676406
20768,-42.73774316445534
20769,-46.74207850435164
20770,-26.51826850608469
20771,-29.575561966724685
20772,-37.64788447980277
20773,-39.80499412026447
20774,-37.45662404464702
20775,-37.83048906645754
20776,-37.83048906645754
20777,-51.120082817780414
20778,-49.80200245670612
20779,-89.99913026579384
20780,-89.99913026579384
20781,-89.99913026579384
20782,-67.9584244990306
20783,-48.11875300634223
20784,-45.645679419542546
20785,-294.6795529975658
20786,-51.43662156751461
20787,-56.733413935768866
20788,-55.76069004446987
20789,-47.21700826464246
20790,-51.96587742985885
20791,-65.61178532934179
20792,-25.070419479435433
20793,-14.125923558150907
20794,-6.732053778919167
20795,-1.4442092762715872
20796,-1.2369092670516741
20797,5.47738972800414
20798,-22.881739804134035
20799,-25.245056565462885
20800,-25.245056565462885
20801,-14.879039198251613
20802,-16.36617564158022
20803,-7.2835782262947495
20804,-7.690025001946917
20805,-7.449258211516422
20806,-7.3872674353814585
20807,-9.55498281211424
20808,-17.91993912881891
20809,-21.17835566413338
20810,-17.463740631793378
20811,-28.784678060628316
20812,-13.193001831782935
20813,-13.193001831782935
20814,-12.658527963573968
20815,-12.658527963573968
20816,-12.658527963573968
20817,-12.658527963573968
20818,-5.256561162679484
20819,-5.256561162679484
20820,-8.727106156633772
20821,-8.727106156633772
20822,-7.708867962978555
20823,-7.708867962978555
20824,-7.708867962978555
20825,-5.1738314367630736
20826,-3.529538601220318
20827,-3.529538601220318
20828,-3.529538601220318
20829,-3.529538601220318
20830,9.816392558692948
20831,9.967384735543718
20832,9.967384735543718
20833,9.816392558692948
20834,9.816392558692948
20835,9.816392558692948
20836,9.816392558692948
20837,9.816392558692948
20838,9.689355341655576
20839,9.326350125070483
20840,9.326350125070483
20841,8.308657741551867
20842,5.7588103908060875
20843,2.635423479944864
20844,2.635423479944864
20845,-11.514489665961886
20846,-20.15427699430589
20847,-34.012730263138444
20848,-35.24362860944601
20849,-45.95797997807488
20850,-56.64310007058748
20851,-58.71817969538192
20852,-58.84677444130627
20853,-55.55119346318153
20854,-42.33614828811216
20855,-37.6172926490228
20856,-36.63506221438878
20857,-40.11053514466579
20858,-33.20976337189234
20859,-39.730460979158636
20860,-45.167214871181756
20861,-47.58857646428062
20862,-33.22607719189157
20863,-49.114717354645585
20864,-59.467798317564196
20865,-57.06556615712089
20866,-36.04536458606099
20867,-39.85233743646274
20868,-53.27057592987234
20869,-40.73102399611765
20870,-29.451180720843922
20871,-29.451180720843922
20872,-24.6364722275746
20873,-24.6364722275746
20874,-109.24560809725413
20875,-109.64353189968604
20876,-47.116621582255675
20877,-47.116621582255675
20878,-42.608762325394906
20879,-42.608762325394906
20880,-40.281511482113295
20881,-41.66264154457775
20882,-43.26480688939804
20883,-119.44152778596386
20884,-103.28551860834007
20885,-9.090849287323358
20886,-7.4695633342397
20887,-8.507155489894366
20888,-11.569114387660292
20889,-12.878875047724467
20890,-24.607134914116063
20891,-14.103061774346687
20892,-13.769805666130827
20893,-14.521819805524116
20894,0.10129393804676834
20895,5.590739553507275
20896,-2.696082608826692
20897,-6.688555229724934
20898,4.357614956666964
20899,19.002236022851278
20900,34.379977946287596
20901,10.13594876504337
20902,42.11378856935477
20903,-3.4726266929949228
20904,1.5758239817747355
20905,12.747455624630003
20906,17.809969617945704
20907,21.264200111362427
20908,29.441094076980747
20909,23.33151284262831
20910,20.127567322567785
20911,61.70376543198113
20912,27.206739527911612
20913,21.65069484942897
20914,12.493322250816652
20915,5.565757378962394
20916,3.4571378788491995
20917,4.457159761264668
20918,6.035365274651038
20919,5.009055097038195
20920,2.2127293818268856
20921,0.22959372431646902
20922,5.3232918334572545
20923,5.3232918334572545
20924,5.3232918334572545
20925,5.3232918334572545
20926,8.974083619691035
20927,8.81474963633097
20928,8.81474963633097
20929,8.974083619691035
20930,8.974083619691035
20931,7.434052036227263
20932,7.434052036227263
20933,7.434052036227263
20934,7.307014819189889
20935,5.762864517361344
20936,5.762864517361344
20937,6.192003106511245
20938,6.44677233023284
20939,2.7589478953596402
20940,5.391529416964372
20941,-9.282377424706583
20942,-21.54322704356533
20943,-30.581146698443344
20944,-31.150932337516547
20945,-32.16917053117177
20946,-28.936057144050874
20947,-29.664988273014938
20948,-45.708434653160545
20949,-41.93951098932769
20950,-33.907920252245894
20951,-35.94648539775608
20952,-43.49182711561973
20953,-46.136624144532675
20954,-59.958154397469784
20955,-56.117671355449055
20956,-69.27689988889551
20957,-68.96551217458358
20958,-58.8821754948271
20959,-58.8821754948271
20960,-152.46066779250125
20961,-102.26624150720419
20962,-171.26210469878984
20963,-68.21208008939155
20964,-309.05647139813107
20965,-311.4854149659729
20966,-304.75898400938536
20967,-310.8378880623914
20968,-309.456757999927
20969,-309.456757999927
20970,-297.9312122890257
20971,-303.0978829243933
20972,-307.73024551117135
20973,-300.0251221558887
20974,-294.13613283656355
20975,-290.8849003122499
20976,-288.13784142718976
20977,-47.90311115688134
20978,-50.08809704649955
20979,-51.88806535002467
20980,-46.16888226650675
20981,-96.23555675599232
20982,-105.2594436797528
20983,-9.124762099171955
20984,-10.794575323374282
20985,-13.85653422114021
20986,-25.032209431271045
20987,-16.453036247964132
20988,-15.931499393860042
20989,-15.383622868151047
20990,-0.9003489843152084
20991,-3.5800181761044705
20992,-3.0734472007489337
20993,-4.279611228048551
20994,-1.2342758212855054
20995,13.946935936481475
20996,7.2298193968054365
20997,8.381806687410794
20998,4.9373453150879545
20999,-8.65575207734532
21000,-21.246010380670842
21001,-25.900441136483167
21002,-13.170582152906725
21003,-18.536923851178088
21004,-18.371644091026955
21005,-18.912989197206155
21006,-20.596747595209077
21007,-20.074594884196834
21008,-14.915709421817024
21009,-13.725609413736123
21010,-4.510005408662631
21011,-4.510005408662631
21012,-4.510005408662631
21013,-4.510005408662631
21014,-3.6562449486921498
21015,-3.6562449486921498
21016,-3.6562449486921498
21017,-3.6562449486921498
21018,2.138066848456614
21019,2.138066848456614
21020,2.138066848456614
21021,-2.7771274550065566
21022,9.852737831938859
21023,9.852737831938859
21024,9.852737831938859
21025,9.852737831938859
21026,9.852737831938859
21027,9.852737831938859
21028,9.852737831938859
21029,10.870976025594079
21030,10.743938808556706
21031,10.743938808556706
21032,10.743938808556706
21033,13.284631805437892
21034,10.734784454692111
21035,9.155547845659429
21036,9.155547845659429
21037,-4.994365300247314
21038,-9.277236948331193
21039,-18.956501406689377
21040,-21.995354505297215
21041,-23.499690985644186
21042,-21.955945643204533
21043,-21.198739726448615
21044,-16.22970896424715
21045,-14.092471730540993
21046,-18.564466062652986
21047,-19.415341308530337
21048,-20.341988648398146
21049,-25.560079522980157
21050,-24.46190907225281
21051,-29.872218868374198
21052,-41.76739509892519
21053,-45.29695407268939
21054,-36.39092536612671
21055,-36.39092536612671
21056,-34.738138400524946
21057,-37.389298311878996
21058,-18.46577569736026
21059,-20.724294907722932
21060,-36.737141559600715
21061,-36.737141559600715
21062,-5.166342840060805
21063,-14.457047233607273
21064,-15.485082672142964
21065,-15.485082672142964
21066,-6.044212460644054
21067,-6.810524268732468
21068,-6.810524268732468
21069,-7.39869242324774
21070,-5.655968948637021
21071,1.4139559835784496
21072,1.4139559835784496
21073,-2.4933709643025463
21074,-0.8380445438547397
21075,-5.636401763297198
21076,-5.437314041751555
21077,-5.171400382179864
21078,-14.042798178533355
21079,-10.569423567914765
21080,10.739305880727482
21081,-8.531814571930912
21082,-8.584042758412815
21083,-12.714224601883473
21084,-12.714224601883473
21085,-8.551177476692189
21086,-32.623326628888115
21087,-27.133048628273045
21088,-17.36886253449687
21089,-16.2279998545591
21090,-15.89994486066904
21091,-13.341520533873311
21092,-11.36924397102197
21093,-10.099408531283066
21094,-11.088132213430042
21095,-18.512473480290822
21096,-26.70329232620684
21097,-26.828238974773544
21098,-13.769220336790069
21099,-33.52583853281678
21100,-17.501466109085573
21101,-17.501466109085573
21102,-15.022764282753588
21103,-15.022764282753588
21104,3.556337738076006
21105,-6.759198649023823
21106,-0.15652331481892845
21107,-2.7891048364236606
21108,-0.6805170105831375
21109,-0.6805170105831375
21110,0.1732434493873457
21111,0.1732434493873457
21112,0.1732434493873457
21113,0.1732434493873457
21114,2.862998939870794
21115,2.862998939870794
21116,2.862998939870794
21117,2.862998939870794
21118,13.57100300583533
21119,13.048663805890172
21120,13.048663805890172
21121,13.048663805890172
21122,11.504513504061627
21123,11.504513504061627
21124,9.897534384138133
21125,11.504513504061627
21126,11.377476287024255
21127,9.77049716710076
21128,9.77049716710076
21129,9.50674968980659
21130,6.719041110437954
21131,9.351622632042684
21132,7.772386023010003
21133,2.3412465886078233
21134,-13.127987538347739
21135,-20.479111314555787
21136,-21.995354505297215
21137,-21.11905131516412
21138,-21.976577190052534
21139,-20.691940597417243
21140,-21.705770520092404
21141,-19.583809651089798
21142,-13.69423545716041
21143,-8.099076627937972
21144,-7.863462012428692
21145,-6.997843224502286
21146,-8.982651716319207
21147,-4.628110045696064
21148,-4.628110045696064
21149,-4.628110045696064
21150,3.5551032099158784
21151,-6.161719197761669
21152,-6.161719197761669
21153,-10.233260683210908
21154,-3.428368045925288
21155,-11.987772653478482
21156,-11.44389100045912
21157,-15.124442151074096
21158,-4.1447906132188805
21159,-3.1074470025777052
21160,-3.1074470025777052
21161,-2.1094067394246303
21162,1.1966833128608694
21163,-6.754652714227564
21164,-6.166484559712295
21165,-5.168444296559221
21166,-0.6605850396984516
21167,3.101856711585777
21168,-0.987099166026923
21169,-0.5288978585906818
21170,3.079020784829341
21171,-7.005422760337565
21172,-7.593590914852838
21173,-7.593590914852838
21174,-6.815594264514129
21175,-10.768864402528726
21176,-9.303322396590987
21177,-14.900632157640876
21178,-22.537657408692155
21179,-19.749113577920802
21180,-21.653605145382148
21181,-14.347439789452922
21182,-40.682488077052405
21183,-37.30079790227787
21184,-29.347507679707
21185,-24.498832586201818
21186,-12.4659193316199
21187,8.785088332904882
21188,14.948180365893654
21189,17.94343191388993
21190,73.80499877163297
21191,11.415755292910452
21192,-12.658075161064916
21193,-0.010364532621038092
21194,19.334992241136124
21195,26.70981598182771
21196,20.33905133731573
21197,15.15563580105389
21198,20.237024373161166
21199,2.821335228586651
21200,-7.943808399603448
21201,-5.774373903199373
21202,-1.313897561332068
21203,-0.15652331481892845
21204,-1.936684506218216
21205,-2.954922699873437
21206,-2.1011622399029535
21207,-2.1011622399029535
21208,-4.134806925205153
21209,-9.659560076884151
21210,-5.945432847038521
21211,-4.9976059110083835
21212,-4.9976059110083835
21213,-5.984358229788251
21214,4.6172268985300695
21215,4.6172268985300695
21216,0.8498163884348582
21217,0.8498163884348582
21218,1.2625803461178977
21219,3.7356539329175833
21220,3.7356539329175833
21221,4.748267571738645
21222,4.6212303547012725
21223,4.6212303547012725
21224,4.6212303547012725
21225,4.6212303547012725
21226,2.0713830039554892
21227,2.0713830039554892
21228,-2.724393282912638
21229,-2.724393282912638
21230,-10.553276899974842
21231,-6.929589622059569
21232,-6.78253040144548
21233,-7.318529606092885
21234,-8.047460735056948
21235,-8.311676990330463
21236,-9.752432025766051
21237,-8.6430847955845
21238,-1.5968982227076358
21239,0.29928103683485346
21240,0.6826479099005003
21241,1.5482666978269075
21242,-7.3516690568211756
21243,-9.54511080724582
21244,-17.027156486745362
21245,-35.577270048607325
21246,-50.263116851515875
21247,-57.26898692627192
21248,-54.47108897649166
21249,-55.70849155940226
21250,-45.960904850501265
21251,-24.481675350959012
21252,-35.344832202455265
21253,-36.14007382933298
21254,-33.93508119499962
21255,-36.56519013901295
21256,-36.56519013901295
21257,-38.13354529375338
21258,-26.661561435953026
21259,-26.661561435953026
21260,-29.426697218203074
21261,-45.389223110648324
21262,-27.657104471164565
21263,-28.769022276806936
21264,-27.54458306758207
21265,-26.58239778524442
21266,-26.979676108966288
21267,-26.979676108966288
21268,-26.91712146882876
21269,-23.209470781836778
21270,-34.91923316278463
21271,-21.16203426041909
21272,-14.907255543803482
21273,-7.827377934690259
21274,-16.016662079388325
21275,-1.930706534897318
21276,6.260555135907903
21277,5.372656005599503
21278,-21.139849195587114
21279,-22.177192806228287
21280,-24.566809590014934
21281,-16.867645640843453
21282,-17.293931815338034
21283,-8.441171222811759
21284,-4.536598400185661
21285,-4.980024525899813
21286,-4.297177588749591
21287,-15.175670246131999
21288,-28.52232187328645
21289,-28.57084336478966
21290,-28.57084336478966
21291,-25.931198005586783
21292,-27.69693764447197
21293,-27.69693764447197
21294,-22.036702723522232
21295,-22.291252024950207
21296,-22.291252024950207
21297,-23.303865663771266
21298,-13.886748207204981
21299,-13.886748207204981
21300,-14.29951216488802
21301,-14.29951216488802
21302,-11.327079762937936
21303,-10.532101654792813
21304,-10.532101654792813
21305,-9.545349336012949
21306,-4.9976059110083835
21307,-4.9976059110083835
21308,-4.9976059110083835
21309,-4.0249935791366624
21310,6.576591549181658
21311,6.576591549181658
21312,6.576591549181658
21313,6.576591549181658
21314,6.576591549181658
21315,6.576591549181658
21316,6.576591549181658
21317,6.576591549181658
21318,6.449554332144284
21319,6.449554332144284
21320,6.449554332144284
21321,6.449554332144284
21322,2.927094649526784
21323,2.927094649526784
21324,1.3478580404941036
21325,1.3478580404941036
21326,-12.920121871674358
21327,-11.56087818023182
21328,-7.774725577681509
21329,-3.9092510597459573
21330,-1.1885771133470642
21331,0.4292332073795324
21332,-1.683555076628851
21333,-1.0614278055656199
21334,3.712906933001036
21335,6.84212561003726
21336,3.116935837183672
21337,-19.370225117447912
21338,-23.514104178796973
21339,-47.03100861666023
21340,-53.0968975007709
21341,-56.2820167305021
21342,-256.621582624205
21343,-263.6366672667069
21344,-268.6350453455739
21345,-268.6350453455739
21346,-44.76255936768215
21347,-220.78768438498184
21348,-199.94575929426753
21349,-199.94575929426753
21350,-56.6630559889463
21351,-70.84216582625345
21352,-70.84216582625345
21353,-70.84216582625345
21354,-52.60367112685714
21355,-49.38961362516267
21356,-49.38961362516267
21357,-49.38961362516267
21358,-27.566703918369047
21359,-53.264604223144275
21360,-53.264604223144275
21361,-53.264604223144275
21362,-30.5782194795168
21363,-26.18972251581102
21364,-28.183117528231715
21365,-42.57229063444004
21366,-36.56465650763742
21367,-37.678452196357
21368,-31.386391264654854
21369,-33.54269680275874
21370,-33.920889227895806
21371,-29.2410503846693
21372,-31.610140800079623
21373,-30.372376802319657
21374,-31.65036547699828
21375,-29.51186957275848
21376,-26.565805515791777
21377,-26.565805515791777
21378,-26.963937395125175
21379,-12.221113418231546
21380,-5.926341477714096
21381,-6.669095055910026
21382,-5.3425404173115805
21383,-10.597638051717222
21384,-23.267947403074032
21385,-20.152126380677217
21386,-21.3210072670373
21387,-14.842832654111321
21388,-14.842832654111321
21389,-14.842832654111321
21390,-12.694520400711138
21391,-12.694520400711138
21392,-12.694520400711138
21393,-12.694520400711138
21394,-7.870117003336611
21395,-7.870117003336611
21396,-7.870117003336611
21397,-7.870117003336611
21398,-7.719124826485842
21399,-7.719124826485842
21400,-6.7008866328306205
21401,-6.7008866328306205
21402,0.38189331838942464
21403,0.38189331838942464
21404,0.38189331838942464
21405,0.38189331838942464
21406,17.459503802660475
21407,17.459503802660475
21408,17.459503802660475
21409,17.459503802660475
21410,17.459503802660475
21411,17.459503802660475
21412,17.459503802660475
21413,17.459503802660475
21414,18.550674233704314
21415,18.550674233704314
21416,18.550674233704314
21417,18.550674233704314
21418,16.000826882958528
21419,16.000826882958528
21420,17.12105835557737
21421,17.12105835557737
21422,0.09039068932982271
21423,-1.8459465973523734
21424,-3.855098675723893
21425,-3.855098675723893
21426,-3.9836934216482462
21427,-4.02451998258591
21428,-2.4067096618593156
21429,4.689539603257342
21430,9.194297478718251
21431,5.149658728142852
21432,-4.4437594826082245
21433,-9.919773102030621
21434,-17.66866487710343
21435,-41.09442373540441
21436,-46.18318372353948
21437,-50.7496375604962
21438,-47.35619800456123
21439,-52.087422568585936
21440,-59.58745678589989
21441,-63.60114025096157
21442,-63.43615687556863
21443,-224.39167223337338
21444,-235.55716542903525
21445,-392.33786503669586
21446,-204.52337854180996
21447,-203.29296353257885
21448,-203.29296353257885
21449,-203.58874818940583
21450,-210.59527102344686
21451,-236.29317132822206
21452,-236.29317132822206
21453,-236.29317132822206
21454,-277.92420769787526
21455,-277.92420769787526
21456,-277.92420769787526
21457,-270.08967307341214
21458,-280.1801852887436
21459,-280.43233348720173
21460,-61.3757430050444
21461,-42.40936176962741
21462,-39.14303214383965
21463,-39.14303214383965
21464,-35.503740357230406
21465,-24.611517039129453
21466,-27.136573121144338
21467,-27.125716299344305
21468,-26.598160278089445
21469,-10.695369526362331
21470,-24.860857513789817
21471,-28.519992570619436
21472,-17.709005869038254
21473,-18.004790525865214
21474,-25.341266958192328
21475,-18.87654645668178
21476,-10.039219317282484
21477,-10.039219317282484
21478,-8.921908730276295
21479,-8.579464223210506
21480,-17.354647032019965
21481,-10.489385936764211
21482,-21.81032336559913
21483,-9.639727111912242
21484,-12.174763638127713
21485,-13.193001831782935
21486,-12.658527963573968
21487,-12.658527963573968
21488,-12.658527963573968
21489,-12.658527963573968
21490,-8.727106156633772
21491,-8.727106156633772
21492,-8.727106156633772
21493,-9.333273019802665
21494,-9.333273019802665
21495,-9.333273019802665
21496,-9.333273019802665
21497,-9.333273019802665
21498,-7.688980184259913
21499,-7.688980184259913
21500,-7.688980184259913
21501,-7.688980184259913
21502,6.147056593312846
21503,6.147056593312846
21504,6.147056593312846
21505,6.147056593312846
21506,6.147056593312846
21507,6.147056593312846
21508,6.147056593312846
21509,6.147056593312846
21510,6.0200193762754735
21511,-413.0191609392023
21512,5.869027199424708
21513,5.869027199424708
21514,3.3191798486789255
21515,3.3191798486789255
21516,1.7399432396462449
21517,1.7399432396462449
21518,-20.403283022163166
21519,-27.115110887336414
21520,-25.43757553663569
21521,-27.084538331465943
21522,-27.451557648682545
21523,-21.85639881946011
21524,-20.42337005437914
21525,-18.80423733628283
21526,-11.90287643370981
21527,-17.025635111404124
21528,-28.8033573778784
21529,-50.279885962894305
21530,-52.85953328676749
21531,-64.61625554284264
21532,-72.65554188203117
21533,-71.0027549164294
21534,-58.71277051404988
21535,-58.19502093470953
21536,-58.19502093470953
21537,-55.6388316518029
21538,-132.448920885861
21539,-64.88615499353196
21540,-62.815385043942264
21541,-68.53456812746018
21542,-322.37989925100686
21543,-324.8088428188487
21544,-304.0171452785788
21545,-304.0171452785788
21546,-298.5705036206836
21547,-298.5705036206836
21548,-292.49159956767755
21549,-292.49159956767755
21550,-287.9837403108168
21551,-287.9837403108168
21552,-49.488523269356456
21553,-50.07134381415438
21554,-47.75429437898187
21555,-47.75429437898187
21556,-144.32397760582975
21557,-13.977537753024514
21558,-14.29626405950497
21559,-13.628873903628227
21560,-16.69083280139415
21561,-19.65338042706009
21562,-20.686415179677866
21563,-32.90240045318224
21564,-29.546427725461566
21565,-18.187307764711317
21566,-39.345495986782105
21567,-33.16829797759485
21568,-29.65747838426695
21569,-21.45585028865263
21570,-22.720458331096793
21571,-13.2113450128785
21572,-6.558840648347134
21573,-6.558840648347134
21574,-13.62969594929188
21575,-20.38957481418398
21576,-34.49830323670407
21577,-27.780567341326897
21578,23.81858257195669
21579,-25.74405551330754
21580,-24.193126852844856
21581,-25.405756611623545
21582,-25.970416428512227
21583,-25.55765247082919
21584,-26.734286246046665
21585,-23.222363578497113
21586,-15.400887608290475
21587,-14.210787600209569
21588,-11.586721836559116
21589,-11.586721836559116
21590,-11.586721836559116
21591,-11.586721836559116
21592,-11.586721836559116
21593,-11.586721836559116
21594,-5.7924100394103615
21595,-5.7924100394103615
21596,-5.7924100394103615
21597,-5.7924100394103615
21598,0.30002113817930637
21599,0.30002113817930637
21600,0.30002113817930637
21601,0.30002113817930637
21602,0.30002113817930637
21603,0.30002113817930637
21604,0.30002113817930637
21605,-3.1856660874414398
21606,-3.3127033044788123
21607,-3.3127033044788123
21608,-3.3127033044788123
21609,-3.3127033044788123
21610,-6.013542832075363
21611,-6.013542832075363
21612,-8.005543398791081
21613,-11.980026359496218
21614,-22.354591306666
21615,-19.30639170060476
21616,-23.60048577195816
21617,-15.112649934620432
21618,-15.801595791596387
21619,-12.193300030018172
21620,-13.044175275895519
21621,-15.67675679750025
21622,-6.039785031672479
21623,-3.9311972058319564
21624,-10.497289367831776
21625,-17.269071830579826
21626,-37.38937218805109
21627,-51.85656649832181
21628,-60.49829432176627
21629,-47.91536316353677
21630,-49.88556227440604
21631,-50.17184449781378
21632,-47.61565521490715
21633,-47.61565521490715
21634,-56.349113011664244
21635,-56.349113011664244
21636,-56.349113011664244
21637,-304.26749894993776
21638,-418.5397158612442
21639,-418.5397158612442
21640,-418.5397158612442
21641,-418.5397158612442
21642,-407.0141701503429
21643,-407.0141701503429
21644,-407.0141701503429
21645,-407.0141701503429
21646,-402.5063108934821
21647,-396.42740684047607
21648,-278.70008087950725
21649,-33.693081765288134
21650,-35.67388568834744
21651,-40.89058884968264
21652,-6.449892137833211
21653,-10.481831900837426
21654,-10.657517810952
21655,-3.704222047016637
21656,-17.449157989542236
21657,-15.823584628732997
21658,-19.03322169482529
21659,-20.19624470686633
21660,-13.27799352695844
21661,-16.122398459311153
21662,-35.455529650234354
21663,-34.543621778448795
21664,-26.461090956211656
21665,-21.410847786011484
21666,-17.148257257462124
21667,-13.315278674868384
21668,-10.747432580008518
21669,-8.434247615280256
21670,-16.30922720672082
21671,-26.8340483799837
21672,-32.449225739874755
21673,-31.059328160214683
21674,-35.80976528572333
21675,-23.36186096945882
21676,-23.36186096945882
21677,-23.011943404114508
21678,-20.863631150714323
21679,-20.863631150714323
21680,-20.863631150714323
21681,-24.479642336210524
21682,-13.146243698454334
21683,-13.146243698454334
21684,-11.95614369037343
21685,-11.95614369037343
21686,-11.95614369037343
21687,-11.95614369037343
21688,-11.95614369037343
21689,-11.95614369037343
21690,-9.647519118845418
21691,-6.2928725664332505
21692,-5.590104283313534
21693,-4.603351964533666
21694,6.014049121589358
21695,5.027296802809491
21696,6.014049121589358
21697,5.027296802809491
21698,5.863056944738591
21699,6.014049121589358
21700,5.863056944738591
21701,5.863056944738591
21702,5.736019727701216
21703,6.109884749511736
21704,6.109884749511736
21705,6.109884749511736
21706,4.5326497306376785
21707,5.142208578853505
21708,2.3325569605897383
21709,-0.4115109908843131
21710,-16.26720006221177
21711,-16.554919165599483
21712,-16.844614687770566
21713,-18.33075173349055
21714,-18.956879800511516
21715,-10.877848290539013
21716,-10.877848290539013
21717,-9.765930484896643
21718,-0.7149434726052138
21719,-2.7300291113282844
21720,-4.105770845750906
21721,-8.25292381710161
21722,-12.180550722615227
21723,-21.47333785418869
21724,-38.07152358674006
21725,-42.70031658414028
21726,-35.89744752524165
21727,-37.21305436705163
21728,-37.21305436705163
21729,-29.644315248155678
21730,-22.00914240612694
21731,-54.01102772972211
21732,-39.082512958657986
21733,-59.45989238534184
21734,-10.750887302812629
21735,-10.750887302812629
21736,-45.32807517033452
21737,-45.32807517033452
21738,-2.3380525298494192
21739,-2.3380525298494192
21740,-2.633837186676378
21741,-5.190026469583007
21742,-0.6821672127222349
21743,-0.6821672127222349
21744,-0.6821672127222349
21745,-0.6821672127222349
21746,-3.7014029097694805
21747,-4.289571064284754
21748,-5.942358029886525
21749,-5.942358029886525
21750,-8.694943029251112
21751,-10.549054561291564
21752,-11.630520927485074
21753,-13.370036436892397
21754,-21.678545163398685
21755,-13.850040607524303
21756,-15.695454577025869
21757,-13.21903207917799
21758,-36.43620865908728
21759,-27.99896594796367
21760,-25.859519046387952
21761,-18.84717891300262
21762,-13.297676990304687
21763,-10.549745448399422
21764,-10.15621319879361
21765,-8.835242788425363
21766,-17.794658925088406
21767,-21.147765569614215
21768,-22.33315935101932
21769,-13.406955878907864
21770,-17.245485132630947
21771,-7.149690998782209
21772,-6.420759869818145
21773,-5.8130211146580315
21774,-8.44256790310776
21775,-8.44256790310776
21776,-8.112178330175954
21777,-4.600255662626405
21778,0.45064545871288897
21779,0.45064545871288897
21780,4.206227753656337
21781,2.097608253543141
21782,3.4273969001648834
21783,3.649525471732136
21784,1.0580011391081774
21785,3.4273969001648834
21786,3.315984174444272
21787,3.2034068679104712
21788,4.451845617090566
21789,3.2034068679104712
21790,9.847219337637114
21791,8.501683122218523
21792,9.847219337637114
21793,9.847219337637114
21794,9.847219337637114
21795,9.847219337637114
21796,9.847219337637114
21797,9.897534384138133
21798,9.77049716710076
21799,9.77049716710076
21800,9.77049716710076
21801,9.77049716710076
21802,10.02526639082236
21803,10.02526639082236
21804,8.44602978178968
21805,6.337441955949157
21806,-5.703883364117067
21807,-9.258281643237542
21808,-13.508223331921979
21809,-17.647073442869548
21810,-24.382963085862794
21811,-24.45491868645705
21812,-28.605482435714773
21813,-28.605482435714773
21814,-17.533513370245995
21815,-16.1081357737419
21816,-17.361060598470168
21817,-18.21193584434751
21818,-19.059776925487213
21819,-24.903995867090188
21820,-27.325357460189068
21821,-32.95855770833269
21822,-37.39992504733264
21823,-41.14303083808517
21824,-59.913144810427234
21825,-41.324491080963334
21826,-27.36173243242899
21827,-28.68555252779164
21828,-28.68555252779164
21829,-41.74571839008082
21830,-35.501730689705795
21831,-35.501730689705795
21832,-35.501730689705795
21833,-35.501730689705795
21834,-29.813624141411413
21835,-29.770714972225573
21836,-34.697415125891624
21837,-34.697415125891624
21838,-30.18955586903084
21839,-29.563427802009876
21840,-30.5483842519012
21841,-29.850463689980838
21842,-27.321142833553605
21843,-26.798803633608447
21844,-22.078310594597905
21845,-23.096650894598124
21846,-24.565887541557647
21847,-24.167963739125756
21848,-13.996145232568834
21849,-8.969814504300585
21850,-14.76396937476366
21851,-20.18455794955406
21852,-17.787859528962326
21853,-10.481694173033087
21854,-35.43131455809439
21855,-31.26826743290309
21856,-25.846875525083533
21857,-17.764344702846387
21858,-16.729747213579376
21859,-12.455803089702707
21860,-14.240642508203946
21861,-12.84221232254069
21862,-11.714744888386459
21863,-22.171572802932207
21864,-23.89162362027593
21865,-17.944704278433473
21866,-16.344091862572437
21867,-17.22039505270553
21868,-16.013702289640634
21869,-16.955215725577048
21870,-12.34238851937261
21871,-13.360626713027832
21872,-12.170526704946928
21873,-12.694520400711138
21874,-2.954922699873437
21875,-2.954922699873437
21876,-2.954922699873437
21877,-2.954922699873437
21878,-2.1011622399029535
21879,-2.1011622399029535
21880,-2.1011622399029535
21881,-2.1011622399029535
21882,-2.468613118361561
21883,-2.468613118361561
21884,-2.468613118361561
21885,-2.468613118361561
21886,9.852737831938859
21887,9.852737831938859
21888,9.852737831938859
21889,9.852737831938859
21890,9.852737831938859
21891,9.852737831938859
21892,9.852737831938859
21893,9.852737831938859
21894,9.725700614901484
21895,9.725700614901484
21896,9.725700614901484
21897,9.725700614901484
21898,7.1758532641557045
21899,7.1758532641557045
21900,5.596616655123024
21901,5.596616655123024
21902,-10.424069887910766
21903,-15.833332649870059
21904,-15.197651892940316
21905,-15.197651892940316
21906,-15.197651892940316
21907,-8.95689874211343
21908,-9.583026809134394
21909,-11.345809926797298
21910,-4.303979333500517
21911,-3.174712872764892
21912,-3.174712872764892
21913,-7.695415192173212
21914,-22.32192047201222
21915,-26.212122410208853
21916,-56.58052655205306
21917,-49.912591930316246
21918,-50.88604098361009
21919,-50.80560247812446
21920,-60.86537651024185
21921,-60.058832799232725
21922,-38.24433425937223
21923,-38.65417390995991
21924,-38.65417390995991
21925,-31.216712636126637
21926,-24.972724935751604
21927,-24.972724935751604
21928,-24.972724935751604
21929,-24.972724935751604
21930,-16.855674819615356
21931,-22.956747368208976
21932,-20.678389064475617
21933,-23.92596810293824
21934,-20.384104922589227
21935,-21.496022728231598
21936,-20.8602531307517
21937,-24.03789313512547
21938,-25.45115544376319
21939,-25.45115544376319
21940,-11.7689370093901
21941,-9.29318623196908
21942,-12.559007274455377
21943,-9.796140511229721
21944,-9.534498149546549
21945,-11.533288469194536
21946,-18.017343760836123
21947,-19.250302062500033
21948,-11.944136706570802
21949,-14.433590385092545
21950,-39.199211779843
21951,-28.168799403096152
21952,-22.49043729244518
21953,-21.49111750978282
21954,-18.62397133668197
21955,-11.06954097258175
21956,-10.940946226657397
21957,-8.89610015648933
21958,-16.67212051324043
21959,-28.231928850281257
21960,-18.333699402592003
21961,-16.136954396229683
21962,22.86657116161089
21963,47.54715041354522
21964,26.3658407126081
21965,16.099013887469745
21966,24.000720669739824
21967,15.939379093387734
21968,11.563997196038155
21969,11.754075321703588
21970,13.295965641409156
21971,14.942928436239407
21972,14.942928436239407
21973,25.803678185551817
21974,24.268569450726442
21975,25.215151001951256
21976,22.582569480346525
21977,24.658739120034138
21978,27.65927357172628
21979,27.65927357172628
21980,23.158633325777863
21981,23.158633325777863
21982,13.944990881967609
21983,13.944990881967609
21984,17.92122377706906
21985,17.92122377706906
21986,17.92122377706906
21987,17.92122377706906
21988,17.92122377706906
21989,17.92122377706906
21990,11.667288492545005
21991,20.681086419005773
21992,20.681086419005773
21993,11.667288492545005
21994,13.393046618338406
21995,14.304034875799697
21996,12.833038810096806
21997,20.22748978679481
21998,9.97206522819764
21999,5.506684903507854
22000,1.0695939296624206
22001,-15.915434306811637
22002,-15.915434306811637
22003,-17.242061187845593
22004,-17.242061187845593
22005,-13.238441784558496
22006,-7.477462336553459
22007,-16.441975112841824
22008,-17.67239012207291
22009,-10.838702061294342
22010,-4.5168438427105855
22011,-9.92610660466988
22012,-10.625989673696463
22013,-17.5734173265155
22014,-11.57103729561753
22015,-20.390666352738045
22016,-26.0309124879337
22017,-35.52045850050064
22018,-18.538927007391056
22019,-19.511650898690053
22020,-23.910141298758514
22021,-22.457901859202476
22022,-13.9235875937445
22023,-29.681672968936358
22024,-29.681672968936358
22025,-29.681672968936358
22026,-25.354031612956238
22027,-25.751955415388128
22028,-27.16039051596025
22029,-27.16039051596025
22030,-22.65253125909948
22031,-20.712518999535373
22032,-16.621009735597017
22033,-16.621009735597017
22034,-16.621009735597017
22035,-16.621009735597017
22036,-17.5540735615107
22037,-35.1449171291547
22038,-21.081997136836666
22039,2.0825696069505795
22040,-3.338018967839823
22041,-3.338018967839823
22042,-6.9976371311830965
22043,-6.026094512289759
22044,-8.515548190811506
22045,-9.079869399544558
22046,-24.29127955898773
22047,-28.997478659315252
22048,-25.716657155491824
22049,-223.76102564589047
22050,-10.667436188664656
22051,-10.667436188664656
22052,-9.526551225341805
22053,-9.234871584300988
22054,2.1233435288055693
22055,-7.079703983658679
22056,2.6227976531272246
22057,19.772139209947603
22058,27.009052294105082
22059,27.009052294105082
22060,24.720698424219165
22061,24.775246185274433
22062,25.83805600484269
22063,26.923558438674625
22064,23.20547448323796
22065,28.39359130033833
22066,29.17827570328798
22067,72.71134123588166
22068,26.119923100910597
22069,26.119923100910597
22070,26.973683560881078
22071,24.584814366085222
22072,24.584814366085222
22073,24.584814366085222
22074,33.48719956682537
22075,26.862270835160473
22076,26.862270835160473
22077,25.41762152565159
22078,15.470220083155318
22079,9.66597713130141
22080,9.66597713130141
22081,9.66597713130141
22082,9.66597713130141
22083,9.66597713130141
22084,-22.800240492179956
22085,-22.800240492179956
22086,-23.60695397953076
22087,-23.60695397953076
22088,-23.60695397953076
22089,8.859263643950605
22090,9.1140328676722
22091,14.918275819526112
22092,14.918275819526112
22093,50.04157144829448
22094,88.11226325468098
22095,108.25687738661492
22096,12.143899001529864
22097,16.381384862229698
22098,-0.4816334012541572
22099,-13.438865967480691
22100,-13.438865967480691
22101,-19.530725342573806
22102,8.04890694861885
22103,-14.673749944778049
22104,-17.23217427157377
22105,-17.23217427157377
22106,-16.3857074741407
22107,-6.948266559405044
22108,-6.948266559405044
22109,-6.948266559405044
22110,8.58750876224886
22111,8.993955537901027
22112,8.993955537901027
22113,8.993955537901027
22114,7.548340595856074
22115,3.1634034209896393
22116,6.889851003469897
22117,7.056925523812937
22118,3.865879340720717
22119,-2.8104654373514135
22120,-5.005716023923491
22121,-3.775301014692403
22122,-8.12055952494073
22123,-6.8712407276634755
22124,-6.8712407276634755
22125,-6.8712407276634755
22126,5.128255622127404
22127,5.4240402789543625
22128,5.4240402789543625
22129,11.902997274727289
22130,16.703758429394284
22131,16.90981878550904
22132,17.969291933736333
22133,17.969291933736333
22134,10.651924131310267
22135,10.651924131310267
22136,14.81497125650155
22137,14.81497125650155
22138,3.522216110255316
22139,7.001472417952962
22140,7.001472417952962
22141,15.084003240190093
22142,-5.419978517486192
22143,-7.113760039146796
22144,0.6583299164411089
22145,-0.1423482172632784
22146,-6.659613916255194
22147,-6.8396993633005945
22148,-6.266081666649383
22149,-5.925979959379436
22150,-11.465506896001994
22151,-22.61320633949239
22152,-19.497385317095578
22153,-30.818322745930512
22154,-15.22664651708513
22155,-15.22664651708513
22156,-15.22664651708513
22157,-15.22664651708513
22158,-14.692172648876165
22159,-14.692172648876165
22160,-14.692172648876165
22161,-15.301731497091994
22162,-11.3703096901518
22163,-11.3703096901518
22164,-11.976476553320692
22165,-11.976476553320692
22166,-11.976476553320692
22167,-12.810092748479626
22168,-12.810092748479626
22169,-12.810092748479626
22170,-11.16579991293687
22171,-11.16579991293687
22172,-11.16579991293687
22173,-11.16579991293687
22174,3.503853059794819
22175,3.503853059794819
22176,3.503853059794819
22177,3.503853059794819
22178,3.503853059794819
22179,3.503853059794819
22180,5.53749774509702
22181,3.503853059794819
22182,5.410460528059645
22183,5.410460528059645
22184,6.0200193762754735
22185,5.869027199424708
22186,3.3191798486789255
22187,3.3191798486789255
22188,3.3191798486789255
22189,1.7399432396462449
22190,-6.969554996528262
22191,-28.33540019566624
22192,-29.992722627684856
22193,-29.196425050384743
22194,-32.2352781489926
22195,-32.36387289491695
22196,-29.10685512169705
22197,-33.21356167041853
22198,-23.647955235785155
22199,-16.410265568319424
22200,-36.86008673226688
22201,-35.05019762462866
22202,-28.977084524859407
22203,-29.664004533431587
22204,-38.6072851808672
22205,-38.6072851808672
22206,-28.928013773725112
22207,-40.058447104439615
22208,-51.22224438815749
22209,-51.284799028295026
22210,-38.75407604261235
22211,-36.04536458606099
22212,-36.04536458606099
22213,-36.04536458606099
22214,-28.760369117880224
22215,-28.760369117880224
22216,-28.760369117880224
22217,-32.47189087902116
22218,-24.735753928275976
22219,-24.735753928275976
22220,-20.726510517057115
22221,-18.399259673775507
22222,14.533935801849436
22223,14.533935801849436
22224,-11.576110605230845
22225,-20.241945321319758
22226,-23.70645598246497
22227,-13.264937482833117
22228,-13.264937482833117
22229,-14.237042599490241
22230,-11.789111564379958
22231,-12.765694116012835
22232,-12.261281993640633
22233,-11.599414732079406
22234,-14.521819805524116
22235,-7.215654449594873
22236,-5.581812111398796
22237,-4.894892102826616
22238,-5.518585355285976
22239,-5.812252039591843
22240,-2.378611780517727
22241,12.931194723173608
22242,26.791907124341787
22243,-9.220658922570328
22244,35.77246795316403
22245,44.656585864704745
22246,6.158569252662551
22247,-5.920617190653795
22248,12.293040533735674
22249,15.747271027152395
22250,80.47147060979722
22251,31.21177104951705
22252,31.290257656028754
22253,23.392888696155314
22254,2.0525955467057977
22255,-4.175856333229075
22256,-4.746493393495359
22257,-3.5936821711567073
22258,-0.10017303988980408
22259,1.057201206623336
22260,0.3738735274990609
22261,-2.4901242926454343
22262,-2.6546020263301715
22263,-2.6546020263301715
22264,-2.6546020263301715
22265,-2.6546020263301715
22266,-1.7754845326445785
22267,-1.7754845326445785
22268,-5.121456349282326
22269,-5.955072544441261
22270,2.5022101374328414
22271,2.5022101374328414
22272,2.1283451156223214
22273,2.1283451156223214
22274,2.1283451156223214
22275,2.1283451156223214
22276,2.1283451156223214
22277,1.1557327837506013
22278,1.028695566713228
22279,1.028695566713228
22280,1.028695566713228
22281,0.8777033898624607
22282,-1.6721439608833197
22283,-1.2982789390728002
22284,-1.2982789390728002
22285,-2.877515548105483
22286,-6.851998508810621
22287,-28.322410026295536
22288,-23.721025965032442
22289,-21.070878282459997
22290,-15.888483410920593
22291,-15.192036943380554
22292,-14.830125131633102
22293,-17.462706653237834
22294,-7.02730181466264
22295,-4.00256253702636
22296,-3.2183010831262426
22297,-4.444848751696582
22298,-10.572547226537262
22299,-17.166379835541907
22300,-22.437331471867555
22301,-24.554892244459854
22302,-33.86657897139342
22303,-42.45344830635638
22304,-52.89496680598821
22305,-50.492734645544935
22306,-33.444584387754176
22307,-30.791611020421563
22308,-29.959697562143084
22309,-33.16093816778393
22310,-25.87594269960321
22311,-24.58729169156965
22312,-24.58729169156965
22313,-25.9111117869323
22314,-14.385566076030987
22315,-13.387525812877913
22316,-12.063705717515267
22317,-11.04601333399665
22318,-5.5420372112003635
22319,-5.5420372112003635
22320,-6.130205365715638
22321,-6.130205365715638
22322,-0.7790749466005573
22323,-0.7790749466005573
22324,-10.48225327333064
22325,-2.2836565060580845
22326,-13.339731272326738
22327,-12.055158683578073
22328,-11.855179850095974
22329,-9.817570854112121
22330,-11.468036906667447
22331,-13.250630926883552
22332,-13.250630926883552
22333,-9.087583801692272
22334,-22.551333363259584
22335,-13.31114096524762
22336,-17.762583072449495
22337,-14.934601511241306
22338,-13.25761450779895
22339,-9.479162220400468
22340,-9.085629970794656
22341,-7.503262608731944
22342,-28.302401437112277
22343,-30.991168399055763
22344,-20.458788684462824
22345,-24.297317938185902
22346,-21.86875665847617
22347,-22.88699485213139
22348,-23.763298042264484
22349,-23.006092125508566
22350,-19.21081707727813
22351,-20.07336259864743
22352,-19.194021452702604
22353,-16.28324779480253
22354,-7.153208942180661
22355,-8.959437469211306
22356,-9.333302491021826
22357,-12.238176540432775
22358,-12.882162471727131
22359,-15.44183091599418
22360,-14.429217277173116
22361,-11.95614369037343
22362,-6.161831893224675
22363,-6.161831893224675
22364,-5.32055226244263
22365,-5.32055226244263
22366,4.821125918223827
22367,4.821125918223827
22368,4.821125918223827
22369,4.821125918223827
22370,4.821125918223827
22371,4.821125918223827
22372,4.821125918223827
22373,1.5317278939031982
22374,5.45552021197394
22375,1.4046906768658252
22376,1.4046906768658252
22377,5.45552021197394
22378,2.905672861228159
22379,2.905672861228159
22380,2.905672861228159
22381,1.3264362521954793
22382,-6.795396432337914
22383,-10.487785497166156
22384,-10.487785497166156
22385,-6.3724604971660606
22386,-7.325242149466072
22387,-7.325242149466072
22388,-7.974465432536218
22389,-7.974465432536218
22390,-2.7535106016551048
22391,-1.5968982227076358
22392,-0.4849804170652638
22393,0.6826479099005003
22394,1.5640590047734613
22395,0.6040050141699256
22396,-8.703831176463776
22397,-14.623202155787862
22398,-21.498863357019715
22399,-56.91557556947174
22400,-32.35183077918967
22401,-33.32455467048867
22402,-24.63895299774834
22403,-80.1716801908514
22404,-33.0109863442383
22405,-51.750030334531
22406,-33.591577157245155
22407,-30.062673054292468
22408,-30.062673054292468
22409,-30.062673054292468
22410,4.189478744936762
22411,46.476342863614164
22412,46.476342863614164
22413,9.745973377243468
22414,12.083981584113852
22415,2.3290228530533903
22416,-20.451145088375476
22417,-33.54609677224444
22418,-21.987306409473042
22419,-42.184139659712024
22420,-52.881050878658414
22421,-54.340037993342264
22422,-44.34720398237136
22423,-26.54344925806098
22424,-28.198441693260193
22425,-27.16316316182366
22426,-24.916681556494634
22427,-16.18722223923493
22428,-6.696523756940688
22429,1.8640930401531612
22430,-30.341159852394657
22431,-25.68575577167463
22432,-26.069122644740276
22433,-18.718695488011445
22434,-10.552389212104268
22435,-6.15499827483944
22436,-10.385913256992954
22437,-9.812295560341742
22438,-18.68131808280856
22439,-29.48323106734706
22440,-29.927753226578837
22441,-34.04996499015893
22442,-25.652890209002525
22443,-26.031903772622282
22444,-26.44466773030532
22445,-27.356575602090878
22446,-24.001570585625792
22447,-23.20659247748067
22448,-19.694669809931117
22449,-18.649248012376642
22450,-8.764972101012502
22451,-10.68309383164358
22452,-10.68309383164358
22453,-10.68309383164358
22454,-10.532101654792813
22455,-10.532101654792813
22456,-10.532101654792813
22457,-10.532101654792813
22458,-5.984358229788251
22459,-5.984358229788251
22460,-4.9976059110083835
22461,-4.9976059110083835
22462,5.603979217309937
22463,5.603979217309937
22464,5.603979217309937
22465,5.603979217309937
22466,5.603979217309937
22467,5.603979217309937
22468,4.6172268985300695
22469,4.6172268985300695
22470,4.490189681492697
22471,4.490189681492697
22472,4.490189681492697
22473,4.490189681492697
22474,2.3504122350263352
22475,2.3504122350263352
22476,2.1994200581755683
22477,-0.17479465900223867
22478,-12.53097278361675
22479,-14.514134044274508
22480,-12.47854807703433
22481,-9.796265309732776
22482,-9.796265309732776
22483,-10.525196438696836
22484,-11.640287939847695
22485,-11.640287939847695
22486,-4.2675014939262335
22487,-4.2675014939262335
22488,-4.172185897002069
22489,-4.098626253433646
22490,-9.040720538386873
22491,-19.056174383070758
22492,-21.987658922665844
22493,-45.47162619184665
22494,-51.407662886340795
22495,-58.48484164903258
22496,-61.24590985103554
22497,-62.677830966540405
22498,-98.61554947718889
22499,-75.95261157104692
22500,-23.16900156790402
22501,15.465824818422618
22502,111.77362780777202
22503,111.96783096067779
22504,109.47479385771655
22505,110.81118258295618
22506,128.7613928162542
22507,19.118957703232127
22508,8.175747466569767
22509,30.383986006706202
22510,-2.406592397520038
22511,-2.406592397520038
22512,-3.515939627701586
22513,-2.406592397520038
22514,-18.55124890854392
22515,-101.73125266892522
22516,-19.436355436665274
22517,-54.725534696745754
22518,-51.260762665219765
22519,-42.425373173856286
22520,-35.16730094173761
22521,-34.719980903350056
22522,-41.944420669041314
22523,-27.299964876035755
22524,-15.430459676595424
22525,-11.489587199349792
22526,-33.36221476924707
22527,-33.36221476924707
22528,-25.430676123860692
22529,-22.64285064909267
22530,-10.925848238756966
22531,-9.57969974292659
22532,-8.457236364356714
22533,-8.457236364356714
22534,-24.345563584558676
22535,-28.57084336478966
22536,-28.57084336478966
22537,-25.931198005586783
22538,-25.931198005586783
22539,-25.931198005586783
22540,-25.931198005586783
22541,-25.931198005586783
22542,-23.0755518042721
22543,-20.857286269380662
22544,-20.857286269380662
22545,-14.775077095409582
22546,-5.508951815694081
22547,-5.508951815694081
22548,-5.508951815694081
22549,-5.508951815694081
22550,-5.508951815694081
22551,-5.508951815694081
22552,-5.508951815694081
22553,-5.508951815694081
22554,-0.9612083906895139
22555,-0.9612083906895139
22556,-0.9612083906895139
22557,-0.9612083906895139
22558,4.21496552060579
22559,4.21496552060579
22560,4.21496552060579
22561,4.21496552060579
22562,4.21496552060579
22563,4.21496552060579
22564,4.21496552060579
22565,4.21496552060579
22566,4.087928303568417
22567,4.087928303568417
22568,4.087928303568417
22569,4.087928303568417
22570,2.3696736565807535
22571,2.3696736565807535
22572,2.3696736565807535
22573,-3.1840459131570666
22574,19.873845973906672
22575,16.115965506269742
22576,18.15155147350992
22577,19.821220601990415
22578,17.724392784075945
22579,17.09826471705498
22580,-7.413614070151843
22581,-7.030247197086196
22582,-0.028755197514433728
22583,0.8526558973585263
22584,4.402053133508695
22585,4.402053133508695
22586,-7.815932046155372
22587,-17.791410717240026
22588,-39.138311876176694
22589,-68.46649876917706
22590,-45.045137714155864
22591,-49.488983866613545
22592,-71.89898269668998
22593,-54.6065798947184
22594,-167.86907042810253
22595,-158.38143894401244
22596,-160.43160915426924
22597,-158.6491686379759
22598,-53.16865899140643
22599,-53.16865899140643
22600,-42.412640641508816
22601,-53.16865899140643
22602,-30.940656783708455
22603,-77.42598500113962
22604,-77.42598500113962
22605,-91.38655547293496
22606,-83.30189769218256
22607,-85.43014891358283
22608,-87.21258942987618
22609,-4.917692197616214
22610,-29.300025483865376
22611,-53.02576283705703
22612,-55.69715003669214
22613,-35.24775473121402
22614,-21.73660241101462
22615,-18.86678036990456
22616,-31.64579438301678
22617,-14.20909302041182
22618,-6.869782596057207
22619,6.559419951664631
22620,27.496670929650577
22621,13.560923323145193
22622,-6.702194924732211
22623,-10.774817857542534
22624,-12.865971705375063
22625,18.356713237308163
22626,20.63087524504631
22627,-4.536598400185661
22628,-4.294058327430617
22629,-6.835812118143264
22630,-20.993341023279186
22631,-25.21862080351017
22632,-24.520013829681545
22633,-25.931198005586783
22634,-25.931198005586783
22635,-25.931198005586783
22636,-25.931198005586783
22637,-27.69693764447197
22638,-23.04931636234329
22639,-23.462080320026327
22640,-18.504569801850202
22641,-18.504569801850202
22642,-8.764972101012502
22643,-7.778219782232638
22644,-6.4317424285504
22645,-5.598126233391465
22646,-2.1011622399029535
22647,-2.1011622399029535
22648,-2.1011622399029535
22649,-2.1011622399029535
22650,-2.468613118361561
22651,-2.468613118361561
22652,-2.468613118361561
22653,-2.468613118361561
22654,9.852737831938859
22655,10.003730008789626
22656,10.003730008789626
22657,10.003730008789626
22658,10.003730008789626
22659,10.003730008789626
22660,10.003730008789626
22661,10.610166301946515
22662,9.873570236693313
22663,7.839925551391114
22664,6.823419353954804
22665,6.449554332144284
22666,3.8997069813985035
22667,3.8997069813985035
22668,3.8997069813985035
22669,1.3478580404941036
22670,1.3478580404941036
22671,-10.563361047097777
22672,-8.24920589598352
22673,-5.180123965899033
22674,-5.180123965899033
22675,-1.8498653173988626
22676,-4.503040826250392
22677,-4.503040826250392
22678,2.170794821579116
22679,2.170794821579116
22680,4.837648239618901
22681,-1.4060370613720397
22682,-25.05616309135867
22683,-44.24324456972508
22684,-61.218867038933524
22685,-67.55809364650908
22686,-65.64254630085783
22687,-353.31926664483865
22688,-366.2095303742517
22689,-543.6372613775233
22690,-188.95371829239582
22691,-150.84399453234505
22692,-150.84399453234505
22693,-187.11512024631884
22694,-43.83241694099756
22695,-40.2178020779332
22696,-40.2178020779332
22697,-40.2178020779332
22698,-25.913028373329695
22699,-25.913028373329695
22700,-17.558378978750724
22701,-26.84358489279783
22702,-10.499775218979316
22703,20.84257675995068
22704,43.05081530008711
22705,43.05081530008711
22706,-9.846667180283795
22707,-40.84550462557668
22708,-29.513877305849597
22709,26.952519300898913
22710,20.08314120936236
22711,-26.087855610758073
22712,-26.02067046656911
22713,-28.778723373462203
22714,-63.632670631515
22715,-17.308346100968215
22716,-16.350476043191723
22717,5.531596115649678
22718,-12.655764502026322
22719,-16.527741758991052
22720,-36.18385802803549
22721,-17.712097808169734
22722,-2.4489253010399876
22723,-2.4489253010399876
22724,-0.8249780422030883
22725,-8.039440327260314
22726,-22.50727772314684
22727,-13.638448583937713
22728,-27.00207443311753
22729,-11.385149855547443
22730,-10.15645957693134
22731,2.550591129146001
22732,2.550591129146001
22733,2.550591129146001
22734,-8.008147323531158
22735,-9.23683760214726
22736,-9.23683760214726
22737,-9.23683760214726
22738,-2.986457173239364
22739,-2.986457173239364
22740,-2.986457173239364
22741,0.029287677568246073
22742,0.029287677568246073
22743,0.029287677568246073
22744,0.029287677568246073
22745,-3.3929862367920536
22746,1.1547571882125136
22747,1.1547571882125136
22748,3.2462095242079525
22749,2.066260802985663
22750,6.201987451173873
22751,6.201987451173873
22752,6.201987451173873
22753,6.201987451173873
22754,6.201987451173873
22755,3.186242600366264
22756,3.186242600366264
22757,3.186242600366264
22758,4.277413031410105
22759,4.277413031410105
22760,4.277413031410105
22761,4.277413031410105
22762,2.5591583844224446
22763,5.574903235230054
22764,5.574903235230054
22765,5.574903235230054
22766,22.97492942335626
22767,2.937254240211964
22768,7.651089345168699
22769,8.327431620966331
22770,1.9730795924874658
22771,-1.0426652583201454
22772,1.9730795924874658
22773,6.316535141627839
22774,9.744257872241102
22775,5.187072554236669
22776,11.923004862003468
22777,16.233177906672168
22778,17.017439360572286
22779,12.577573454629233
22780,16.9888402395922
22781,16.9888402395922
22782,10.452144215161079
22783,1.721156745931493
22784,-13.42559449922248
22785,-21.666503318802288
22786,-12.485741167142962
22787,-24.997563775292843
22788,-55.201742490510725
22789,-55.26429713064825
22790,-55.010833786870606
22791,-55.98355767816961
22792,-75.83084865206919
22793,-316.6066770258566
22794,-62.21811357214039
22795,-60.61405889876988
22796,-58.83161838247652
22797,-58.83161838247652
22798,-36.79091261571325
22799,-33.729725586895036
22800,-27.76129668994285
22801,-33.683447746646976
22802,-36.39895208885403
22803,-28.87616945890562
22804,-21.578484877629258
22805,-21.51593023749173
22806,-20.239988017601068
22807,-16.5947060074379
22808,-17.108740115935774
22809,-10.889142462712808
22810,-18.907079184947413
22811,1.4721817752792425
22812,-1.4006387763081478
22813,-0.6408310149359664
22814,-20.756615779282118
22815,-14.108676202892225
22816,-13.502509339723334
22817,-8.071903782560627
22818,-8.873989143226806
22819,-9.743434660455527
22820,-11.309654396513192
22821,-7.800722961544215
22822,-17.073015285839528
22823,-0.200454662045566
22824,-18.62862807755421
22825,-2.3645426736293564
22826,-4.956067006253313
22827,-8.415054326608766
22828,-9.890261601700358
22829,-7.781673775859838
22830,-7.4065338910109375
22831,-9.105253243703274
22832,-9.105253243703274
22833,-11.640289769918747
22834,-4.238322969024264
22835,-4.238322969024264
22836,-5.256561162679484
22837,-8.727106156633772
22838,-9.333273019802665
22839,-9.333273019802665
22840,-9.333273019802665
22841,-9.942831868018494
22842,-8.29853903247574
22843,-11.16579991293687
22844,-11.16579991293687
22845,-11.16579991293687
22846,3.503853059794819
22847,3.1299880379842993
22848,3.1299880379842993
22849,3.1299880379842993
22850,3.1299880379842993
22851,3.1299880379842993
22852,3.1299880379842993
22853,3.1299880379842993
22854,3.0029508209469262
22855,3.376815842757446
22856,3.376815842757446
22857,3.376815842757446
22858,0.675976315160898
22859,0.675976315160898
22860,1.2855351633767276
22861,1.2855351633767276
22862,-114.44445131799279
22863,-28.474354578778957
22864,-28.474354578778957
22865,-22.945688220518377
22866,-27.084538331465943
22867,-27.813469460430007
22868,-21.85639881946011
22869,-19.1968223858088
22870,-6.9943908495605
22871,-7.845266095437853
22872,-8.811546005872282
22873,-8.811546005872282
22874,-13.554428162244484
22875,-22.484586198576594
22876,-33.11661036652962
22877,-48.25937182947234
22878,-39.22933305929877
22879,-36.106182474345665
22880,-35.06883886370449
22881,-42.02213462763985
22882,-21.15359719800425
22883,-25.815835160973997
22884,-25.174009813677625
22885,-38.45242889687743
22886,-27.879152036550032
22887,-27.879152036550032
22888,-27.879152036550032
22889,-32.208441196502406
22890,-20.682895485601087
22891,-20.682895485601087
22892,-20.682895485601087
22893,-20.682895485601087
22894,-14.740994635217936
22895,2.8080825374721714
22896,0.33283784198426325
22897,-0.3913860449680861
22898,-2.5817195443036414
22899,5.084472342337435
22900,5.084472342337435
22901,-6.481051300717583
22902,-6.253954219404362
22903,-10.033652509669844
22904,-10.682846512277267
22905,-11.852527890585142
22906,-19.9539794430382
22907,-12.647814087108964
22908,-16.867010054186224
22909,-12.017042920422767
22910,-22.765810862698462
22911,-17.38323340887446
22912,-26.304352872327275
22913,-15.262681900509522
22914,-12.20995316264454
22915,1.5427374209397415
22916,21.073435022362567
22917,20.845869819119166
22918,-7.176214161038672
22919,12.758500408839877
22920,23.25017243372796
22921,23.25017243372796
22922,23.979103562692025
22923,24.586842317852142
22924,24.586842317852142
22925,19.078682049523334
22926,33.43856990942893
22927,23.694816860362042
22928,27.206739527911612
22929,24.672075900761033
22930,24.53695785527662
22931,26.770763964107267
22932,28.41772675893752
22933,28.41772675893752
22934,29.271487218908
22935,7.009315294210887
22936,4.462814395852927
22937,5.895524143168669
22938,7.030679789592251
22939,7.030679789592251
22940,7.030679789592251
22941,7.030679789592251
22942,8.491375514287423
22943,8.491375514287423
22944,8.491375514287423
22945,8.491375514287423
22946,8.491375514287423
22947,9.491397396702892
22948,7.382777896589695
22949,7.382777896589695
22950,7.255740679552322
22951,7.255740679552322
22952,7.255740679552322
22953,5.147152853711799
22954,8.034503599038127
22955,9.43035486095774
22956,8.75291909911767
22957,4.093388221935713
22958,-6.396385017286225
22959,-22.91576426968458
22960,-26.32141296939066
22961,-28.009970088202415
22962,-28.73890121716648
22963,-25.5719149849661
22964,-23.964345494349118
22965,-15.824016410174682
22966,-3.8542412639551427
22967,-9.476416605840216
22968,-9.17460829696529
22969,-19.493630678823514
22970,-22.437331471867555
22971,-51.146509632660134
22972,-61.53533519978488
22973,-69.57462153897345
22974,-52.30865422255184
22975,-24.502096097725797
22976,-60.37462705048877
22977,-57.81843776758214
22978,-42.36375758872374
22979,-51.94055972104641
22980,-60.59390498746688
22981,-60.59390498746688
22982,-56.35689894357393
22983,-301.8463413140056
22984,-417.18804704025325
22985,-417.18804704025325
22986,-404.6577188731943
22987,-404.6577188731943
22988,-405.18005807313943
22989,-405.18005807313943
22990,-400.6721988162787
22991,-400.6721988162787
22992,-54.81112640394237
22993,-45.412430372861316
22994,-41.92071598082082
22995,-41.92071598082082
22996,-42.21650063764778
22997,-7.201169777403394
22998,-9.969714364694825
22999,-12.40833602061641
23000,-12.99650417513168
23001,-28.96242878950901
23002,-25.5357041855805
23003,-23.906360283373548
23004,-23.85174356292104
23005,-16.545578206991788
23006,-42.033763536487484
23007,-25.41441657989069
23008,-18.089091674409477
23009,-6.759383663173607
23010,-8.906632066539489
23011,-7.560483570709111
23012,-7.1669513211033
23013,-13.878277962814941
23014,-35.49994615906604
23015,-31.785331126726035
23016,-28.84092073871514
23017,-52.80213842863009
23018,-26.745698435669517
23019,-26.23217372182126
23020,-26.407399533985522
23021,-36.41914460843243
23022,-25.927074324643502
23023,-24.914460685822444
23024,-27.103708099860977
23025,-23.591785432311426
23026,-12.107135867224198
23027,-11.95614369037343
23028,-11.95614369037343
23029,-11.95614369037343
23030,-11.95614369037343
23031,-11.95614369037343
23032,-11.95614369037343
23033,-11.95614369037343
23034,-6.161831893224675
23035,-9.647519118845418
23036,-9.647519118845418
23037,-9.647519118845418
23038,0.8498163884348582
23039,0.8498163884348582
23040,3.822248790384944
23041,3.822248790384944
23042,3.822248790384944
23043,3.822248790384944
23044,4.6172268985300695
23045,5.027296802809491
23046,4.900259585772116
23047,4.749267408921349
23048,4.749267408921349
23049,4.749267408921349
23050,2.1994200581755683
23051,2.1994200581755683
23052,2.1994200581755683
23053,0.9690050489444819
23054,-14.193595681001192
23055,-18.83612356107919
23056,-14.01499013017199
23057,-10.252037183921821
23058,-2.7336508618406192
23059,-10.554497469097676
23060,-9.891204503860182
23061,-10.23646269661575
23062,-4.3468885026863555
23063,-1.5850904552174594
23064,1.5679595030539382
23065,-8.601868812952016
23066,-14.319787663589391
23067,-32.31081019753482
23068,-41.91412457215235
23069,-43.70222213102502
23070,-35.56026740144986
23071,-53.51564183382182
23072,-40.041600039851424
23073,-37.48541075694481
23074,-24.368666640082353
23075,-24.368666640082353
23076,-33.317796563329814
23077,-33.022011906502854
23078,-29.206967773969698
23079,-48.460199208125175
23080,-44.737746432267706
23081,-23.82044159352093
23082,63.22742962510118
23083,164.22258287938894
23084,164.22258287938894
23085,164.22258287938894
23086,50.04991189518759
23087,0.983128331403242
23088,4.29689660215919
23089,-12.677995593053032
23090,-13.414542149946898
23091,-11.468041838317582
23092,-16.662949786196346
23093,-21.36684999105991
23094,-10.348796316391638
23095,-13.37558612682849
23096,-7.4596339735343005
23097,-11.412904111548885
23098,-22.11679825398757
23099,-19.88793113842663
23100,-19.894341771520203
23101,-14.433590385092545
23102,-43.75044426402673
23103,-27.17075913994308
23104,-24.240328571197374
23105,-18.191765933433505
23106,-9.1740037139768
23107,-9.1740037139768
23108,-8.780471464370988
23109,-14.826396584674184
23110,-34.99449929245117
23111,-28.023127617374897
23112,-25.363948378921535
23113,-23.68911463909899
23114,-26.586735833905387
23115,-24.063194841570986
23116,-25.275824600349676
23117,-27.356575602090878
23118,-24.795499391007656
23119,-25.548625391071784
23120,-25.548625391071784
23121,-22.036702723522232
23122,-13.025126745234688
23123,-13.025126745234688
23124,-10.401060981584235
23125,-10.401060981584235
23126,-10.401060981584235
23127,-10.401060981584235
23128,-10.401060981584235
23129,-10.401060981584235
23130,-5.853317556579679
23131,-5.853317556579679
23132,-5.853317556579679
23133,-6.865931195400737
23134,3.7356539329175833
23135,1.2625803461178977
23136,1.2625803461178977
23137,0.8498163884348582
23138,4.6172268985300695
23139,4.6172268985300695
23140,4.6172268985300695
23141,4.6172268985300695
23142,5.887011904551984
23143,5.736019727701216
23144,5.736019727701216
23145,7.082497081383457
23146,4.5326497306376785
23147,4.5326497306376785
23148,5.142208578853505
23149,3.911793569622419
23150,-5.3427332933997596
23151,-16.849726256876895
23152,-18.67136877379794
23153,-13.462970493578919
23154,-18.33075173349055
23155,-18.956879800511516
23156,-10.877848290539013
23157,-10.120642373783094
23158,-2.698735247951418
23159,-1.3452127928598068
23160,-4.527734044248024
23161,-6.666675191206246
23162,-21.47333785418869
23163,-22.495782702809553
23164,-42.065116749003124
23165,-46.91028256457729
23166,-40.4001687773456
23167,-37.389298311878996
23168,-38.54914848418976
23169,-38.54914848418976
23170,-23.699747393588392
23171,-23.083570370245866
23172,-23.481494172677756
23173,-37.727957460692274
23174,-46.739023437991975
23175,-26.429769153934586
23176,-28.95909001036183
23177,-28.858712721776488
23178,-20.25921934942765
23179,-19.96343469260069
23180,-19.44109549265553
23181,-19.44109549265553
23182,-11.210783459937296
23183,-11.210783459937296
23184,-14.458362498399921
23185,-12.02941893055803
23186,-15.153291289249765
23187,-16.935731805543124
23188,-0.8986940158669783
23189,-5.893504954695192
23190,-12.731546417808316
23191,-5.794042960819505
23192,-9.796140511229721
23193,-14.129496349554843
23194,-19.780318383343282
23195,-19.250302062500033
23196,-14.433590385092545
23197,-14.433590385092545
23198,-34.34269241209721
23199,-27.17075913994308
23200,-18.704571554524094
23201,-14.878549730162833
23202,-9.1740037139768
23203,-9.171672242628963
23204,-10.547413977051585
23205,-15.54170146657003
23206,-31.849763360518065
23207,-15.502069866704817
23208,-9.244804986579162
23209,-9.244804986579162
23210,-8.515873857615098
23211,-7.908135102454982
23212,-7.908135102454982
23213,-12.68599414430489
23214,-10.537681890904713
23215,-10.207292317972904
23216,-10.313204160660156
23217,-8.36589823582333
23218,-1.366879612895047
23219,-1.313897561332068
23220,-1.313897561332068
23221,-1.313897561332068
23222,-0.984130797125794
23223,-0.984130797125794
23224,-0.984130797125794
23225,-0.984130797125794
23226,1.7056246933576544
23227,1.7056246933576544
23228,2.862998939870794
23229,2.862998939870794
23230,13.048663805890172
23231,13.048663805890172
23232,13.048663805890172
23233,13.048663805890172
23234,13.048663805890172
23235,11.504513504061627
23236,11.504513504061627
23237,11.504513504061627
23238,11.377476287024255
23239,11.377476287024255
23240,11.377476287024255
23241,11.377476287024255
23242,8.827628936278476
23243,6.719041110437954
23244,9.873961831987842
23245,10.187697124585299
23246,0.7887133865672984
23247,-1.1622897891309063
23248,-16.64823264408527
23249,-18.080198216556283
23250,-21.84798244412818
23251,-19.307124278948766
23252,-17.718664798630968
23253,-10.877848290539013
23254,-6.214821765179962
23255,-4.345698042781669
23256,-6.245310236301253
23257,-1.3452127928598068
23258,-1.0434044839848795
23259,-6.403849333168417
23260,-11.362426865843108
23261,-19.250812610423107
23262,-22.770919070377463
23263,-32.66501727951748
23264,-35.739132136975556
23265,-36.91726971022467
23266,-11.952125281344765
23267,-11.952125281344765
23268,-21.069318040279803
23269,-22.090869343974422
23270,-13.813007524587096
23271,-12.663036876699085
23272,-12.663036876699085
23273,-12.663036876699085
23274,-4.545986760562835
23275,-4.545986760562835
23276,-8.176741330739292
23277,-8.176741330739292
23278,-3.456979784158245
23279,-4.449846135364856
23280,-4.449846135364856
23281,-7.511805033130788
23282,-8.591631178005914
23283,-8.591631178005914
23284,-2.0943734322920613
23285,-1.985954594164922
23286,-9.240767756453456
23287,-13.636678234916111
23288,-12.210151732863675
23289,-10.172542736879826
23290,-10.073778746510959
23291,-12.714224601883473
23292,-12.714224601883473
23293,-8.939091652713536
23294,-33.01124080490947
23295,-20.0014440561016
23296,-11.218554467817642
23297,-7.313981645191542
23298,-10.61203805426605
23299,-10.975711721416157
23300,-13.517465512128801
23301,-26.86420017905844
23302,-29.443737900502914
23303,-31.156059055494396
23304,-23.52024770115357
23305,-22.84589723819504
23306,-22.84589723819504
23307,-22.84589723819504
23308,-22.84589723819504
23309,-23.16067119513153
23310,-17.500436274181784
23311,-16.31033626610088
23312,-17.14395246125981
23313,-17.14395246125981
23314,-7.404354760422118
23315,-6.4317424285504
23316,-6.4317424285504
23317,-11.346936732013567
23318,-3.9351348173093688
23319,-11.56980957697332
23320,-8.572737004141226
23321,-8.572737004141226
23322,-4.9976059110083835
23323,-4.9976059110083835
23324,-4.9976059110083835
23325,-4.9976059110083835
23326,5.603979217309937
23327,5.603979217309937
23328,5.603979217309937
23329,5.603979217309937
23330,5.603979217309937
23331,5.603979217309937
23332,5.603979217309937
23333,5.603979217309937
23334,5.476942000272564
23335,5.476942000272564
23336,5.476942000272564
23337,5.476942000272564
23338,1.9403423307469163
23339,2.927094649526784
23340,1.9403423307469163
23341,1.9403423307469163
23342,0.36110572171423583
23343,1.3478580404941036
23344,-12.920121871674358
23345,-10.038268272365412
23346,-3.9092510597459573
23347,-2.8966374209248986
23348,-1.1885771133470642
23349,0.4292332073795324
23350,4.579884139111061
23351,3.6393472894326098
23352,3.712906933001036
23353,6.84212561003726
23354,5.611710600806174
23355,-7.08968191097794
23356,-21.094244729534182
23357,-31.653448817931775
23358,-40.31972560500095
23359,-41.94824786960391
23360,-44.50533496847383
23361,-47.80299793137637
23362,-42.32984610224585
23363,-44.48695574270756
23364,-44.203481238308065
23365,-46.69651834126932
23366,-36.12324148094193
23367,-36.12324148094193
23368,-50.64325024149592
23369,-50.64325024149592
23370,-26.703228881535185
23371,-49.38961362516267
23372,-49.38961362516267
23373,-75.3053099899075
23374,-53.264604223144275
23375,-53.264604223144275
23376,-30.5782194795168
23377,-26.18972251581102
23378,-28.183117528231715
23379,-28.183117528231715
23380,-29.992659411159547
23381,-29.504146505297204
23382,-22.11947927250307
23383,-20.06278407147249
23384,-20.30514575622438
23385,-18.868508401411493
23386,-28.633435642445683
23387,-14.183008163052666
23388,-3.0601128318442066
23389,-8.257354243248455
23390,-26.03158806239512
23391,-26.03158806239512
23392,-11.452109840618853
23393,-8.615017977210291
23394,-6.1506217765384354
23395,-6.743471181266877
23396,-6.06132850602642
23397,-22.97682307068214
23398,-27.6959416066093
23399,-35.90464699610968
23400,-24.439564278350392
23401,-21.81549851469994
23402,-21.81549851469994
23403,-21.81549851469994
23404,-20.974218883917892
23405,-20.974218883917892
23406,-18.825906630517707
23407,-18.825906630517707
23408,-18.825906630517707
23409,-18.825906630517707
23410,-9.55978135080219
23411,-9.55978135080219
23412,-9.55978135080219
23413,-9.55978135080219
23414,-9.55978135080219
23415,-9.55978135080219
23416,-9.55978135080219
23417,-9.55978135080219
23418,-5.012037925797632
23419,-5.012037925797632
23420,-5.012037925797632
23421,-5.012037925797632
23422,-7.033062901715003
23423,-7.033062901715003
23424,-7.033062901715003
23425,-7.033062901715003
23426,-7.033062901715003
23427,-7.033062901715003
23428,-7.033062901715003
23429,-7.033062901715003
23430,-5.941892470671163
23431,-5.941892470671163
23432,-5.4058932660237575
23433,-5.4058932660237575
23434,-7.124147913011419
23435,-7.124147913011419
23436,-7.124147913011419
23437,-7.124147913011419
23438,-6.003916440392582
23439,-6.003916440392582
23440,-13.295167472918333
23441,-9.73697159781175
23442,-3.9910416528456687
23443,-1.6634639067143169
23444,-2.0681918831448693
23445,-0.45038156241827054
23446,3.750380498611549
23447,6.033867043585684
23448,6.417233916651331
23449,-1.5494143919777716
23450,-20.358728568820926
23451,-27.160265080678684
23452,-46.35671701231361
23453,-46.9088838808125
23454,-45.26319224691537
23455,-58.539949345427736
23456,-58.724866037485114
23457,-73.7712270626429
23458,-221.90526455529653
23459,-196.20736425052132
23460,-136.07767268627632
23461,-149.71226188952542
23462,-8.784838643860493
23463,-164.16968698960144
23464,-218.12266330344545
23465,-218.12266330344545
23466,-198.1520949578457
23467,-196.92167994861458
23468,-196.92167994861458
23469,-196.92167994861458
23470,-239.04278488892004
23471,-264.74068519369536
23472,-147.11596674343477
23473,8.268881602306164
23474,-51.69746596537503
23475,-56.026755125327384
23476,-57.836297008255215
23477,-35.44615759455528
23478,-35.71316175245455
23479,-31.69405727096494
23480,-31.70976223961152
23481,-29.18034132999486
23482,-32.836469523977385
23483,-25.245313159197128
23484,-4.939225905750304
23485,-4.939225905750304
23486,-25.913532093976702
23487,-25.913532093976702
23488,-11.183061695349673
23489,-2.255557750201338
23490,-10.003238458424338
23491,-10.596087863152777
23492,-10.8560863616605
23493,-23.008081640274682
23494,-31.290074969799736
23495,-39.751737067380596
23496,-23.401255730227145
23497,-21.53434900659635
23498,-21.53434900659635
23499,-21.53434900659635
23500,-21.53434900659635
23501,-21.53434900659635
23502,-20.999875138387385
23503,-20.999875138387385
23504,-20.999875138387385
23505,-20.999875138387385
23506,-14.071380758615074
23507,-14.071380758615074
23508,-14.071380758615074
23509,-14.071380758615074
23510,-14.071380758615074
23511,-14.071380758615074
23512,-14.071380758615074
23513,-14.071380758615074
23514,-12.42708792307232
23515,-12.42708792307232
23516,-12.839851880755358
23517,-12.839851880755358
23518,-1.3633437415211058
23519,-1.3633437415211058
23520,-1.3633437415211058
23521,-1.3633437415211058
23522,-1.3633437415211058
23523,-0.376591422741238
23524,-0.376591422741238
23525,-0.376591422741238
23526,-0.5036286397786108
23527,-0.5036286397786108
23528,-0.5036286397786108
23529,0.468983692093108
23530,-1.8579908136929202
23531,-1.8579908136929202
23532,-1.8579908136929202
23533,-1.8579908136929202
23534,-19.909986971746875
23535,-17.287765087330506
23536,-31.617880555848615
23537,-31.077940986232107
23538,-42.83422264528331
23539,-42.83422264528331
23540,-35.53100350848304
23541,-22.644788252092177
23542,-13.079181817458805
23543,-14.305729486029147
23544,-17.68224383688067
23545,-16.37135868735686
23546,-20.54260825619218
23547,-23.360605634805033
23548,-28.25692867976547
23549,-40.16609836005374
23550,-30.2935293410614
23551,-47.54836475775695
23552,-49.40311121717865
23553,-57.00956050918656
23554,-38.4283611916041
23555,-28.512517802002794
23556,-28.512517802002794
23557,-37.66901390842594
23558,-30.093407695364697
23559,-28.495219313215305
23560,-28.495219313215305
23561,-26.021428569964648
23562,-15.493923122216424
23563,-15.493923122216424
23564,-15.891846924648318
23565,-18.61308557396702
23566,-29.698262325886038
23567,-29.698262325886038
23568,-11.383987667787551
23569,-11.383987667787551
23570,-10.986063865355657
23571,-13.542253148262287
23572,-12.369596037189444
23573,-13.609571046869869
23574,-11.711040093043566
23575,-33.29713220388813
23576,-22.79305906411875
23577,-21.30850764188799
23578,-25.775884262107645
23579,-19.087271392626945
23580,-19.154589821015573
23581,-14.30462268725212
23582,-31.117399478092096
23583,-23.79261256132118
23584,-20.842893927093012
23585,-13.288463562992789
23586,-11.572461552894044
23587,-10.998843856242832
23588,-19.13446445555755
23589,-38.51680337983856
23590,-52.874161358192296
23591,-39.49576593481095
23592,-39.134746083892615
23593,-40.10735841576436
23594,-40.10735841576436
23595,-26.673541406012408
23596,-26.233250847806108
23597,-27.06686704296504
23598,-24.918554789564855
23599,-24.84371034257055
23600,-24.060525354658996
23601,-20.54860268710945
23602,-8.785288783031902
23603,-7.812676451160185
23604,-7.812676451160185
23605,-7.812676451160185
23606,-6.958915991189701
23607,-6.958915991189701
23608,-6.958915991189701
23609,-6.958915991189701
23610,-0.7766900180195888
23611,-0.7766900180195888
23612,-0.7766900180195888
23613,-0.7766900180195888
23614,0.2051650077496045
23615,0.2051650077496045
23616,0.2051650077496045
23617,0.2051650077496045
23618,0.2051650077496045
23619,1.2234032014048246
23620,1.2234032014048246
23621,1.2234032014048246
23622,3.898455932943104
23623,3.898455932943104
23624,3.898455932943104
23625,3.898455932943104
23626,-0.7599792436432015
23627,2.0319362613215963
23628,1.0142438778029799
23629,0.22859677820855046
23630,-13.085164744891918
23631,-2.4239383029025943
23632,-20.737260537810386
23633,-29.137629175163845
23634,-31.79421525347384
23635,-33.38223908620227
23636,-31.674178778624427
23637,-50.59307955102068
23638,-41.0274731163873
23639,-40.76447188345584
23640,-42.15578608473741
23641,-39.752144240315566
23642,-41.465080746210106
23643,-36.2567787407828
23644,-45.40749523759499
23645,-53.8488544755381
23646,-68.90238742598422
23647,-66.34916308869012
23648,-66.34916308869012
23649,-59.513247854731794
23650,-48.011174629450466
23651,-49.450948407500455
23652,-49.450948407500455
23653,-46.894759124593826
23654,-35.61491584932009
23655,-37.5549281088842
23656,-35.61491584932009
23657,-134.09877169717998
23658,-122.57322598627876
23659,-121.1920959238143
23660,-121.1920959238143
23661,-144.1086708023885
23662,-20.549555086372678
23663,-23.105744369279314
23664,-23.105744369279314
23665,-25.364263579641985
23666,-25.364263579641985
23667,-27.80288523556356
23668,-29.700814050143
23669,-31.353601015744765
23670,-37.14229514633897
23671,-24.442257436344402
23672,-27.05867158859907
23673,-24.018885850071612
23674,-23.663041113240304
23675,-19.65835609362342
23676,-21.41229914935546
23677,-19.442257691839334
23678,-18.554743667412307
23679,-13.729765077226737
23680,-11.856614958207311
23681,-6.398705970647963
23682,11.856511224059062
23683,17.88806346150838
23684,7.646459497014205
23685,-27.141174804831675
23686,-7.713800629612698
23687,6.034087230561858
23688,15.047885157022625
23689,8.422956425357713
23690,8.422956425357713
23691,6.76301835952592
23692,7.370757114686032
23693,12.817978911859283
23694,18.611353901058706
23695,13.47369324287553
23696,13.008439481606985
23697,16.520362149156547
23698,11.810042093960696
23699,17.952233592853542
23700,17.952233592853542
23701,0.46476516295657266
23702,-0.004292228442299484
23703,-0.004292228442299484
23704,-0.004292228442299484
23705,-2.636873750047031
23706,0.6068697222170778
23707,0.6068697222170778
23708,0.6068697222170778
23709,0.6068697222170778
23710,10.919439395020234
23711,10.919439395020234
23712,10.919439395020234
23713,10.919439395020234
23714,10.919439395020234
23715,10.919439395020234
23716,10.919439395020234
23717,10.919439395020234
23718,8.68381435214234
23719,9.56501296256722
23720,10.887830813936574
23721,10.887830813936574
23722,10.323295915832123
23723,10.323295915832123
23724,10.323295915832123
23725,9.036772754630952
23726,-1.6636397843654684
23727,4.069599552931208
23728,-14.343423021298829
23729,-24.966488230320522
23730,-33.0472739678615
23731,-34.373900848895474
23732,-34.373900848895474
23733,-35.72004934472585
23734,-25.422976367029335
23735,-17.80407725916261
23736,-19.201969720639838
23737,-20.5932839219214
23738,-15.312293385785686
23739,-15.312293385785686
23740,-15.245527890754175
23741,-18.51748079608546
23742,-19.183285584524057
23743,-24.823531719719718
23744,-39.07482530866021
23745,-41.39589915916042
23746,-26.241253848379102
23747,-33.401965085341516
23748,-29.503101215539285
23749,-29.503101215539285
23750,-14.6493666284626
23751,-23.766559387397646
23752,-23.766559387397646
23753,-13.912970632685276
23754,-5.795920516549038
23755,-15.0866249100955
23756,-16.375275918129063
23757,-15.85293671818391
23758,-11.345077461323148
23759,-10.9116943121438
23760,-4.995742158849609
23761,-4.995742158849609
23762,-12.564481277745568
23763,-15.359890419984197
23764,-11.616784629231693
23765,-14.645358649509722
23766,-19.271333376801216
23767,-14.635912533726682
23768,-15.747830339369047
23769,-6.774449595919274
23770,-16.870364217774174
23771,-12.7073170925829
23772,-14.81590491842342
23773,-12.18332339681869
23774,-25.092237814118892
23775,-31.64681562822752
23776,-30.239015990434385
23777,-28.15500676328446
23778,-25.8653870565345
23779,-25.8653870565345
23780,-38.62723720366936
23781,-44.164906917211816
23782,-51.33984888277397
23783,-40.60355447151144
23784,-40.60355447151144
23785,-40.60355447151144
23786,-39.97742640449047
23787,-27.272540523702588
23788,-25.116566517752368
23789,-26.93693503169117
23790,-22.968254264352183
23791,-25.600835785956914
23792,-22.673469373072848
23793,-19.161546705523296
23794,-8.231848996604684
23795,-7.259236664732964
23796,-9.065465191763616
23797,-8.092852859891893
23798,-7.239092399921412
23799,-8.211704731793132
23800,-10.50369148423473
23801,-10.50369148423473
23802,-6.658716342349886
23803,-6.658716342349886
23804,-7.64546866112975
23805,-7.64546866112975
23806,2.0832597696762534
23807,2.0832597696762534
23808,2.0832597696762534
23809,1.2882816615311263
23810,1.2882816615311263
23811,-1.684150740418958
23812,-1.2713867827359184
23813,-1.2713867827359184
23814,-1.398423999773292
23815,1.0746495870263923
23816,1.0746495870263923
23817,1.0746495870263923
23818,-1.4751977637193883
23819,-1.4751977637193883
23820,-1.065127859439969
23821,-3.5416653396272815
23822,-12.497573737960264
23823,-14.141095951368746
23824,-19.438863023616346
23825,-18.132208185340232
23826,-14.922652452249062
23827,-15.548780519270027
23828,-13.840720211692194
23829,-15.186868707522567
23830,-8.72137591259822
23831,-6.458518031372168
23832,-4.366652021673811
23833,-4.776721925953232
23834,-8.797601057395806
23835,-21.923736875595143
23836,-38.87657699038348
23837,-60.844183366143135
23838,-53.734047891509995
23839,-64.43787689260007
23840,-85.10259096602694
23841,-140.9169646477187
23842,96.72299742572847
23843,56.51974876577224
23844,26.82655018842012
23845,26.115953601752224
23846,-46.45929353326861
23847,-47.812168710755486
23848,-47.812168710755486
23849,-47.812168710755486
23850,-32.31497851237397
23851,-33.59050184691999
23852,13.065043073359922
23853,-21.386642633163127
23854,-48.31027195413924
23855,-94.79560017157036
23856,-94.79560017157036
23857,-111.90052519902869
23858,-50.61843535422593
23859,-36.6682338092841
23860,-63.159106944725785
23861,-74.70161094331257
23862,-69.95591148996093
23863,-56.7988350226128
23864,-45.1518534572545
23865,-25.317575322923187
23866,-31.34252028158117
23867,-13.989577877478016
23868,-25.65319903680155
23869,-19.96045134544035
23870,-37.07503334135544
23871,-34.28720786658742
23872,-26.851396860276022
23873,-26.773331270662506
23874,-21.985889182252222
23875,-21.985889182252222
23876,-28.767313897666266
23877,-0.8794606891895802
23878,-7.705371965127694
23879,7.345271563643421
23880,12.03019630959135
23881,11.086633576658976
23882,10.082854423939779
23883,10.082854423939779
23884,10.432771989284085
23885,10.432771989284085
23886,12.581084242684272
23887,12.581084242684272
23888,13.28841819059877
23889,15.35569154863944
23890,24.655304457488384
23891,24.655304457488384
23892,-6.290645112620712
23893,-6.290645112620712
23894,-17.04666346251832
23895,-17.04666346251832
23896,-18.997695818698066
23897,-18.997695818698066
23898,-15.678642672309595
23899,-15.678642672309595
23900,-15.678642672309595
23901,-15.678642672309595
23902,-14.7946754170381
23903,-13.77312411334348
23904,-13.77312411334348
23905,-13.77312411334348
23906,-13.77312411334348
23907,-11.19965416067094
23908,-15.66690989406321
23909,-15.66690989406321
23910,-15.793947111100582
23911,-15.793947111100582
23912,-14.357456939699105
23913,-14.357456939699105
23914,-16.07571158668676
23915,-16.07571158668676
23916,-16.07571158668676
23917,-18.55224906687408
23918,-24.067767264035666
23919,-30.171456267934676
23920,-30.062987440764918
23921,-30.942910746579745
23922,-14.273507359101215
23923,-15.548780519270027
23924,-15.548780519270027
23925,-13.840720211692194
23926,-7.319757920024405
23927,-4.554622137774355
23928,-5.09062134242176
23929,-5.09062134242176
23930,-5.674256577472051
23931,-4.517644198524578
23932,-8.397033004371513
23933,-15.130605810065854
23934,-20.135214981012922
23935,-34.95467910080045
23936,-55.69731151999347
23937,-57.77871746893104
23938,-29.88745297913813
23939,-30.28537678157002
23940,-41.09000512151918
23941,-47.544067695278876
23942,-43.229205603265456
23943,-97.42187443484966
23944,-100.1600094513867
23945,-100.1600094513867
23946,-89.19624608431137
23947,-89.19624608431137
23948,-89.19624608431137
23949,-33.43369326197514
23950,-28.925834005114357
23951,-33.5666559137094
23952,-35.63237811244079
23953,-38.374723981144456
23954,-38.00085895933394
23955,-61.31153778830896
23956,-31.68684996239685
23957,-17.804044175260294
23958,-23.44152083416435
23959,-22.967735646187155
23960,-19.363045461492636
23961,-15.092420789859636
23962,-18.53079628739394
23963,-19.24215442480275
23964,-17.258278393795525
23965,-13.095231268604246
23966,-37.167380420800164
23967,-26.297024123795005
23968,-15.37469408370835
23969,-11.470121261082248
23970,-11.302305029216594
23971,-11.715068986899633
23972,-28.984418432711216
23973,-29.406804946024952
23974,-53.757985334747445
23975,-27.314000640344027
23976,-27.314000640344027
23977,-28.604922075749336
23978,-28.604922075749336
23979,-28.604922075749336
23980,-28.604922075749336
23981,-30.370661714634522
23982,-24.710426793684785
23983,-24.710426793684785
23984,-23.520326785603892
23985,-24.964976095112775
23986,-15.698850815397249
23987,-15.960622596229523
23988,-12.988190194279442
23989,-12.193212086134315
23990,-12.193212086134315
23991,-11.206459767354447
23992,-11.206459767354447
23993,-11.206459767354447
23994,-5.6861040104781635
23995,-8.309311561499735
23996,-8.309311561499735
23997,-8.309311561499735
23998,5.43299563957467
23999,5.820909815596019
24000,5.820909815596019
24001,5.820909815596019
24002,5.820909815596019
24003,5.820909815596019
24004,5.214473522439131
24005,5.214473522439131
24006,5.087436305401757
24007,5.087436305401757
24008,5.087436305401757
24009,6.105674499056975
24010,3.4048349714604282
24011,3.4048349714604282
24012,5.945527968341614
24013,3.4048349714604282
24014,2.7440004460415914
24015,4.366291359308934
24016,-9.09886840638426
24017,-12.473867424616069
24018,-11.017520092561687
24019,-11.017520092561687
24020,-9.309459784983854
24021,-7.54065728740649
24022,3.944075735745334
24023,2.73248407980938
24024,0.619695795800995
24025,-0.7693610305595325
24026,-14.364041149024095
24027,-31.23145540597496
24028,-39.634809481124975
24029,-51.94520119125238
24030,-44.26513253904791
24031,-51.5913481201553
24032,-58.14111236231433
24033,-59.46493245767698
24034,-48.48624863200171
24035,-52.425761637910995
24036,-58.12332261146368
24037,-56.63334600774802
24038,-47.30378745310464
24039,-47.30378745310464
24040,-47.30378745310464
24041,-36.1258959088834
24042,-35.275293798164206
24043,-37.2989973084193
24044,-62.99689761319446
24045,-67.01268577823187
24046,-46.73637901163711
24047,-40.1653101773526
24048,-41.69955764792611
24049,-41.403772991099146
24050,-41.403772991099146
24051,-37.384668509609554
24052,-31.073526557711546
24053,-30.392421604777663
24054,-31.262814304509146
24055,-28.54573085424721
24056,-29.814010454693857
24057,-8.659831710060013
24058,-21.828507114711954
24059,-14.459138015723697
24060,-19.637973887880335
24061,-9.277413691135223
24062,-26.903195768871377
24063,-27.315959726554414
24064,-16.445603429549248
24065,-9.806612684037253
24066,-11.857335125891925
24067,-9.267438972432418
24068,-20.111066049761103
24069,-17.29797724407732
24070,-30.891162243940492
24071,-18.7592324429495
24072,-18.7592324429495
24073,-19.14714661897085
24074,-20.953375146001513
24075,-21.327240167812032
24076,-23.758641796100786
24077,-24.402627727395142
24078,-25.226747875945044
24079,-24.813983918262007
24080,-24.813983918262007
24081,-22.34091033146232
24082,-13.074785051746801
24083,-15.547858638546487
24084,-15.960622596229523
24085,-15.960622596229523
24086,-12.988190194279442
24087,-12.193212086134315
24088,-12.193212086134315
24089,-12.193212086134315
24090,-7.64546866112975
24091,-7.64546866112975
24092,-7.64546866112975
24093,-7.64546866112975
24094,5.99121856630235
24095,5.99121856630235
24096,5.99121856630235
24097,6.977970885082217
24098,6.977970885082217
24099,6.977970885082217
24100,6.977970885082217
24101,6.977970885082217
24102,8.069141316126059
24103,8.069141316126059
24104,8.069141316126059
24105,9.041753647997782
24106,6.491906297251998
24107,6.491906297251998
24108,6.491906297251998
24109,6.491906297251998
24110,5.83107177183316
24111,7.6121377698708335
24112,-3.3123289989411764
24113,-5.669089823517763
24114,-6.912210573114899
24115,-6.912210573114899
24116,-0.9431867220819438
24117,0.7648735854958897
24118,8.27225810015188
24119,5.218932966465045
24120,7.812152438853862
24121,7.812152438853862
24122,7.812152438853862
24123,-3.68686967212218
24124,-4.301971431964589
24125,-16.709308460523108
24126,-36.48811976953023
24127,-43.03987410984496
24128,-45.76535221032021
24129,-49.3592071938453
24130,-36.98291440681804
24131,-39.69999785707997
24132,-40.38074556923792
24133,-39.69999785707997
24134,-37.45085796379795
24135,-37.45085796379795
24136,-32.73036492478739
24137,-32.73036492478739
