ID,forecast
0,-0.12824810956980232
1,-0.11489330287629235
2,-0.08910770273630086
3,-0.11825611525814544
4,-0.14434248872340405
5,-0.12158715601564091
6,-0.10716525051893416
7,-0.11246713504371164
8,-0.09983035172316634
9,-0.1082198316431055
10,-0.12284960229925079
11,-0.13641752356999415
12,-0.11040809910873428
13,-0.08487571452917608
14,-0.07712954503395164
15,-0.1180595530837591
16,-0.11345533165318855
17,-0.11731729581244704
18,-0.13508918693831756
19,-0.1203584505843337
20,-0.1196901470574801
21,-0.09122643217133747
22,-0.141299791536161
23,-0.12055667243529355
24,-0.14178712482786188
25,-0.06988236078499765
26,-0.05101783790198067
27,-0.04741300508032864
28,-0.13178010620949776
29,-0.1625128500152616
30,-0.17518130851724173
31,-0.14845755763470347
32,-0.16087868002021966
33,-0.16406648562513204
34,-0.1837056897830402
35,-0.16108281266994517
36,-0.17381121268278427
37,-0.1756245504518621
38,-0.15203010237238834
39,-0.14870750546941602
40,-0.1524535292921535
41,-0.13461345858419582
42,-0.11011667541137399
43,-0.1174110971474599
44,-0.12239237830413996
45,-0.13767631777010897
46,-0.14108432198667464
47,-0.11401138299886843
48,-0.05800352407590237
49,-0.09911741674138907
50,-0.1652257744312306
51,-0.054696270646477085
52,-0.1248916362359001
53,-0.05424039246761991
54,-0.13852786510422466
55,-0.08809189543019552
56,-0.09316176087218614
57,-0.07010104103515563
58,-0.1530976133317946
59,-0.2101371674394351
60,-0.21595325733906823
61,-0.15974893277420932
62,-0.20594532452717657
63,-0.15975179805578554
64,-0.13444364802542946
65,-0.18142945214010103
66,-0.15459981243693316
67,-0.19587328024029965
68,-0.0974645850993981
69,-0.08971940631675368
70,-0.05651835554334761
71,-0.05289800681197809
72,-0.13941491764664493
73,-0.18487457142746944
74,-0.14777124935456626
75,-0.19911323553397997
76,-0.15062058434817283
77,-0.06949807415954756
78,-0.06772900373076063
79,-0.05442492596522086
80,-0.0432151841583156
81,-0.09359125152490028
82,-0.06054327652264524
83,-0.11776847821422576
84,-0.11835225104173669
85,-0.13082976175033123
86,-0.12808225160532338
87,-0.12924411198060504
88,-0.10953015610760902
89,-0.15710629650850294
90,-0.08085783699926596
91,-0.1165667728370971
92,-0.10027503261632842
93,-0.07955415305480817
94,-0.14913640668379646
95,-0.1769872940017284
96,-0.12467677795830534
97,-0.05914416928517935
98,-0.03199676504720195
99,-0.18261081820127678
100,-0.17228555594825729
101,-0.19219701612037604
102,-0.16893997178690967
103,-0.16853705491066628
104,-0.17140439737297336
105,-0.14786633012578582
106,-0.14698090212105036
107,-0.12876057242439826
108,-0.15566356512527785
109,-0.1397525554518978
110,-0.1853223323304251
111,-0.15443937103574557
112,-0.18872435782384167
113,-0.18046016437760987
114,-0.18981734274057777
115,-0.1329110121422744
116,-0.1310036747302663
117,-0.19109476167276152
118,-0.17658087649108145
119,-0.2069832466947289
120,-0.16817145659321775
121,-0.18251452025509857
122,-0.17567276934289866
123,-0.18482727108978486
124,-0.13551296694487164
125,-0.18011994787590235
126,-0.1575960908896576
127,-0.1202694027498496
128,-0.10834312029771992
129,-0.09704472558540733
130,-0.17061316144460364
131,-0.15474689978841466
132,-0.047206092928799515
133,0.019299131676091763
134,0.05527125603097349
135,0.024019275030075393
136,0.02998146696410442
137,0.02231822230735636
138,0.04379111194981733
139,0.011760246797911211
140,-0.06399792002693472
141,-0.13514351468906438
142,-0.10230384746678234
143,-0.08052522727343742
144,-0.1314286847917679
145,-0.12612434005729006
146,-0.14688843089883774
147,-0.16110403438362686
148,-0.12815775119838457
149,-0.11965187661071258
150,-0.13938144417966847
151,-0.1757524609322349
152,-0.19332687010724248
153,-0.21182384752693484
154,-0.1815512782244606
155,-0.1890243039915177
156,-0.2010678868941747
157,-0.20737407541354752
158,-0.22638066018721503
159,-0.2609784530393738
160,-0.25392231641145996
161,-0.26041380547376247
162,-0.25228886376930615
163,-0.2467357349376884
164,-0.2109609741400733
165,-0.23326741592739425
166,-0.24907292532648728
167,-0.2676667614323661
168,-0.25048300634807696
169,-0.2562417279647894
170,-0.2448506155304787
171,-0.24229064378525667
172,-0.20243153471013003
173,-0.1780897467842587
174,-0.16256304561342672
175,-0.23355758284923678
176,-0.16109384287684358
177,-0.12471592088507594
178,-0.20558963562288274
179,-0.1615500973811822
180,-0.19992318969815936
181,-0.18642297298422605
182,-0.1986441744589839
183,-0.1973054493194527
184,-0.17647676417888997
185,-0.18644651565422277
186,-0.21316303455540997
187,-0.15053901286378385
188,-0.11461068550342479
189,-0.1234351021294347
190,-0.1944829038724074
191,-0.199106440094921
192,-0.1974305682148505
193,-0.20685002665326274
194,-0.19834676921470074
195,-0.19634140498813862
196,-0.18853057485528318
197,-0.14635138710103635
198,-0.13972711560876466
199,-0.13997662698577307
200,-0.20498750761085244
201,-0.20649623601504385
202,-0.1759103093598875
203,-0.16576170072755936
204,-0.16592925301251304
205,-0.09832705340195791
206,-0.08909944381855944
207,-0.025083774418173443
208,-0.14814440057454076
209,-0.08984292518908416
210,-0.08874528557278893
211,-0.12213065942148527
212,-0.13335026659929483
213,-0.11679355148936754
214,-0.11193114534067566
215,-0.11985351319331672
216,-0.16390726823387103
217,-0.19296631204956716
218,-0.18808686120251383
219,-0.1725626348322249
220,-0.18132731935750185
221,-0.15083319836171
222,-0.11245988144651037
223,-0.18569150203617213
224,-0.17654285594110564
225,-0.17850711936404207
226,-0.21233066644766257
227,-0.20684924286931705
228,-0.2238556250112782
229,-0.21279314587686032
230,-0.2255232097311981
231,-0.25090318441245496
232,-0.2349680063172993
233,-0.1715613558354664
234,-0.140668219774627
235,-0.16162810927686372
236,-0.21620048656920643
237,-0.24186268896465307
238,-0.20534227340643812
239,-0.1745755988626848
240,-0.08517142312353532
241,-0.12226342721696792
242,-0.1675836789279403
243,-0.18137945198061267
244,-0.14264238288697162
245,-0.09582953395790073
246,-0.021173161977173283
247,-0.056856785962212
248,-0.04041346043163563
249,-0.0523904020647562
250,-0.06685673724016344
251,-0.06995384053707498
252,-0.028970440527401553
253,-0.0005443492137821582
254,-0.013571275759401757
255,-0.026191171880057873
256,-0.14745919762957133
257,-0.054194924794050525
258,-0.08880988291853731
259,-0.015588157685448745
260,-0.07382090266449859
261,-0.12623905399812696
262,-0.068383766262753
263,-0.11478418843458243
264,-0.04587155001299631
265,-0.047296532591480756
266,-0.03671051332413294
267,-0.04347635644332737
268,-0.14022784486606682
269,-0.1448706473800886
270,-0.14950147831616156
271,-0.1341461544037899
272,-0.11128051441680131
273,-0.03711739228667943
274,-0.020384187681612764
275,-0.028101354188354133
276,-0.07230596197453876
277,-0.11454822245281215
278,-0.1568965823941354
279,-0.14738110746621724
280,-0.17684860422617843
281,-0.18448030873784999
282,-0.18671060786152915
283,-0.17560570933066294
284,-0.18746680217558975
285,-0.18276657836395616
286,-0.1693304756238878
287,-0.12329987506815748
288,-0.1428475763915113
289,-0.14626748086174113
290,-0.15698037398334774
291,-0.1618410915358921
292,-0.16553789010633507
293,-0.16682570691880244
294,-0.20378659040027008
295,-0.21945331020499836
296,-0.21430060577309046
297,-0.21068315387611797
298,-0.2021816010271048
299,-0.20189641376334888
300,-0.21990893524033667
301,-0.19792591469427606
302,-0.18656661029142524
303,-0.2065782070000347
304,-0.21302940350291732
305,-0.22127059977395197
306,-0.2015451972470068
307,-0.2022437847754185
308,-0.14059079835344918
309,-0.16365739464052187
310,-0.09607335656270549
311,-0.2556013323158481
312,-0.21817795810033108
313,-0.1675843275808886
314,-0.08627376117015195
315,-0.07759933470020763
316,-0.06346438131763782
317,-0.07132573258618208
318,-0.05562355932668367
319,-0.10279734333800017
320,-0.08310077768749496
321,-0.23043726655346985
322,-0.15385843274692307
323,-0.19429116432410914
324,-0.09181155863293888
325,-0.0345955464341533
326,-0.0766428257521426
327,-0.07043714027644521
328,-0.10751573263843667
329,-0.18952848423105567
330,-0.08392463989737531
331,-0.02835215404686381
332,-0.016474733067325498
333,-0.05133475073685306
334,-0.021786748637945497
335,-0.037365784841768224
336,-0.0384242103252973
337,-0.05384226620461019
338,-0.044731271832012975
339,-0.049056919548150835
340,-0.041759453719088735
341,-0.04307705194300071
342,-0.05658558478601511
343,-0.07164917641465951
344,-0.10128627266043055
345,-0.11884336457976546
346,-0.11375873203378328
347,-0.10913256064694699
348,-0.10057443375397912
349,-0.09754545385627089
350,-0.08215979377986588
351,-0.12078926284390185
352,-0.11433157600572025
353,-0.10257602284615791
354,-0.09414886262498828
355,-0.10797282075500869
356,-0.12835134277937793
357,-0.11376038581777825
358,-0.12448862142659767
359,-0.12117692805764418
360,-0.11290327217276308
361,-0.14755117672965817
362,-0.2500666563570223
363,-0.2526472051979436
364,-0.22443123091657452
365,-0.23414323064851927
366,-0.20570263875664324
367,-0.21130763157576016
368,-0.22215028317004776
369,-0.2251317554412689
370,-0.22286164679692066
371,-0.22657121173011685
372,-0.229243182572257
373,-0.23355656633717242
374,-0.24633647586754454
375,-0.2233410820743647
376,-0.2220642255210875
377,-0.21542305141795765
378,-0.219489812885576
379,-0.19876731749963056
380,-0.1798887185958079
381,-0.1934763211277199
382,-0.22616195692180557
383,-0.2061945747039512
384,-0.17420469696330498
385,-0.19468292842285007
386,-0.18424437871522292
387,-0.1654802668744339
388,-0.18061508543002736
389,-0.22506114570105284
390,-0.1742402995653457
391,-0.16523501351790504
392,-0.18284294358197217
393,-0.17342257205705192
394,-0.1635035610036666
395,-0.14959614340047267
396,-0.15830175484778586
397,-0.2044180570734676
398,-0.16110959772515243
399,-0.14361765509856117
400,-0.1355700860098673
401,-0.1434443418242996
402,-0.1647558207867933
403,-0.13539455939826145
404,-0.16214331797798087
405,-0.16038941165559034
406,-0.2083604970803007
407,-0.18989605625192696
408,-0.14519199663525573
409,-0.1615160741013042
410,-0.1476264440935811
411,-0.15120735032840915
412,-0.19099716015105084
413,-0.20957939224157535
414,-0.22534854948905514
415,-0.217227189781931
416,-0.20666053963138886
417,-0.2521491277885498
418,-0.24812320890154138
419,-0.23233442823025385
420,-0.24318974673339844
421,-0.2547751001377228
422,-0.22431345251056728
423,-0.22977745640191072
424,-0.17172373345754416
425,-0.21958595562847938
426,-0.19283205895308048
427,-0.24099094760149892
428,-0.24267843428882385
429,-0.1799084390057436
430,-0.20930106290981992
431,-0.17830624898345127
432,-0.18271664735390536
433,-0.18708746655636094
434,-0.21939361528536871
435,-0.18942739712200873
436,-0.2158749763942221
437,-0.102179661719346
438,-0.08913029221536767
439,-0.08596646425712162
440,-0.15984867287271742
441,-0.16817609034750325
442,-0.1995909835743112
443,-0.19989219296648286
444,-0.24947972949633507
445,-0.25009065550780074
446,-0.23485079171836248
447,-0.23628430697497832
448,-0.2689533638053204
449,-0.25667721434582325
450,-0.28474932576823153
451,-0.2656629258834592
452,-0.27698056919936753
453,-0.27014056414735166
454,-0.2844186547136947
455,-0.2825808103169102
456,-0.20150962110514203
457,-0.2640860689448998
458,-0.20913081029567715
459,-0.17418742461482173
460,-0.08413887194547726
461,-0.12485716470404812
462,-0.26116754200591336
463,-0.24124475004414847
464,-0.204776712167842
465,-0.13861593774236214
466,-0.3106822881713939
467,-0.26752174467120166
468,-0.25089634510074177
469,-0.16931174249692515
470,-0.17131105223877252
471,-0.19306151667053045
472,-0.17476862740202426
473,-0.14623449296091418
474,-0.1565253884188202
475,-0.18955858990872898
476,-0.2468366980383147
477,-0.1780835128373588
478,-0.19893591092554963
479,-0.16888854952035132
480,-0.14061259889967664
481,-0.2435554346330806
482,-0.2798648799619559
483,-0.2759193817612814
484,-0.27229168184100505
485,-0.28502744580436523
486,-0.29638753808088425
487,-0.2733164302604597
488,-0.2481306984176873
489,-0.27948352118653347
490,-0.28223933836303094
491,-0.2726393640784778
492,-0.29214106825798103
493,-0.2818986771007944
494,-0.2606145804707763
495,-0.27285367277981715
496,-0.26747072500831304
497,-0.27446538301179
498,-0.29050598072266287
499,-0.27638716338525127
500,-0.28331945829872557
501,-0.2765452698730308
502,-0.28818915634119
503,-0.27324781673550425
504,-0.2667300315192319
505,-0.2890079039224424
506,-0.2983523129421004
507,-0.2894811871124389
508,-0.3169342700781888
509,-0.29137052193482516
510,-0.2930863134556299
511,-0.2812799179588231
512,-0.2847064702788614
513,-0.296849019223794
514,-0.2878404481932007
515,-0.26837554693750193
516,-0.2619371730802196
517,-0.26467934720113373
518,-0.263420691719117
519,-0.2679852793120442
520,-0.2473971587076803
521,-0.26243800532364203
522,-0.25116726815157236
523,-0.24663124355439592
524,-0.24951709020302681
525,-0.26052598260411736
526,-0.23349828930963396
527,-0.2583911720346491
528,-0.24967730145368067
529,-0.24921794844170791
530,-0.24109622473321146
531,-0.2471719920792504
532,-0.26188649247049145
533,-0.2367131281091403
534,-0.23498355474380678
535,-0.24162107907720165
536,-0.23021673110835728
537,-0.23409919576695104
538,-0.21189862888861294
539,-0.25406672575513023
540,-0.23239376377925536
541,-0.2374222714660169
542,-0.2407768746124882
543,-0.22773892950772512
544,-0.24253402478363273
545,-0.23752230572538474
546,-0.24796598882480902
547,-0.24891876608521113
548,-0.24464065305905208
549,-0.2411825149832409
550,-0.23875832021537585
551,-0.24794121210902498
552,-0.2361443623921023
553,-0.24998421746430993
554,-0.2563638291402486
555,-0.267307617186325
556,-0.24717624055687998
557,-0.2580017490415063
558,-0.25029295683617087
559,-0.25807163816269935
560,-0.24462578084972725
561,-0.23734523745605096
562,-0.2326619194750421
563,-0.24355871975600601
564,-0.230578515843803
565,-0.235424413489994
566,-0.23685820331394858
567,-0.24138132256345202
568,-0.2465092896790485
569,-0.2267808569331058
570,-0.24317895242320675
571,-0.2513444088553856
572,-0.24974231973898642
573,-0.21933262461997616
574,-0.21845831319222447
575,-0.2144641935221629
576,-0.2330753555488858
577,-0.22931726675903347
578,-0.21912933682683472
579,-0.20870937662127248
580,-0.22706585620784236
581,-0.2301081523000793
582,-0.21710500370533659
583,-0.24178619064106527
584,-0.20758578888467893
585,-0.2365944687766054
586,-0.2346640334276206
587,-0.2282904744690245
588,-0.2395240933374001
589,-0.24177084428966067
590,-0.2162930865431884
591,-0.221015064337019
592,-0.21892076777209246
593,-0.2577232387791685
594,-0.22751461741296586
595,-0.20395920077354845
596,-0.2603025129622615
597,-0.23592917235732702
598,-0.24886718444516892
599,-0.2440361095875439
600,-0.25031200257638314
601,-0.25177993547745764
602,-0.2494262386430176
603,-0.21393588210632164
604,-0.25159312608925066
605,-0.26767470576846686
606,-0.26267999531379127
607,-0.2794178869014151
608,-0.2317223485630145
609,-0.27556073802308134
610,-0.3140372257704819
611,-0.22277445989238387
612,-0.26511389626007603
613,-0.3011853195026273
614,-0.29213882534104796
615,-0.2617365965811928
616,-0.2774373458376702
617,-0.3181566932820817
618,-0.2698312020902202
619,-0.27075515320509147
620,-0.30286947144654136
621,-0.2991707241807669
622,-0.29107599761852926
623,-0.299507263128241
624,-0.2986005363409348
625,-0.24132196623462127
626,-0.2724377925993947
627,-0.15943739898934645
628,-0.25142394244551597
629,-0.24872610259793726
630,-0.22801462291302693
631,-0.267746554858301
632,-0.16264719873822664
633,-0.25272313233857185
634,-0.22120120979458824
635,-0.239649434109113
636,-0.26911659713862723
637,-0.22301168423954854
638,-0.23457077631294626
639,-0.1628395644247999
640,-0.1459626527572967
641,-0.16545704740674055
642,-0.1964726884175555
643,-0.23321457446474914
644,-0.2667168092818969
645,-0.2308646176987964
646,-0.23109715311189305
647,-0.23382079794068938
648,-0.21343407759205246
649,-0.2435934113491084
650,-0.21292012546884226
651,-0.19722907061392214
652,-0.1369238665092904
653,-0.0530238340499567
654,-0.06218990066407348
655,-0.09806392766647754
656,-0.07768114879085075
657,-0.24202346023931087
658,-0.19765291342697233
659,-0.06838717464949318
660,-0.2525254781272593
661,-0.2670015131655824
662,-0.26484150765913483
663,-0.28001680722283456
664,-0.2739316854307547
665,-0.25022546827112435
666,-0.2516778596730724
667,-0.28055971311495176
668,-0.2644168399333206
669,-0.2785680863149138
670,-0.2626847806952013
671,-0.1347907145824413
672,-0.13997734870827322
673,-0.11863094415030817
674,-0.11398788698802054
675,-0.13056373744528493
676,-0.16086955901453964
677,-0.14583398382637436
678,-0.10686638952011207
679,-0.10419253864943351
680,-0.11973618516307416
681,-0.0977140302061178
682,0.002390633418326349
683,-0.02748774934831061
684,0.02078467048031951
685,0.04680984893817397
686,0.013280505563824097
687,0.06311386382421469
688,0.027463058846076804
689,-0.02643172987262571
690,-0.0946284421572905
691,0.06772049526330703
692,0.056852634649219635
693,0.08866682043938068
694,0.04169670139950066
695,0.01308574224420922
696,-0.04058905039254734
697,0.04624287122941706
698,-0.07804392915181124
699,-0.04085968657694583
700,0.010134948061520155
701,0.05662528696702229
702,0.05940794807826144
703,0.14506390927729906
704,0.0995197906559322
705,0.1697826384938429
706,0.101271775090235
707,0.0899451216352336
708,0.06556710273062039
709,0.060942430359727795
710,0.06021967127434813
711,0.034558103292508746
712,0.04455393202468094
713,0.02192134887541397
714,0.023196176961876813
715,0.005275174940657212
716,0.005189590248618314
717,0.02258135230135372
718,0.0496681122143372
719,0.07048872097921755
720,0.074481569834002
721,0.08016649137407961
722,0.12257640290164651
723,0.08940961310127338
724,0.10304204949860218
725,0.15356983577872563
726,0.23493124938448706
727,0.20820964623576477
728,0.1792138796443573
729,0.22326145660127028
730,0.18989891204482068
731,0.23104351765202458
732,0.1970733756968991
733,0.19082325872833972
734,0.24787954417207136
735,0.2150416436054834
736,0.2710471052033331
737,0.17866362727360463
738,0.2527677806069206
739,0.24937499526837326
740,0.28324180379416997
741,0.24584881641609269
742,0.23699130518428357
743,0.23912510222826622
744,0.23859303724717162
745,0.24183127869153842
746,0.185601548225941
747,0.09475912611729398
748,0.1809196580919764
749,0.1594634833644114
750,0.21632064538480278
751,0.20947626364150718
752,0.12510516899597313
753,0.11473085548539563
754,0.2615521121369062
755,0.24823525241120137
756,0.3065532219175028
757,0.31798084092172707
758,0.31712968365686345
759,0.20289210149618353
760,0.26185113470402166
761,0.1909004764610327
762,0.21210733482952393
763,0.2361652697738037
764,0.24655353591125384
765,0.27574135922742005
766,0.27447380649999675
767,0.3041115887597131
768,0.26627188662139334
769,0.26427805456792197
770,0.11564221510970008
771,0.1949885954041065
772,0.2845322594676334
773,0.2945943351846898
774,0.21413293438034353
775,0.2632844648872704
776,0.19911285892574937
777,0.19577536814951535
778,0.23209166702808826
779,0.1920168739772382
780,0.20708415950184889
781,0.23205936763571988
782,0.26938199030967924
783,0.1696400400840934
784,0.18587661721746085
785,0.1665230604681811
786,0.11879745767497663
787,0.22668754055725782
788,0.2094547411746983
789,0.1956797580565146
790,0.15286232852599158
791,0.14494227178846375
792,0.17272846125929098
793,0.22363574278667964
794,0.18671707264269954
795,0.16005335642812135
796,0.17802810769589406
797,0.09412070994855282
798,0.09360434640554449
799,0.1591076106712539
800,0.15970499211191658
801,0.05426636345874791
802,0.13163339949175457
803,0.12950474365887898
804,-0.016627838850365506
805,0.08382075488804053
806,0.10329463866055444
807,-0.013510450145664987
808,0.06973240199624942
809,0.024603414976542837
810,0.01376045437409501
811,0.01732185219920046
812,-0.01424999446773817
813,0.026935567696400375
814,0.02494682645802271
815,0.033701887521629725
816,0.09121488123608668
817,0.09985069963015536
818,0.1018301027395575
819,0.07362574056298021
820,0.08022335364089361
821,0.07546580885416021
822,0.05544322311454841
823,0.058811479618881224
824,0.0766273768906065
825,0.07891982090588678
826,0.11142928346912673
827,0.12248839463023986
828,0.10401717078880157
829,0.13824782170738636
830,0.14733522877358207
831,0.20511889850206744
832,0.24481448028046027
833,0.09011977109389802
834,0.19263152178304999
835,0.12390447154842033
836,0.21107133573063241
837,0.21905706286211557
838,0.25998836755133037
839,0.16137131836206664
840,0.205336836997413
841,0.2060958642221582
842,0.20271144971360233
843,0.13000788410535513
844,0.18507005926270403
845,0.19813911762092384
846,0.2634926513271405
847,0.262088501813903
848,0.2095774078458741
849,0.17342736227303346
850,0.17369146618786557
851,0.003851129591464053
852,0.09357893711089971
853,0.05574213499028757
854,0.0608436216303293
855,0.06755149383713499
856,0.11967073210432111
857,0.1651028859125072
858,0.17199253562449657
859,0.055258351078454004
860,0.1428606149553544
861,0.1865288289594157
862,0.2278429643972737
863,0.1252730254644835
864,0.15444688697992248
865,0.11094154310509563
866,0.10266241485434979
867,0.13856432334214863
868,0.14393268014689475
869,0.1644171236971369
870,0.17904454245672508
871,0.18184142316869822
872,0.1537405093347447
873,0.17353956201943022
874,0.17039460729076494
875,0.1652776996319063
876,0.17420182222070224
877,0.1744836212161115
878,0.17705507465988946
879,0.19218874194890367
880,0.18098453900356004
881,0.16019033320100184
882,0.08386160714304725
883,0.22056114271708993
884,0.18473895625811487
885,0.16989454235522095
886,0.10835174883920717
887,0.12449239901077125
888,0.18641879621017565
889,0.2399434409646416
890,0.14552530267503505
891,0.25764419062871713
892,0.23301544667204932
893,0.2231840799403394
894,0.2745455149597601
895,0.27225481188410516
896,0.27374274421313616
897,0.26295083650077
898,0.2505371401154636
899,0.20158557300949942
900,0.19741561667878615
901,0.19840383087884272
902,0.1922161281674215
903,0.19936224232255317
904,0.15806734908622544
905,0.15266313440738977
906,0.18510984456180968
907,0.14193040139894175
908,0.1745766585398285
909,0.1480517626888116
910,0.15018195913237242
911,0.1598511195932384
912,0.18222905739919715
913,0.1877916069161475
914,0.1762906016289132
915,0.21017521828717067
916,0.19677574883630178
917,0.2461013171971559
918,0.17509103809877824
919,0.17206079602333557
920,0.2582697277449546
921,0.2722316549369227
922,0.2839416027165155
923,0.27997175143133113
924,0.2878843458583348
925,0.2963368065764094
926,0.29028904389347987
927,0.35265151246127824
928,0.35695747801872746
929,0.3264672939264086
930,0.3573568196886321
931,0.3528935646149147
932,0.35411603525496216
933,0.3747271110229816
934,0.38740780776503614
935,0.4039446622363849
936,0.4173636951652009
937,0.3876363117473425
938,0.4064459755363645
939,0.3487440444032004
940,0.38457169507797073
941,0.380615625072919
942,0.3817025358144528
943,0.3333493633529375
944,0.375798719436534
945,0.38817590868303964
946,0.3808680284188005
947,0.28414760929700134
948,0.3500605400207155
949,0.3525217491730903
950,0.3523805223228982
951,0.33384012434289667
952,0.30237239992287823
953,0.28815673211941006
954,0.2895143122841013
955,0.16749665175302764
956,0.21898141193431686
957,0.17229270506950123
958,0.10022668872292184
959,0.05355435642279516
960,0.07497585352263458
961,0.050513492340699906
962,0.09564392531872312
963,0.09132801815904579
964,0.12056428006392661
965,0.12228986477219606
966,0.12913973331033402
967,0.14245200555211956
968,0.15089608710489755
969,0.15041809366314274
970,0.15775871711341172
971,0.14171376224899235
972,0.12941917845081607
973,0.12651347587823014
974,0.11215673313021557
975,0.1164412195869805
976,0.12381151053680717
977,0.16455082495895446
978,0.1204070898388554
979,0.2858639603113641
980,0.3642633913101436
981,0.3987566470234085
982,0.35238741386463723
983,0.3457873510391186
984,0.36366138571396767
985,0.3501828118127802
986,0.3070919287009165
987,0.3384115585439613
988,0.36278581389465125
989,0.3207961653774214
990,0.33725675308036607
991,0.34374159327527987
992,0.33719912150667297
993,0.35507473051595984
994,0.3324905751760502
995,0.3580137397286911
996,0.332516781607606
997,0.37721748612611194
998,0.38072421333388706
999,0.37418372920103615
1000,0.3768785258084242
1001,0.37124015202562277
1002,0.38468878261766226
1003,0.37444632521165866
1004,0.3814501910488802
1005,0.38934972096094567
1006,0.37429948598358254
1007,0.38177993473222327
1008,0.39096298197026713
1009,0.39353663212482615
1010,0.397279603913991
1011,0.4021522730245355
1012,0.3905995365421868
1013,0.38765248320834333
1014,0.3768793727017379
1015,0.3723769063142498
1016,0.36189177876267775
1017,0.35217435432005284
1018,0.33576916345911756
1019,0.3330945241276687
1020,0.32060042820921697
1021,0.3158867137888126
1022,0.3511834342310799
1023,0.35733648009120744
1024,0.3594704570942554
1025,0.33433652685603144
1026,0.32612722511790027
1027,0.3598670426284982
1028,0.33395451207617444
1029,0.3563735599411266
1030,0.37093226452612993
1031,0.3370419332611947
1032,0.38044494674999174
1033,0.3852796517411591
1034,0.3625768125959288
1035,0.324777007962757
1036,0.36156295422741036
1037,0.3708314637967757
1038,0.37831793327436125
1039,0.3472341813944769
1040,0.37925892159061636
1041,0.41944949234183615
1042,0.4159261896596309
1043,0.3898326609658712
1044,0.41066563426814184
1045,0.38840547066671005
1046,0.39030138807342407
1047,0.3856410513041665
1048,0.390874446567978
1049,0.3899931274532691
1050,0.38947172933282714
1051,0.37474953646668574
1052,0.3895065720175971
1053,0.3898423578503355
1054,0.3941124025969813
1055,0.38355530219755796
1056,0.3893880885314307
1057,0.3828744100366889
1058,0.38342843724885967
1059,0.34379423696895195
1060,0.3831146434411925
1061,0.3853909809624445
1062,0.3844933458130969
1063,0.38717557578374695
1064,0.3841208702734603
1065,0.3386401216290533
1066,0.37702710448647725
1067,0.38169897080256354
1068,0.3784795483774245
1069,0.38168363403836025
1070,0.37765691014777336
1071,0.3804443515144905
1072,0.392248892531023
1073,0.3782557959817969
1074,0.3196665249427223
1075,0.4088326206609292
1076,0.4166159808300065
1077,0.38232635215128297
1078,0.3771343085534158
1079,0.3105415242074432
1080,0.36696008117302925
1081,0.3614255230431421
1082,0.32127351757090084
1083,0.34109697380039594
1084,0.33220763025139044
1085,0.337634989647982
1086,0.3402569716692486
1087,0.3444054625289803
1088,0.35073941101519424
1089,0.36551074124821703
1090,0.38127603059849535
1091,0.3818577749033105
1092,0.3875777689513574
1093,0.3899447245255425
1094,0.38561611859689593
1095,0.3958542497450598
1096,0.3981409103959239
1097,0.39777005028494905
1098,0.39804634492945734
1099,0.3867425211475283
1100,0.3879783626598978
1101,0.40582578475427566
1102,0.4077598820668108
1103,0.40931882527969454
1104,0.4127300716438205
1105,0.4112544005328338
1106,0.40892738263154005
1107,0.40652507264250326
1108,0.40591682115754524
1109,0.4094541714623968
1110,0.4021202229185915
1111,0.38970916189116056
1112,0.37861547981188914
1113,0.3827900941518486
1114,0.3713497781275047
1115,0.36648608248540293
1116,0.3732093096889024
1117,0.3714903044829324
1118,0.36191524517092954
1119,0.37182411965644424
1120,0.3817859221904536
1121,0.36942323437189617
1122,0.3678437215732778
1123,0.38367614353182555
1124,0.37752785012095313
1125,0.38610792075138556
1126,0.39122578049476675
1127,0.35201419705298986
1128,0.38342425602743013
1129,0.3910924100758295
1130,0.3911912392061323
1131,0.35767361051098057
1132,0.3665781271279698
1133,0.3952001177451605
1134,0.39764339261425974
1135,0.396523230268909
1136,0.3961089113354147
1137,0.4023422329662226
1138,0.4025017801903672
1139,0.3650460914934506
1140,0.3953719303122243
1141,0.366605796453207
1142,0.3870175176491173
1143,0.357936856033817
1144,0.3956695720081802
1145,0.3991628703022002
1146,0.3898460956262909
1147,0.39339371516743693
1148,0.39465641651938677
1149,0.38743568590647703
1150,0.38269496475534037
1151,0.3503740923035178
1152,0.38439126433441095
1153,0.369473202145603
1154,0.36852902324226233
1155,0.35556987660556116
1156,0.3803791080807042
1157,0.38255654604641476
1158,0.3823984327054619
1159,0.32957901764477704
1160,0.36973601663647704
1161,0.3696102941440653
1162,0.36730823496719345
1163,0.36977060509076076
1164,0.37884549696744296
1165,0.37480880625376756
1166,0.371711589894689
1167,0.3392385959074721
1168,0.3747321037203649
1169,0.3822540800008106
1170,0.3946382251926034
1171,0.3943463894496564
1172,0.39682506303206044
1173,0.3834260418210732
1174,0.37961491568431005
1175,0.37252443747440334
1176,0.3801091192803172
1177,0.3696931036925133
1178,0.3392148124192659
1179,0.3684063038937564
1180,0.3518835786447614
1181,0.35126967887687255
1182,0.3522817605340123
1183,0.36654448690398556
1184,0.33725943212219556
1185,0.3423950393592522
1186,0.3362369343844527
1187,0.3442562009668432
1188,0.35179748364692665
1189,0.36536611374558225
1190,0.36677928290427597
1191,0.3595731145469274
1192,0.367337989321336
1193,0.36431976700787705
1194,0.369968967147444
1195,0.3583190588420251
1196,0.37434491775401424
1197,0.38337909977673346
1198,0.3985972950340718
1199,0.3924196750714698
1200,0.39676114566394194
1201,0.3946594229055451
1202,0.39755599038189116
1203,0.3967696664356467
1204,0.39690957933364
1205,0.3960725190038872
1206,0.39620964007299975
1207,0.39960301425390465
1208,0.39123263058027524
1209,0.39127776352001575
1210,0.3778630560004146
1211,0.3769919734778293
1212,0.3814093787238434
1213,0.3911347490558773
1214,0.3875570752149461
1215,0.39594634654471506
1216,0.39345562473002305
1217,0.4044585997074265
1218,0.38221790674848855
1219,0.40398869531827475
1220,0.41021650400941856
1221,0.4189316153759872
1222,0.4125116167745462
1223,0.4013605061005908
1224,0.3955615628671273
1225,0.4035866564198415
1226,0.39397322652147504
1227,0.386076815611187
1228,0.4025698555074678
1229,0.4051391542512436
1230,0.3758275070938467
1231,0.36262331267045356
1232,0.36867436637845274
1233,0.36204130834123094
1234,0.3597551053661734
1235,0.3255331702593274
1236,0.34820578016380066
1237,0.364988890513788
1238,0.36583937882069306
1239,0.3723328907754817
1240,0.3742373811852303
1241,0.3781963406871054
1242,0.3770086660229488
1243,0.38635200472911235
1244,0.38655406745688925
1245,0.37216440722133437
1246,0.3836252298340851
1247,0.3781647088343
1248,0.3691439654058595
1249,0.3688312720565209
1250,0.3690546164146472
1251,0.34778010302489215
1252,0.38562727131928953
1253,0.38502565108845577
1254,0.3766630451672188
1255,0.37968938339999725
1256,0.3550606227323122
1257,0.3791577005288671
1258,0.3910789103084319
1259,0.39988132959735956
1260,0.39848005031449496
1261,0.39975290610719294
1262,0.37270059718386206
1263,0.396685434752573
1264,0.3923536126739112
1265,0.3863339163187295
1266,0.37775623060798613
1267,0.36639125171193676
1268,0.3770569333832585
1269,0.3765314535083849
1270,0.3874401874317266
1271,0.40019029105355197
1272,0.40144045615044754
1273,0.40341314504633863
1274,0.3843342914672052
1275,0.3947809918481038
1276,0.3956772018853352
1277,0.3767498089315644
1278,0.3698899361227106
1279,0.37016447032047295
1280,0.36953524067711074
1281,0.37615272586931514
1282,0.3487162935599013
1283,0.32728089987793774
1284,0.3387130025381655
1285,0.37488212373881624
1286,0.3544842936610525
1287,0.3735175733091547
1288,0.315406430530628
1289,0.3147790674746478
1290,0.2859750191071242
1291,0.3066491583482487
1292,0.2929919919519184
1293,0.29354400011802106
1294,0.29172980634605483
1295,0.31622526381043503
1296,0.33746652655057363
1297,0.3358370543279443
1298,0.3253991026237337
1299,0.3485634462007423
1300,0.3166038937202236
1301,0.3676662997019209
1302,0.36908332408504485
1303,0.37084541456379083
1304,0.35009747986945194
1305,0.36397344881492977
1306,0.3651957928712749
1307,0.343350949735987
1308,0.3696146998497136
1309,0.3665143547102234
1310,0.3579384442826814
1311,0.3902919237292588
1312,0.3125001390291594
1313,0.3361507546024015
1314,0.3511377595944192
1315,0.3248889686755009
1316,0.3433944039812278
1317,0.3040458475591692
1318,0.3101533083238157
1319,0.29357145773641347
1320,0.32001785205900435
1321,0.3253252076699882
1322,0.32666071617790293
1323,0.29593986630659097
1324,0.3300271983380979
1325,0.3390829019845223
1326,0.33542107713448777
1327,0.301033703094966
1328,0.3200627440969164
1329,0.3236094840359023
1330,0.3268046937191036
1331,0.3272121433373367
1332,0.33605580507716193
1333,0.3356537381214876
1334,0.34419420959850444
1335,0.328933931577881
1336,0.3614389791824578
1337,0.36183668299009497
1338,0.36712938905825543
1339,0.32936929768255274
1340,0.3647440344116296
1341,0.36998195340918605
1342,0.3720935277755084
1343,0.30208394696133056
1344,0.3482314728305106
1345,0.3492846047809882
1346,0.35545905393424415
1347,0.2906850442465764
1348,0.333633603967012
1349,0.3335737158080633
1350,0.3570405324414292
1351,0.3682112357024948
1352,0.33960826321565674
1353,0.34458975876056497
1354,0.3621192243081103
1355,0.35522300038086796
1356,0.3829863884591044
1357,0.3839401233878894
1358,0.31150912144172227
1359,0.37049334083153196
1360,0.39063321135844653
1361,0.3787261999370293
1362,0.4001893108512735
1363,0.3882444796798996
1364,0.3866406739044883
1365,0.3634293853068712
1366,0.38156753893881845
1367,0.35518273730428973
1368,0.3647956300720405
1369,0.3674758962237039
1370,0.32542394677839925
1371,0.3411740405307244
1372,0.34119876782114333
1373,0.3571809609709886
1374,0.3408962225615253
1375,0.3470584884633634
1376,0.3495803024806383
1377,0.3307489835071141
1378,0.3369987078397708
1379,0.3510059352924493
1380,0.37336581482591524
1381,0.364070119007631
1382,0.3928551404662649
1383,0.3481829893260018
1384,0.36437924514814846
1385,0.3766637892738016
1386,0.37560399512433185
1387,0.35808601421144426
1388,0.3870581087932887
1389,0.3923116350765099
1390,0.38251289467287164
1391,0.4055124026738228
1392,0.40113098396177427
1393,0.3859320772832868
1394,0.3823251857207566
1395,0.38838303496223303
1396,0.3760984911528371
1397,0.3884296484997163
1398,0.38164780149417865
1399,0.3811853077593662
1400,0.3683232290379814
1401,0.3731330646379366
1402,0.37041927825672794
1403,0.37702156955578414
1404,0.379001656896231
1405,0.38521387085127734
1406,0.3857512705562087
1407,0.3842120367065629
1408,0.3728211111249985
1409,0.37273250274348124
1410,0.3409042538000395
1411,0.3476361170724498
1412,0.33594714107952706
1413,0.3610414132330908
1414,0.34447084451236964
1415,0.33367266599636525
1416,0.352110000584686
1417,0.3445914844829284
1418,0.35323483107623355
1419,0.32056057539469995
1420,0.3589380707875722
1421,0.38142371006859455
1422,0.3995630851287313
1423,0.37022142914992884
1424,0.37596658037796415
1425,0.3913411923008816
1426,0.4144763045615978
1427,0.4199288658690492
1428,0.41102633061207605
1429,0.42990243777401993
1430,0.42579549327882693
1431,0.4205517318295191
1432,0.41880888524891335
1433,0.42284640141637087
1434,0.40711411759085114
1435,0.4033021460042987
1436,0.404138058516045
1437,0.40668590136308735
1438,0.4193624027826882
1439,0.39217709333429185
1440,0.4207317782597745
1441,0.416902798788348
1442,0.41853006041808205
1443,0.3998155126295344
1444,0.4150458518776773
1445,0.42180220315728545
1446,0.41942217948858274
1447,0.43001731289800915
1448,0.43325160061891865
1449,0.4006616066654132
1450,0.42015119899610665
1451,0.4135191769239782
1452,0.4183044116548015
1453,0.4305832926936539
1454,0.4188961864009526
1455,0.43213542407848526
1456,0.432986850798488
1457,0.37650859384321866
1458,0.40416798269632714
1459,0.4046849988827643
1460,0.4015363393700552
1461,0.37934078951687433
1462,0.37310973266963643
1463,0.424294685566282
1464,0.4169679381913294
1465,0.38505734555546933
1466,0.3439840665299444
1467,0.37679550967593
1468,0.33758442251054743
1469,0.3553479955689933
1470,0.35437004301779906
1471,0.3515931512861059
1472,0.35706267806881153
1473,0.3392315020677552
1474,0.333323789324945
1475,0.3368638120581908
1476,0.34023671233368713
1477,0.3390689130556911
1478,0.34660423337736135
1479,0.3603862473782702
1480,0.3358577667945477
1481,0.33583695268788816
1482,0.33443554235010775
1483,0.3183715758803025
1484,0.31317879564048856
1485,0.3496296781657442
1486,0.36969088089878954
1487,0.3876649228915744
1488,0.359508861231969
1489,0.3798069005034306
1490,0.3701722504558479
1491,0.38165581982320873
1492,0.3633632777469782
1493,0.35486075371990766
1494,0.3689572550972505
1495,0.3945054458751661
1496,0.3714441948647904
1497,0.37528227521440916
1498,0.3732251019285465
1499,0.37947724005810013
1500,0.3764563965028558
1501,0.37220516098538303
1502,0.39383640202618797
1503,0.38911785170327984
1504,0.3950614414214002
1505,0.37551787262809877
1506,0.38721998779432165
1507,0.35118153927646034
1508,0.3674482416207985
1509,0.36567809687540187
1510,0.3794376666001874
1511,0.35577901292334246
1512,0.37608294961626176
1513,0.3614202258705872
1514,0.36147013869098255
1515,0.2792459860365666
1516,0.3673888681188495
1517,0.39307232248517043
1518,0.39398205112721174
1519,0.3531120633466702
1520,0.3916793019638798
1521,0.3875338160106626
1522,0.3854313201353111
1523,0.41381552646744824
1524,0.3797097618877302
1525,0.3816070910942144
1526,0.3861622041360496
1527,0.3581382430778557
1528,0.3940610953578503
1529,0.394690181573915
1530,0.3957004309927058
1531,0.33951326122369685
1532,0.39228131721448223
1533,0.38824766970256075
1534,0.3944120212146661
1535,0.38381767218912866
1536,0.40153753030940575
1537,0.40298851463351004
1538,0.4242529380983433
1539,0.3792876322352938
1540,0.40539699311701616
1541,0.4046062327579595
1542,0.40144059690477607
1543,0.40596027996306705
1544,0.4055311015098999
1545,0.40668752410967746
1546,0.40675173767713846
1547,0.4088120902742276
1548,0.41282475922875395
1549,0.41392536750718867
1550,0.39106058515532227
1551,0.40836337944874557
1552,0.41151466229382794
1553,0.40018432680342375
1554,0.3691697791561547
1555,0.4209462877551339
1556,0.4199481500849753
1557,0.38266347651053123
1558,0.3989242708889117
1559,0.39700894882972904
1560,0.4160747017251666
1561,0.3920743415909399
1562,0.3947284278923625
1563,0.40142971230966373
1564,0.3989865905645861
1565,0.38430188447893987
1566,0.3812736124091405
1567,0.39437343263960756
1568,0.41005435971779325
1569,0.4117654737321267
1570,0.41280828835729044
1571,0.41861843868734694
1572,0.4209033860005398
1573,0.41965180687195036
1574,0.4189066859441841
1575,0.42048207095664325
1576,0.4258383084167473
1577,0.42590185553117743
1578,0.4294065167822909
1579,0.42751778739524426
1580,0.42689164451029593
1581,0.4285853920753093
1582,0.42380883370341027
1583,0.4270591587452037
1584,0.4221815792049721
1585,0.42054792072296965
1586,0.41390109980255085
1587,0.4207291663398355
1588,0.40797772855262515
1589,0.41283143291789093
1590,0.3823568354731799
1591,0.40265202679226575
1592,0.3786938367794861
1593,0.3859811416677503
1594,0.3743115566760744
1595,0.3694746162654512
1596,0.3728299183776018
1597,0.36447877261371
1598,0.393627271633601
1599,0.3976648652536362
1600,0.3474382676737686
1601,0.37692794037138344
1602,0.40771939751176167
1603,0.39083302762047667
1604,0.37902667786515853
1605,0.3659289386774983
1606,0.3645632273634055
1607,0.33880446157161825
1608,0.36783728087585654
1609,0.38543985341826603
1610,0.39276714126767176
1611,0.35958491589500663
1612,0.3917592173714285
1613,0.39701851333397775
1614,0.3932813715325546
1615,0.3529343762779551
1616,0.38545694297842237
1617,0.3893254391918415
1618,0.39062012007579816
1619,0.3924949211687462
1620,0.38824208952441386
1621,0.35935612365620406
1622,0.38763390182737434
1623,0.37468281902364997
1624,0.3570615585596595
1625,0.39287043813590083
1626,0.38882409966076426
1627,0.36016962242752304
1628,0.38973114380673035
1629,0.3940920182676957
1630,0.3985641165258318
1631,0.40045812317400764
1632,0.36613365233510753
1633,0.3965036434065222
1634,0.3945341272077121
1635,0.3873067136424899
1636,0.4000521573770828
1637,0.39670890616575105
1638,0.4023134262368545
1639,0.39875431563513586
1640,0.4003413152471298
1641,0.3992182208701516
1642,0.39791594239522254
1643,0.37494253202658945
1644,0.40080903889635633
1645,0.40270390432302006
1646,0.3975729266171537
1647,0.4035285342740076
1648,0.424816365076753
1649,0.39203055410319043
1650,0.3504548389525407
1651,0.40950043072978715
1652,0.4211805855062254
1653,0.4172617921072559
1654,0.341918897442109
1655,0.38585575640578473
1656,0.3449380817643618
1657,0.35712670863868046
1658,0.34196735238016185
1659,0.34640518246377516
1660,0.33231439453039224
1661,0.3361347410204678
1662,0.3578409602513781
1663,0.358640550048251
1664,0.3727833137068466
1665,0.3675139889397636
1666,0.36147431916682327
1667,0.3619753410439076
1668,0.37443069793914785
1669,0.356245988918537
1670,0.3695241606520968
1671,0.3825653259295162
1672,0.38446738388737667
1673,0.3931134189181703
1674,0.3948657025589709
1675,0.3710050903245856
1676,0.3506168417773956
1677,0.36043367528124404
1678,0.3521401991224883
1679,0.36035361465135574
1680,0.35350064986940066
1681,0.34792266857712095
1682,0.34164091666251895
1683,0.3434650511914301
1684,0.34328578283440847
1685,0.3498953544298281
1686,0.34890002305396894
1687,0.3467573710630839
1688,0.34120574113760416
1689,0.3419206717743869
1690,0.32889266904395564
1691,0.31111483097547143
1692,0.31556304270419555
1693,0.3096175879261456
1694,0.3043289190697662
1695,0.3178719336755187
1696,0.2833813568584451
1697,0.27013085281359106
1698,0.2776374919915071
1699,0.2723082273490476
1700,0.3047484608209171
1701,0.28957854339016464
1702,0.26173600824385324
1703,0.2321886554022704
1704,0.3222408973582105
1705,0.356585912421051
1706,0.35812742298165257
1707,0.27500370771093163
1708,0.32953079777896244
1709,0.36536874166311484
1710,0.36983214977711687
1711,0.32920169051215564
1712,0.3789537407963828
1713,0.38128331677257266
1714,0.3823398572004246
1715,0.35662806970849137
1716,0.3713649965262553
1717,0.3743033563793571
1718,0.38575052024522427
1719,0.37950927129527956
1720,0.36308462500717886
1721,0.37741837466773553
1722,0.36879897923387683
1723,0.38442166293425406
1724,0.38900165183769997
1725,0.39615767622463793
1726,0.3874604178986585
1727,0.36201351345649435
1728,0.3907083134379924
1729,0.39358804249859747
1730,0.39779595335399753
1731,0.3908406989705545
1732,0.3888629798577231
1733,0.3905633776526688
1734,0.38660111500855443
1735,0.3627142413560087
1736,0.38849135172642535
1737,0.39462649396781535
1738,0.41283356162193596
1739,0.390872363063101
1740,0.3646592864503161
1741,0.3799846095150178
1742,0.3771429420547612
1743,0.3932256429660146
1744,0.4185053589270151
1745,0.38743455717914144
1746,0.381562411219891
1747,0.40408490884548043
1748,0.4249879631295723
1749,0.40243896121899747
1750,0.3821582161394307
1751,0.4043998396861831
1752,0.3757450932317663
1753,0.36815157562539336
1754,0.3404352605917673
1755,0.34947573029619505
1756,0.36339023001946935
1757,0.37583656081090633
1758,0.35467396399897433
1759,0.3980379055563542
1760,0.3876619988721597
1761,0.3914470444743363
1762,0.36319749069420504
1763,0.3453790526054681
1764,0.3777859953631755
1765,0.36739872872034507
1766,0.32963062224623774
1767,0.3214677456796864
1768,0.3301724271037433
1769,0.30918380815237634
1770,0.3412402493556913
1771,0.32635998858051407
1772,0.3134935897436607
1773,0.3185686904387316
1774,0.3329164098225238
1775,0.3364315932564079
1776,0.3429837517628902
1777,0.3338409427471323
1778,0.33372047145248085
1779,0.3377243516283901
1780,0.32389805159254514
1781,0.32431792899353373
1782,0.3198803945880476
1783,0.3452976113321634
1784,0.351875949121062
1785,0.35173692581539895
1786,0.3530730612340115
1787,0.3322253662912644
1788,0.3103885690258599
1789,0.32039138673615
1790,0.3538966002607695
1791,0.38409341450436507
1792,0.41053679258822806
1793,0.3571879353181773
1794,0.38279549886105035
1795,0.3957753583133311
1796,0.39068154009496325
1797,0.3940968739467492
1798,0.38972936273489966
1799,0.36608770435491245
1800,0.39204766002811176
1801,0.39795794515897054
1802,0.40623008780047276
1803,0.3685889619706316
1804,0.3959068770844528
1805,0.39594884323505253
1806,0.4008619975222494
1807,0.3501977625093028
1808,0.37265710588416445
1809,0.3768506333202225
1810,0.38543972813744054
1811,0.41233647050949696
1812,0.4087554481994793
1813,0.3774306380512339
1814,0.3790886472748891
1815,0.35458552233339824
1816,0.3813594755202978
1817,0.40205293738055714
1818,0.3830944578201445
1819,0.3382654247041399
1820,0.3854336292844458
1821,0.3891130605838947
1822,0.3933094722568311
1823,0.3685896521003329
1824,0.38733565634825806
1825,0.37159659741227635
1826,0.36702491566879925
1827,0.36440653008492063
1828,0.3888190914588343
1829,0.3932981811543339
1830,0.3676743616378504
1831,0.38223812532761414
1832,0.39457396618517127
1833,0.35613254002703054
1834,0.3702236661788584
1835,0.3762742633653229
1836,0.3694757725181974
1837,0.3663728157383328
1838,0.33965475783008525
1839,0.36264864627295845
1840,0.3756015274003994
1841,0.36582661728054744
1842,0.3692390222012756
1843,0.3572449887473521
1844,0.3588174676950897
1845,0.37484888354275037
1846,0.3391933074653395
1847,0.34191969552001766
1848,0.33944756794025255
1849,0.30186295706242894
1850,0.3015908772882039
1851,0.3052306605601979
1852,0.2735580171829928
1853,0.2552886517976829
1854,0.29714355192083164
1855,0.29789768012406226
1856,0.3068573097765993
1857,0.29814014112952747
1858,0.26297128070114617
1859,0.2775966282744514
1860,0.2941863277744814
1861,0.2896207471576475
1862,0.2935517625055214
1863,0.3261668337483705
1864,0.30365817957792074
1865,0.29269301372179324
1866,0.26970507646573316
1867,0.23678758404907452
1868,0.24810554161965792
1869,0.28472632422894095
1870,0.32002128492434134
1871,0.32073421000493685
1872,0.3673184312694765
1873,0.37809747606483257
1874,0.3765592431984649
1875,0.3800465023034547
1876,0.38840981897372906
1877,0.3769332690213446
1878,0.3513313618133148
1879,0.3639204917933213
1880,0.36109534903343155
1881,0.36743773514499856
1882,0.3586969159367792
1883,0.3456128489481032
1884,0.3460250824162362
1885,0.348269858807581
1886,0.3509680983537222
1887,0.34813552515532964
1888,0.3445846404689421
1889,0.36163702812415166
1890,0.3264110065014607
1891,0.36501605839118445
1892,0.3518572402137272
1893,0.3470782992594629
1894,0.3256784526236324
1895,0.29623967242766935
1896,0.32317173901563634
1897,0.3225113059853749
1898,0.32349077084391575
1899,0.273474233829505
1900,0.3287674779083509
1901,0.3414280328753957
1902,0.34835387119910144
1903,0.30724307053543
1904,0.30493305446009233
1905,0.32395820671917475
1906,0.33759897534034466
1907,0.2981937643590806
1908,0.34100960530960445
1909,0.3306246253926355
1910,0.33114120413248305
1911,0.27887563083893485
1912,0.28639591407633214
1913,0.2841073616385521
1914,0.3003315235526023
1915,0.1083197518351875
1916,0.18744141917191137
1917,0.20299848417864308
1918,0.16735152190553504
1919,0.13490120254003624
1920,0.20039515838907096
1921,0.18643220757270196
1922,0.14897170715318153
1923,0.0579462817818972
1924,0.14884901894949265
1925,0.1570026029357139
1926,0.13254007876802076
1927,0.09510576245717806
1928,0.21764260416609238
1929,0.18771942240781514
1930,0.20434791134333463
1931,0.14920022461842974
1932,0.22394607922676735
1933,0.23209707226699194
1934,0.23509121790030352
1935,0.26871607309146905
1936,0.28437119448410886
1937,0.27723628967239355
1938,0.28017103799129506
1939,0.257875730629199
1940,0.2650107092250259
1941,0.2662748078939675
1942,0.31564900443020805
1943,0.35079215865662616
1944,0.35007538039536334
1945,0.3339269840087292
1946,0.31017371788532233
1947,0.3352234804619343
1948,0.2892342605129379
1949,0.2974970696010045
1950,0.32239027202198867
1951,0.33521744141059584
1952,0.3294021219106599
1953,0.31024483670558334
1954,0.3177557984946068
1955,0.32927694357677095
1956,0.320951048445961
1957,0.2985043294122073
1958,0.32405294913484095
1959,0.3481916436008975
1960,0.3468874464982955
1961,0.357768575872071
1962,0.369773338978602
1963,0.35726377790370023
1964,0.3399760641653211
1965,0.35776841563972717
1966,0.33894176052781955
1967,0.3746677043119042
1968,0.3518280427864642
1969,0.3730875430847931
1970,0.36190006609707337
1971,0.35448467873152756
1972,0.35580386553081467
1973,0.3501753513839596
1974,0.3856752429592525
1975,0.393165780395087
1976,0.3926033617119262
1977,0.37185789981968576
1978,0.36771767610927986
1979,0.3610963730844865
1980,0.3482457469210164
1981,0.353913622559071
1982,0.3425469979290158
1983,0.3330773582233967
1984,0.3166760403955067
1985,0.35944854972826656
1986,0.3454682750823359
1987,0.3408244501978711
1988,0.3100376408307117
1989,0.30065115385486796
1990,0.33425203759523436
1991,0.29345150854567326
1992,0.32529716077428605
1993,0.30596032397520556
1994,0.32779607422418167
1995,0.26931543002493685
1996,0.3039439603959595
1997,0.31723549010067364
1998,0.33131891195977303
1999,0.2903794807995428
2000,0.3421613868249682
2001,0.3354895588628771
2002,0.3441907614841344
2003,0.35339353483256897
2004,0.36209109030992914
2005,0.35640490819684556
2006,0.3681213449568348
2007,0.334017788229092
2008,0.32693745752201175
2009,0.3347489643331458
2010,0.34292778900931586
2011,0.3190397113990564
2012,0.3414618232504182
2013,0.3582368745765867
2014,0.3663666540107616
2015,0.2320926340283298
2016,0.18826718373358142
2017,0.20736944378213584
2018,0.20180000502058815
2019,0.20713581273407022
2020,0.2063040243120312
2021,0.20599412992259725
2022,0.19407612238834182
2023,0.17506826145039878
2024,0.20289983076118856
2025,0.21010806103458068
2026,0.19417752586251835
2027,0.22174920826182087
2028,0.2532837399189961
2029,0.30261407843476174
2030,0.3047558446755716
2031,0.2548499111214271
2032,0.3185612520047991
2033,0.325408186570592
2034,0.2882736308082141
2035,0.36004891617192647
2036,0.34771000179007383
2037,0.3369564256082802
2038,0.3018112568223067
2039,0.3318343787989345
2040,0.3484346661108241
2041,0.2920840084925357
2042,0.29480596382896684
2043,0.3157057038822252
2044,0.3231960352651594
2045,0.3130723874371546
2046,0.29933958967032737
2047,0.32958268098333166
2048,0.35314902721698993
2049,0.3558172087543824
2050,0.3728579989234261
2051,0.3723043049275958
2052,0.37647280935711813
2053,0.3816915242504815
2054,0.3497673262016947
2055,0.3670348909267569
2056,0.3940399070450711
2057,0.39611470869547405
2058,0.3801058935837356
2059,0.35303676805170014
2060,0.35911640311364335
2061,0.38788767494494114
2062,0.3803335278190423
2063,0.3768290121566853
2064,0.36575877361560283
2065,0.3878581756057601
2066,0.37277996381586487
2067,0.38368407863027953
2068,0.3866714581730687
2069,0.39197523699384806
2070,0.3677032537621472
2071,0.32556931966463054
2072,0.34714917506284804
2073,0.3402365201279526
2074,0.34553334307927486
2075,0.3220226746832411
2076,0.28974330591161945
2077,0.27213361134562564
2078,0.31436943427970954
2079,0.32384590611924113
2080,0.34993530855936683
2081,0.3673045239786956
2082,0.3654193073749752
2083,0.32188770522702614
2084,0.336341827177837
2085,0.28853328224400676
2086,0.3095919788029786
2087,0.30096601175084337
2088,0.3248039427775671
2089,0.32379471720076347
2090,0.3072135257156713
2091,0.27472233605826024
2092,0.2786828197006026
2093,0.31322044148234696
2094,0.31497225878528656
2095,0.28826826124512717
2096,0.32429918980741856
2097,0.3279979808353989
2098,0.3221268407925135
2099,0.3227826734839052
2100,0.3192704217460228
2101,0.3206696891455785
2102,0.31757536342081794
2103,0.2963767224590118
2104,0.3353892559700242
2105,0.33000500033915314
2106,0.3394756944978894
2107,0.30093886892954136
2108,0.33650108540551693
2109,0.3213962032925807
2110,0.3373050013016432
2111,0.2938658160446692
2112,0.3170686885738402
2113,0.330422450294517
2114,0.3292751201535571
2115,0.3296863422441616
2116,0.30919677494181674
2117,0.2966724142767734
2118,0.2570031481525439
2119,0.2517884215999955
2120,0.25164382521654804
2121,0.19847905492416817
2122,0.2505516410818125
2123,0.2646945544808367
2124,0.25688561970915447
2125,0.2653117869667734
2126,0.22046379357441592
2127,0.2515922229893611
2128,0.3138243908975834
2129,0.21351268909548415
2130,0.27114870623175835
2131,0.2889140138260897
2132,0.3273075264065838
2133,0.2826588268976624
2134,0.3165162198535585
2135,0.23623566412157715
2136,0.2155569586079188
2137,0.19029896876383812
2138,0.1948366661858194
2139,0.27815944471673226
2140,0.23775920294957886
2141,0.26965742446275853
2142,0.2497778226469597
2143,0.2938170364790833
2144,0.26256955927819126
2145,0.26493194340012094
2146,0.26762010009407733
2147,0.18473244915291365
2148,0.19912730676837032
2149,0.13429975936391414
2150,0.1596734915740614
2151,0.19657648331677313
2152,0.1806425967084575
2153,0.2026532188429916
2154,0.23840745650346162
2155,0.18454051493624246
2156,0.16239826346096198
2157,0.25282711003500846
2158,0.26854546575738136
2159,0.2775480805270636
2160,0.23631256271377898
2161,0.27640262629000456
2162,0.19172651972257448
2163,0.22635438474413594
2164,0.22373906454980785
2165,0.23283900263742985
2166,0.2179985129800418
2167,0.20953647430255562
2168,0.20156572797176642
2169,0.23072844356396982
2170,0.22048818938640335
2171,0.24538857266145342
2172,0.22737946752461302
2173,0.2070543585699277
2174,0.21343062317098083
2175,0.21501333607924134
2176,0.1765296658879396
2177,0.20734539072444103
2178,0.21962996373155053
2179,0.14670721142926912
2180,0.1684544913673387
2181,0.15576757705841904
2182,0.1544934376743623
2183,0.15579938164945184
2184,0.13117464394641076
2185,0.1407958903748956
2186,0.18701906639115662
2187,0.1347126124361433
2188,0.19728779643189653
2189,0.23640143961349114
2190,0.23254421535659986
2191,0.1911138689197419
2192,0.25048078544521346
2193,0.2454143545961518
2194,0.2926918146158819
2195,0.2914172215470483
2196,0.26908219523548493
2197,0.28282279465346716
2198,0.23156777336736445
2199,0.2697362924216835
2200,0.2978434933427567
2201,0.30112047350266447
2202,0.2822923533521171
2203,0.26432340835285895
2204,0.27342516333220923
2205,0.2728175094208952
2206,0.3126258200863543
2207,0.2290979906582612
2208,0.2527379440672808
2209,0.27272308405691725
2210,0.2768655383428821
2211,0.27762293769595214
2212,0.329860052954005
2213,0.33458706279631534
2214,0.32741408704775576
2215,0.3331736655604516
2216,0.3565479385175456
2217,0.3337504401579705
2218,0.35314368280934016
2219,0.3760117678002256
2220,0.3749688169016523
2221,0.31673401457558514
2222,0.34210104029632404
2223,0.35095702996412415
2224,0.3564049327967378
2225,0.33143693519941864
2226,0.29001015748477244
2227,0.33585236786588357
2228,0.32197703057934945
2229,0.2963542103394561
2230,0.32622659155011
2231,0.27645453275291454
2232,0.2917325586421726
2233,0.24127936595498767
2234,0.2401958096761131
2235,0.26914560582544755
2236,0.2838153936230473
2237,0.3083168016959359
2238,0.2944949592236771
2239,0.2965942059510016
2240,0.3343296244040461
2241,0.3182513630727307
2242,0.2789693896692397
2243,0.3090362575941479
2244,0.26871624453442533
2245,0.2766457588689659
2246,0.25823083572579075
2247,0.27089337149525217
2248,0.27827440351876276
2249,0.30841258582099795
2250,0.27943731682883155
2251,0.2650057977452349
2252,0.2642098250274907
2253,0.2748977954314302
2254,0.33452608623910185
2255,0.2770763885864639
2256,0.27402272418427787
2257,0.2634187720011629
2258,0.258488560732532
2259,0.13756140898460945
2260,0.16858781719786065
2261,0.18212044276246386
2262,0.1735893435553868
2263,0.1821947273535658
2264,0.1686202605341447
2265,0.16755985663801476
2266,0.1601278248276451
2267,0.15002269586390393
2268,0.14819232851224595
2269,0.1957502422235512
2270,0.16090081739955064
2271,0.024774542518962495
2272,0.05688586845093602
2273,0.08409972165458102
2274,1.59625380861117e-05
2275,0.021027336807599162
2276,0.05469910061348049
2277,0.005902708464790907
2278,-0.10296099584366136
2279,-0.11421045157379367
2280,-0.13730983426962406
2281,-0.09455475486700687
2282,-0.09254963541953104
2283,-0.14979574379960764
2284,-0.08339663042106854
2285,-0.04177366254430376
2286,-0.07322217543806964
2287,-0.17347879514560993
2288,-0.16305029941237442
2289,-0.09494397971272078
2290,-0.030029939687992335
2291,0.046967253197358616
2292,-0.08642647348551974
2293,-0.015517385767430891
2294,-0.03657992973689134
2295,0.03047338027909352
2296,-0.013836036358952586
2297,-0.06230485002454056
2298,-0.030076892165105007
2299,-0.04590233545316513
2300,0.008690276454520474
2301,-0.06405968985606814
2302,-0.011394509898982275
2303,-0.06331022548914522
2304,-0.04948408810686189
2305,-0.025085461823220023
2306,-0.0026476415706563894
2307,0.0296443522296983
2308,-0.02203658789844909
2309,-0.03587029458640839
2310,-0.0491593623843542
2311,-0.07579899765530201
2312,-0.07117093668409485
2313,-0.07518012944754326
2314,-0.00489538198443451
2315,-0.051581080387318956
2316,-0.029408208467448405
2317,-0.08933374124543264
2318,-0.057366719427346335
2319,0.02338129311283732
2320,0.00898213722051533
2321,-0.016478566053711508
2322,-0.014227993810872863
2323,-0.05741433595497697
2324,0.023884705562511988
2325,-0.027474189316305686
2326,-0.013696462115359243
2327,-0.01900726839939032
2328,-0.013471353688000676
2329,-0.00302650394314119
2330,0.007760302323060686
2331,0.06570008272474959
2332,0.05252936820448639
2333,-0.008117922469868422
2334,-0.004816242326310338
2335,0.005917382213284861
2336,-0.004906017340002067
2337,0.03380583086733713
2338,-0.04222230604466848
2339,-0.04848050486763633
2340,-0.07552015558936354
2341,-0.018943987430145026
2342,0.019186162194500644
2343,-0.03112689578276112
2344,-0.0022966387704896896
2345,0.030394442043690573
2346,0.03293048085262318
2347,-0.04115501081352707
2348,-0.08325069620651265
2349,-0.037137085385097635
2350,-0.026045092281852422
2351,-0.05022934718325012
2352,-0.10910453273869608
2353,-0.10223897665983706
2354,-0.13376501561638954
2355,-0.1280792170317574
2356,-0.10415144496301354
2357,-0.11931750021761106
2358,-0.12314671336093641
2359,-0.12295635101660485
2360,-0.1211362247796991
2361,-0.14149215149024547
2362,-0.1435459669277328
2363,-0.13358947141291372
2364,-0.13536147396438847
2365,-0.1965236092374037
2366,-0.2164528390544963
2367,-0.20139746061201874
2368,-0.2098656637566979
2369,-0.185959897678658
2370,-0.18715072855927728
2371,-0.18349472959170332
2372,-0.20704586875895992
2373,-0.21316656832053815
2374,-0.2316787649865874
2375,-0.23269555816198811
2376,-0.20706847329607936
2377,-0.22150856569995597
2378,-0.22157226511751543
2379,-0.20579984862485928
2380,-0.21998216569997397
2381,-0.21970633280561963
2382,-0.20524793240749206
2383,-0.18118690115830066
2384,-0.1433950831191596
2385,-0.11613422547877811
2386,-0.11881268717332033
2387,-0.15860111457696136
2388,-0.15891184890107451
2389,-0.1261386638576379
2390,-0.1520332742795193
2391,-0.10762550105697566
2392,-0.11915822978819768
2393,-0.11944988030038245
2394,-0.13736164112278632
2395,-0.13906448909764696
2396,-0.127129886889564
2397,-0.13980345281023254
2398,-0.1266147192758037
2399,-0.1451779692008785
2400,-0.12167069219584759
2401,-0.07269627010657775
2402,-0.09535502515940547
2403,-0.11109239156115314
2404,-0.08340847913346794
2405,-0.09182155003475156
2406,-0.05712607382770862
2407,-0.008723265600872832
2408,-0.018558448035416397
2409,-0.022071168211694636
2410,0.018705734484275593
2411,0.012379420981951106
2412,0.04807656984841757
2413,-1.722629255046515e-05
2414,0.04437473312725593
2415,0.0038429273990525648
2416,-0.01310524356807663
2417,-0.013522411625849884
2418,0.005502019140282366
2419,0.007626533579276784
2420,-0.02290573912040078
2421,-0.06129703229833883
2422,-0.1342582055111669
2423,-0.10377236289167302
2424,-0.10991674320439199
2425,-0.14606513512821184
2426,-0.17428173848486067
2427,-0.17544412186275915
2428,-0.17490979469833434
2429,-0.1470786345701126
2430,-0.1423958053209502
2431,-0.14839943608153838
2432,-0.10463257144049748
2433,-0.09125999783146088
2434,-0.08680231448689169
2435,-0.11137033207342795
2436,-0.12343320043172945
2437,-0.07410034829561207
2438,-0.05435187999634994
2439,-0.09676800421848375
2440,-0.053168399004125066
2441,-0.05027861480480611
2442,-0.022959989687148574
2443,-0.030160598628101443
2444,-0.03071330668556821
2445,-0.042497255443690485
2446,-0.050901321509703945
2447,-0.0646313032532927
2448,-0.06601884178384188
2449,-0.10752750341649331
2450,-0.11078947115384019
2451,-0.12372326728554917
2452,-0.14212941943369967
2453,-0.1590385376475879
2454,-0.12146614377835391
2455,-0.126592140926154
2456,-0.20743341622932288
2457,-0.14393520838676888
2458,-0.10509636351671503
2459,-0.14504199302114001
2460,-0.22856776436388637
2461,-0.21104403388259102
2462,-0.20935454165844847
2463,-0.16225939821835794
2464,-0.10350718543279208
2465,0.0012531653105573026
2466,0.0033764086205850807
2467,0.0062281719787227185
2468,0.022696691871458508
2469,-0.0316317635092469
2470,0.006694310685244842
2471,-0.03580692675071251
2472,-0.021350679937882144
2473,0.0022160270945386085
2474,0.0038344642542644802
2475,-0.018531699046406058
2476,-0.004831743007849387
2477,-0.005338657750306841
2478,-0.01410106096766911
2479,-0.029285852463757034
2480,-0.041194201692449084
2481,-0.03894383498378062
2482,-0.06669149012553993
2483,-0.07759662300123321
2484,-0.07130047535828882
2485,-0.12548320172069816
2486,-0.18331556402697557
2487,-0.1736755839900916
2488,-0.08755983647738674
2489,-0.15234093214894817
2490,-0.09364295508525605
2491,-0.11887019978749525
2492,-0.20144998408568765
2493,-0.2136906259395458
2494,-0.239390976755878
2495,-0.24197394028767227
2496,-0.2628824290772873
2497,-0.22578326147765437
2498,-0.2597379413635944
2499,-0.2636015696847559
2500,-0.2510183698618538
2501,-0.23714982291394876
2502,-0.25240440787005314
2503,-0.25365956863474437
2504,-0.2344966671854679
2505,-0.19769478064777546
2506,-0.1279745425141693
2507,-0.11945878836285795
2508,-0.11860221941639021
2509,-0.08609401446286186
2510,-0.06396715984088824
2511,-0.07498973880426141
2512,-0.11211708462635084
2513,-0.21263195503221238
2514,-0.2055323370727462
2515,-0.18477225622455096
2516,-0.1276123201893804
2517,-0.10129554505235533
2518,-0.1273948788891267
2519,-0.0805546541324908
2520,-0.09909577782898554
2521,-0.14317476006829355
2522,-0.21462489687828495
2523,-0.2416767265183356
2524,-0.3003695886514193
2525,-0.2869654994895794
2526,-0.08811174464521798
2527,-0.13990777462162174
2528,-0.14196641250812958
2529,-0.10492185697946071
2530,-0.17978763168287637
2531,-0.17895686611041411
2532,-0.187818245961412
2533,-0.21601039692882396
2534,-0.22823117188366215
2535,-0.2422467613567275
2536,-0.27173814868803886
2537,-0.29118315404848044
2538,-0.34462325722357096
2539,-0.3346495377082439
2540,-0.3297766223047244
2541,-0.2842320077757278
2542,-0.32204734650847144
2543,-0.27969066836955536
2544,-0.23714950883194252
2545,-0.2669955906780939
2546,-0.2912230304487337
2547,-0.31751677071073847
2548,-0.2932945728790825
2549,-0.25768982899109544
2550,-0.24642138295911042
2551,-0.24773701258728453
2552,-0.232807790432144
2553,-0.23292311569807678
2554,-0.23059454398507506
2555,-0.18611403296291734
2556,-0.23882478420275788
2557,-0.2798605447293742
2558,-0.26976703334774677
2559,-0.2758223306573529
2560,-0.2831406215813708
2561,-0.2301150956958764
2562,-0.21590846194873164
2563,-0.23464638762093487
2564,-0.18688456263301573
2565,-0.17785759304450532
2566,-0.17846629030885647
2567,-0.16718150089044848
2568,-0.1786799666259175
2569,-0.1804946565033682
2570,-0.21377733104508123
2571,-0.21360127610325297
2572,-0.22556570425907596
2573,-0.21504503187929258
2574,-0.21874427415651854
2575,-0.21187801804363587
2576,-0.19113286481725994
2577,-0.20832007757175658
2578,-0.20795385342424694
2579,-0.2208513610846935
2580,-0.20314705429870655
2581,-0.21037151526437237
2582,-0.19643113606838536
2583,-0.20483944559115613
2584,-0.21986755074859587
2585,-0.18077344439897125
2586,-0.08485764500857274
2587,-0.10290602965792445
2588,-0.09323803042661688
2589,-0.09793081289095468
2590,-0.15853000639996362
2591,-0.09079763701157206
2592,-0.15748502225786598
2593,-0.16035413402275422
2594,-0.19887983931174152
2595,-0.17249528865153974
2596,-0.14240931725165173
2597,-0.13960674547749186
2598,-0.18864338661636393
2599,-0.20353241521820947
2600,-0.18514808475894273
2601,-0.2045481011381406
2602,-0.20859729603134425
2603,-0.1913199556827293
2604,-0.22839775304552756
2605,-0.22636429798551921
2606,-0.23583422279908994
2607,-0.1795400314869458
2608,-0.23647301787595298
2609,-0.2379483250498146
2610,-0.24591638142998484
2611,-0.27774492826051606
2612,-0.2354304249216484
2613,-0.24940772172577447
2614,-0.25052795229364644
2615,-0.1911737216477566
2616,-0.21817901104078663
2617,-0.26236718422611915
2618,-0.2708830458820058
2619,-0.2466254322603706
2620,-0.26926182431167944
2621,-0.2931702871004075
2622,-0.2830482791573312
2623,-0.2975123803791303
2624,-0.3204985988828456
2625,-0.23804936140105232
2626,-0.22372688825660753
2627,-0.33558220636330194
2628,-0.3190651572015227
2629,-0.2839099984509564
2630,-0.30510093278493616
2631,-0.3135892056496575
2632,-0.286900309043894
2633,-0.3168822032688155
2634,-0.3140114659821801
2635,-0.3125901288357832
2636,-0.29962421738920814
2637,-0.2944574520594122
2638,-0.2937246614458302
2639,-0.3000789165080139
2640,-0.3037881564852923
2641,-0.33029148439521755
2642,-0.3538909308296465
2643,-0.3118449956645279
2644,-0.33381790301517905
2645,-0.3189686897592783
2646,-0.34191986362288973
2647,-0.31302332759128837
2648,-0.2835965179060469
2649,-0.2876843553115335
2650,-0.30328786840212774
2651,-0.28486793572674124
2652,-0.2653548732658268
2653,-0.258984772948334
2654,-0.2057908018969533
2655,-0.2562682433048384
2656,-0.2740365672381815
2657,-0.28813397016324904
2658,-0.2878842094040702
2659,-0.29061524137198014
2660,-0.2869161521923908
2661,-0.29353014693432566
2662,-0.2803197873447515
2663,-0.26227167423179903
2664,-0.25276291429439884
2665,-0.2397330037022179
2666,-0.25906834807908996
2667,-0.2803591573091512
2668,-0.25460097639227175
2669,-0.23635077670979965
2670,-0.2408941514673913
2671,-0.2817227051118394
2672,-0.2639650861852623
2673,-0.27762556921124376
2674,-0.2754522790877965
2675,-0.17002818260455038
2676,-0.2684749298980024
2677,-0.27863735089402736
2678,-0.2612213601575191
2679,-0.28363682918157324
2680,-0.25992510120790463
2681,-0.27757005431386816
2682,-0.2788714095608579
2683,-0.2828476783527681
2684,-0.26743095883980306
2685,-0.25914890069576074
2686,-0.27518941550309906
2687,-0.16341949191451416
2688,-0.14974037228768539
2689,-0.21587786894671546
2690,-0.1989614086864826
2691,-0.09006044478207131
2692,-0.06041258582274017
2693,-0.038609775144662684
2694,-0.21883021813723064
2695,-0.1088559467595413
2696,-0.14440696962213717
2697,-0.024168167615092884
2698,-0.0004003050380879114
2699,-0.00916682499864968
2700,-0.0025793099307091505
2701,-0.1528850106343823
2702,-0.004655515996811854
2703,-0.11427374025614678
2704,-0.19977706546923585
2705,-0.23156794194065283
2706,-0.14224794086380554
2707,-0.2126998040185374
2708,-0.19963298924535466
2709,-0.17840340990327208
2710,-0.19189872552955206
2711,-0.2286697362567348
2712,-0.22433288711385624
2713,-0.11430417149982175
2714,-0.19754250063478107
2715,-0.16902838177974183
2716,-0.22346979764648306
2717,-0.11972397592807027
2718,-0.0542920133635324
2719,-0.011724257563143603
2720,-0.040733674380745655
2721,-0.06335044048171945
2722,-0.07308127276019982
2723,-0.07207203263912965
2724,-0.1491210057496435
2725,-0.17507919649539472
2726,-0.1535140373998098
2727,-0.15303545924471795
2728,-0.15092901503751371
2729,-0.17439615440559536
2730,-0.1713973316038636
2731,-0.19183722918786644
2732,-0.18493729997451414
2733,-0.15590165845974913
2734,-0.14405346855070394
2735,-0.16498547007812575
2736,-0.15982047241073633
2737,-0.2727914706815936
2738,-0.2199715220403055
2739,-0.2389277909423193
2740,-0.23002577459744605
2741,-0.22401723686595576
2742,-0.25189111764049754
2743,-0.2757104484150153
2744,-0.25978330323605514
2745,-0.2813206170104234
2746,-0.20029680041374154
2747,-0.19152899245910976
2748,-0.07487857059167274
2749,-0.027054043975475728
2750,-0.04129155767660375
2751,-0.040953271557408466
2752,-0.03827275949757497
2753,-0.04826147342946918
2754,-0.03547359765276542
2755,-0.04553817398617399
2756,-0.018144532666610758
2757,0.0028034040344490085
2758,-0.0803071457760649
2759,-0.0978355222863091
2760,-0.10272638815008339
2761,-0.09913251403626422
2762,-0.059228347319189356
2763,-0.08841997539129676
2764,-0.03634708949158416
2765,-0.03527618040418529
2766,-0.021194368254988105
2767,0.07169601002666681
2768,0.13466765487073196
2769,0.17268369129233796
2770,0.1831153451076274
2771,0.1271625164090725
2772,0.15841444167843277
2773,0.16660501782833148
2774,0.16690950084084388
2775,0.14850903302914242
2776,0.12251051715143702
2777,0.09755528284046278
2778,0.0977152546364013
2779,0.07554271450437822
2780,0.14866405291957352
2781,0.15546770120160336
2782,0.16345933600315343
2783,0.12370604443010791
2784,0.2877941819638955
2785,0.2866558415218565
2786,0.29081473705567784
2787,0.2996715058483841
2788,0.29713338059993455
2789,0.28959343990713626
2790,0.28710001311733124
2791,0.2539305857955375
2792,0.2836716879397383
2793,0.29135716132087275
2794,0.2891513046284663
2795,0.24320854571322903
2796,0.27702511049769896
2797,0.26994904281334375
2798,0.24602442510727107
2799,0.1660845770264805
2800,0.1872028812414206
2801,0.2665704191822511
2802,0.23081603602121847
2803,0.29219651843453454
2804,0.24434454686469997
2805,0.2608389401511595
2806,0.18876712663161266
2807,0.28532657731038946
2808,0.2578867720548127
2809,0.21868915782082543
2810,0.21654626699131774
2811,0.1755117755261265
2812,0.1628701054940881
2813,0.18870089482000507
2814,0.11951057633844142
2815,0.15644062804888137
2816,0.11179450175677941
2817,0.1534723829895277
2818,0.2687359834276555
2819,0.2664800640746492
2820,0.17027892643701015
2821,0.23754810241570923
2822,0.2906368386980176
2823,0.29821153532408573
2824,0.3027956440117696
2825,0.29230793461604876
2826,0.30107935499268534
2827,0.26315672269853496
2828,0.2928864937271698
2829,0.2414670547696931
2830,0.2556749849727946
2831,0.21010082844897637
2832,0.21661733428734853
2833,0.23258268717951514
2834,0.25102335713695145
2835,0.2099684248668583
2836,0.26004264928495036
2837,0.15397608985049316
2838,0.12954701390074053
2839,0.15429061897815932
2840,0.15693971528643302
2841,0.16355843342017984
2842,0.14459466576479296
2843,0.1342540219700723
2844,0.10462597687404496
2845,0.040005244526174155
2846,0.04033150649397854
2847,0.09710632048577073
2848,0.06900012527833899
2849,0.10918363732312797
2850,0.10645104135677363
2851,0.10407035164802181
2852,0.09745869193316958
2853,0.08465365848335649
2854,0.1253957682121266
2855,0.08692455875929672
2856,0.1012146670160543
2857,0.1181988076262529
2858,0.1838680577288867
2859,0.043415966224248925
2860,0.14392192778208435
2861,0.24022330560215777
2862,0.26634605692706737
2863,0.2051699979257232
2864,0.26952230480414474
2865,0.2155332940166128
2866,0.21842303315464817
2867,0.2015999409957353
2868,0.22109189519195838
2869,0.2672706777731104
2870,0.12049787432013148
2871,0.08605110019226259
2872,0.11560784062118812
2873,0.13938154094605815
2874,0.14328661891234007
2875,0.171301292346709
2876,0.1815664073084815
2877,0.16934881227725207
2878,0.1638492522087589
2879,0.12611000648590864
2880,0.018430509914419746
2881,0.13411011904860148
2882,0.10672195293120612
2883,0.14220516448320641
2884,0.200151347487729
2885,0.21519806059592905
2886,0.2372658225297487
2887,0.22870153397362059
2888,0.17006021213065048
2889,0.13044029153584935
2890,0.19468105577240247
2891,0.17352030289424492
2892,0.20857522202632983
2893,0.20565077810762045
2894,0.24193122890624075
2895,0.23733027162977427
2896,0.22229988155203773
2897,0.1868258996565142
2898,0.06219675704445793
2899,0.21403619630786386
2900,0.28610979317218665
2901,0.3051901473842207
2902,0.2769528964962985
2903,0.3346111611095528
2904,0.2922751738798397
2905,0.30082627511569293
2906,0.2740636687271292
2907,0.24837965439194853
2908,0.20368202536523994
2909,0.199912970294432
2910,0.22946158828130692
2911,0.3015268047058084
2912,0.3003676342787477
2913,0.3078170967557978
2914,0.3121337539382847
2915,0.28725650742285613
2916,0.24599420178131925
2917,0.22626727993123263
2918,0.22650507842915413
2919,0.2009906455149446
2920,0.20254772760414264
2921,0.20844860279616018
2922,0.19589917114317346
2923,0.18554772403900555
2924,0.19642035705268912
2925,0.22177652682691273
2926,0.25547510953114994
2927,0.2568270392351766
2928,0.24937966897470276
2929,0.24705645877273086
2930,0.22099595188518362
2931,0.20297002922486518
2932,0.2517407534164524
2933,0.2307986160213391
2934,0.23198801165666616
2935,0.2697476488369941
2936,0.32564754823022324
2937,0.3507198942672275
2938,0.3687248376204272
2939,0.33402151943194747
2940,0.3207102632395419
2941,0.30028132792611173
2942,0.31585180802616475
2943,0.33436477651856367
2944,0.3613367793148641
2945,0.3537074052292912
2946,0.33791275398071063
2947,0.34776109681198175
2948,0.36669823310068705
2949,0.3583263142656363
2950,0.37217837937811316
2951,0.3819209674027022
2952,0.35507276356048845
2953,0.3584873541063619
2954,0.38796841261846426
2955,0.3788358628829055
2956,0.39996575328590556
2957,0.39052880973654636
2958,0.3859064485535614
2959,0.36725623122910434
2960,0.36596077521839665
2961,0.3317050516699339
2962,0.33387690669769143
2963,0.35511359515517216
2964,0.34759888818218465
2965,0.31319964547614065
2966,0.27431721051437985
2967,0.15735363903944388
2968,0.16599002254939965
2969,0.11214211738473323
2970,0.12455617647122463
2971,0.10801769411516782
2972,0.1625607087485963
2973,0.14063676699560435
2974,0.1397042370058169
2975,-0.0896657511409435
2976,-0.06556377486023512
2977,-0.02360225695136753
2978,-0.05808605061901834
2979,-0.09264280125613544
2980,-0.021072988140901028
2981,0.07683290748574978
2982,0.0981136143050898
2983,0.0939301443776055
2984,0.09003656686769901
2985,0.07791872943096445
2986,-0.027567665747497472
2987,0.08111192881621831
2988,0.06204777273362405
2989,0.07990680443627873
2990,0.004177040140288968
2991,0.20283224532677868
2992,-0.04101231996103116
2993,0.09172695129602404
2994,-0.013517998511412888
2995,0.045944270146532906
2996,0.22206911224509462
2997,0.2355694248020248
2998,-0.03409010154225384
2999,0.1452614418956133
3000,0.17690552506137658
3001,0.14039050666984199
3002,0.12159992184451696
3003,0.13033207874680897
3004,0.1332003780756138
3005,0.13364216148540398
3006,0.19805218416947656
3007,0.19373640834086658
3008,0.1438438395009698
3009,0.07303710659258378
3010,-0.06816177920052702
3011,-0.16125086919087395
3012,-0.15463213581537943
3013,-0.2313334557579152
3014,-0.11484556166303633
3015,-0.1745188603871491
3016,-0.22147446483948552
3017,-0.24835677288663488
3018,-0.2416830171466866
3019,-0.2304506479948042
3020,-0.18234452900969206
3021,0.019747870339271945
3022,-0.0875315886008251
3023,-0.07691744146934587
3024,-0.06787070211774998
3025,-0.0743939441743337
3026,-0.0969845966301448
3027,-0.03464435208258365
3028,-0.006125925514752439
3029,-0.007566835750983603
3030,-0.012678328883137469
3031,-0.03437907886521413
3032,-0.06179497653488014
3033,-0.02781519275198746
3034,0.02657744466417411
3035,0.03931322592041209
3036,-0.026098399292299235
3037,-0.09063153729442625
3038,-0.1206538805182712
3039,-0.05276464252429103
3040,0.005648513880825545
3041,-0.13433920115182574
3042,-0.12297294964384115
3043,-0.16036200506336928
3044,-0.22459790348279512
3045,-0.2470939858856006
3046,-0.056143997344095364
3047,-0.11743185411146134
3048,-0.10678163608639729
3049,-0.09126754490453504
3050,-0.015074183208491021
3051,-0.14195666344763058
3052,-0.15148877666613136
3053,-0.10355028793926069
3054,-0.030462626526023495
3055,0.010399122103018632
3056,0.028213142477085618
3057,-0.01767547313394091
3058,-0.054484067425287885
3059,-0.03149047397539356
3060,-0.049050716707615294
3061,-0.10109349304009213
3062,-0.159601484850885
3063,-0.027083025849766684
3064,-0.050184005700425416
3065,-0.024572202125522247
3066,0.05023480804623426
3067,0.028413627087502613
3068,0.10885665853380977
3069,0.08738391449356986
3070,0.15094964065459526
3071,0.11912630813194292
3072,0.21224987400844975
3073,0.2355051648228741
3074,0.2009495902929327
3075,0.06555930633721685
3076,0.08269965819541958
3077,0.07000875893038061
3078,0.0628876412564573
3079,0.0659093075369338
3080,0.025870339604010195
3081,0.015303694787574318
3082,0.00043405385258332707
3083,-0.0009853919827472746
3084,-0.006019099762714475
3085,0.01831918975220026
3086,-0.043800226493745154
3087,-0.021005674620062087
3088,-0.05022950946116744
3089,-0.0517595282964437
3090,-0.09324738397990562
3091,-0.03276812779860522
3092,-0.12680105854682155
3093,-0.1493963357910693
3094,-0.14334575190853327
3095,-0.14675153493277981
3096,-0.130229117555626
3097,-0.1886895637041785
3098,-0.13024199427713645
3099,-0.1467947622355128
3100,-0.17011181907663642
3101,-0.1186554136425097
3102,-0.10405178023222705
3103,-0.08849326153845005
3104,-0.08603298123417008
3105,-0.056788472966194437
3106,-0.06373450633704375
3107,-0.09459601158787861
3108,-0.09311387992122339
3109,-0.12111050423933017
3110,-0.1113771215603579
3111,-0.07709002522387715
3112,-0.21180808866609968
3113,-0.15665655846680093
3114,-0.18864753956704783
3115,-0.1504923354991753
3116,-0.1591679102211302
3117,-0.05062084571782366
3118,-0.10956128684106581
3119,0.006976234215594346
3120,-0.11339218317830135
3121,0.04280861140617953
3122,-0.07637685010189077
3123,0.04115227040119773
3124,0.03793167332844105
3125,0.04050813936114539
3126,-0.006897797534594463
3127,0.007215826861666552
3128,0.03420208415781667
3129,-0.050873245470580586
3130,-0.044245413242422316
3131,0.03568685262358984
3132,-0.0493029032908896
3133,-0.0999227125346489
3134,-0.10087224102437953
3135,-0.10775473615339054
3136,-0.10247789774534688
3137,-0.09639861163251429
3138,-0.12145498811417427
3139,-0.10313478364492712
3140,-0.12420479240542043
3141,-0.1585961346463397
3142,-0.01851704733960141
3143,-0.027051327957514526
3144,-0.12520685013091765
3145,0.0012969517502161576
3146,-0.12167326136322437
3147,-0.1400716281534526
3148,-0.04861610952506823
3149,-0.048588610369518836
3150,-0.07184790244896899
3151,-0.06057819915188023
3152,-0.08349061395645119
3153,-0.08906270388049575
3154,0.00488328661628068
3155,0.11011633532078102
3156,0.1101285618919916
3157,0.008144143700479889
3158,-0.008605968014082865
3159,0.005236280408368099
3160,0.007617421295305737
3161,0.010435395927420488
3162,0.025851621603039554
3163,-0.08266549703360154
3164,0.014143668068079318
3165,-0.008501163887671748
3166,0.05510485952676514
3167,-0.014974484407949962
3168,0.0414016938997801
3169,-0.04529223870058202
3170,0.01755824842834275
3171,-0.04563718197753419
3172,0.05096972576843284
3173,-0.05493056518549222
3174,-0.054547570187817584
3175,-0.02890746151279211
3176,-0.01142025341377273
3177,0.00019424799593292796
3178,0.1499277722089798
3179,0.15564970717148063
3180,0.04383744722685057
3181,0.0132244871183953
3182,0.062106263807533146
3183,0.14782584191364445
3184,0.07208346256018405
3185,0.16003260500159133
3186,-0.026784064413887365
3187,-0.07529198296292278
3188,0.09122891392916899
3189,0.1616437268170421
3190,0.1779669536409222
3191,0.15540022837597944
3192,0.18991605182745308
3193,0.14424357843444136
3194,0.13506689525191296
3195,0.04916652372451602
3196,-0.10464950212658175
3197,-0.03362341732373009
3198,-0.0191591603552258
3199,-0.10798465790682854
3200,-0.05111464048020248
3201,-0.1154925960808117
3202,-0.06776193795236629
3203,-0.0951938113109464
3204,-0.1161123246449075
3205,0.04248916294324889
3206,-0.05293979816173844
3207,0.012819344054199378
3208,-0.0142610107768541
3209,0.08506343497846514
3210,0.06481452148775202
3211,0.06630563909171039
3212,0.06260534463252643
3213,0.12120927766851342
3214,0.14396426401434825
3215,0.1085530190205175
3216,0.02173135193167408
3217,0.05093596587429605
3218,0.1010471623837006
3219,0.15444955761354018
3220,0.17249029031537133
3221,0.1807432043855356
3222,0.08480216558861586
3223,0.18512135616011327
3224,0.13605306821856744
3225,0.0841359583952741
3226,0.09691722742956521
3227,0.06512024460083088
3228,0.02662725493381557
3229,0.04620937172844075
3230,0.026277027849484824
3231,-0.030360193613554465
3232,-0.10104842532842873
3233,0.013419784271404889
3234,-0.0036854971330643194
3235,0.04566450801872146
3236,0.05554646279353492
3237,-0.08276991521112409
3238,-0.07128475374641263
3239,-0.11751663149391928
3240,-0.10676043515934486
3241,-0.14718314411708577
3242,-0.04000101835115888
3243,0.017045994684180443
3244,-0.023235448458629182
3245,-0.174598408443983
3246,-0.0776473371148877
3247,-0.04674335994256673
3248,0.0019045450676735687
3249,0.06402847014783442
3250,0.07918101515353992
3251,0.1436776316853432
3252,-0.02007909719853379
3253,-0.038658863504941965
3254,0.011805359041685337
3255,0.046590892637029646
3256,0.07421676587562698
3257,0.07849942892809447
3258,0.04125360468779893
3259,0.02268719234098715
3260,0.10334596472012048
3261,0.09895781793899494
3262,0.06670506879706473
3263,0.0622336666814175
3264,0.05767967331734247
3265,0.04927218936971556
3266,0.062374963657292226
3267,0.057307779331848274
3268,0.06284005531443237
3269,0.129432615966244
3270,0.1325123058716995
3271,0.07108362544893232
3272,0.11392037455017756
3273,0.0617153759015564
3274,0.12636847817681207
3275,0.13899619346136116
3276,0.22890695961570573
3277,0.09035858831857912
3278,0.10621896203072134
3279,0.08830612188821052
3280,0.14045167276122172
3281,0.14529216675749823
3282,0.21682820073228337
3283,0.03890303210901258
3284,0.07994652166811456
3285,0.06293882128249162
3286,0.07503637750393344
3287,0.09105270864330628
3288,0.02163291484453611
3289,0.039706941683246066
3290,0.058237601037889775
3291,0.06360175997109052
3292,0.034635402674852545
3293,0.025354829052615435
3294,0.17107297089471074
3295,-0.004273498103553153
3296,0.01998681164801075
3297,0.014053465846811664
3298,0.048518733631175426
3299,0.12337133607676498
3300,0.08221777416033249
3301,0.1538268006534208
3302,0.08084019368373896
3303,0.16801800927785937
3304,0.19463890116083904
3305,0.07278545046974105
3306,0.13040279531678556
3307,0.027877565096157797
3308,0.06972236666162968
3309,0.05804216580352539
3310,0.10180302474306857
3311,0.09475181892595086
3312,0.09568645028850853
3313,0.1257224094461109
3314,0.2396070985437595
3315,0.21135058330147827
3316,0.11841208798089808
3317,0.16851289852139728
3318,0.12700832624639624
3319,0.2171017786562549
3320,0.10821943646615417
3321,0.07059952685467252
3322,0.12819184939050499
3323,0.2294587876820413
3324,0.10494520370586646
3325,0.11111477063510011
3326,0.08472997519578951
3327,0.1277079202382434
3328,0.1721634734146209
3329,0.12664747378916308
3330,0.08378337979694772
3331,0.06321960536723004
3332,0.04215874019127086
3333,0.06853485111063984
3334,0.010171297130302959
3335,0.013620117441145219
3336,0.01734106990019446
3337,0.07661895698642884
3338,0.05670245812829933
3339,0.07195731517165282
3340,0.040696030624867374
3341,0.07352213784346207
3342,0.15663484514435067
3343,0.09254003231191976
3344,0.13990026875147232
3345,0.22727035977058718
3346,0.16132065165707377
3347,0.2462560771259994
3348,0.16924765980095025
3349,0.13383319300790952
3350,0.14805485963317422
3351,0.14251415758093045
3352,0.13454512402072205
3353,0.16384743361923404
3354,0.19010517520145265
3355,0.22897115561004378
3356,0.20576322471147634
3357,0.23262279117470086
3358,0.2377491727385388
3359,0.25323311571198714
3360,0.2249058771974599
3361,0.21744692527076204
3362,0.26696761790712564
3363,0.3246326389065526
3364,0.33186834457006475
3365,0.3190649817467932
3366,0.27977562229316166
3367,0.26944900539297534
3368,0.2633723582009696
3369,0.26809127466575766
3370,0.2589303843732915
3371,0.26539909886952595
3372,0.2591071525495461
3373,0.27007405406286167
3374,0.23086930234025427
3375,0.21419029485545615
3376,0.1550687491282201
3377,0.21525988314470923
3378,0.2599503589628118
3379,0.22722955868510597
3380,0.25407729870924345
3381,0.17908312856787867
3382,0.1722027165360972
3383,0.14518881564431552
3384,0.13745330227215113
3385,0.10536061508917327
3386,0.0849632578609738
3387,0.08948155413014391
3388,0.058537632789824046
3389,0.12583244757925038
3390,0.0836521216400421
3391,0.09647435192961573
3392,0.17110722507056642
3393,0.17229258430919092
3394,0.20096960448389822
3395,0.04515032321588475
3396,0.1725141417910414
3397,0.05006619172095372
3398,0.04186416526251657
3399,0.009023236176671001
3400,-0.026780168592596687
3401,-0.11950903563729531
3402,-0.04328552214703685
3403,-0.0647188032848815
3404,-0.05156754955314219
3405,0.02368489169408028
3406,-0.043708621358519995
3407,0.02880654515373704
3408,-0.0087730424250691
3409,0.00983526804993029
3410,0.0015773749921337288
3411,0.1156838435889106
3412,0.12131133495580615
3413,0.16494426951991203
3414,0.13745145287735983
3415,0.13245025398645294
3416,0.09005407382717356
3417,0.07278126964397025
3418,0.10030255599453342
3419,0.13946596621187057
3420,0.07575444287158895
3421,0.10828553595782942
3422,0.137990872138529
3423,0.03913604085216249
3424,0.10761876795637326
3425,0.07466354338882397
3426,0.05390175759649829
3427,0.05470684841024176
3428,0.049957794002178924
3429,0.06865954379907158
3430,0.052891906089530205
3431,0.03591535972107418
3432,0.02924278356656751
3433,0.03933678439717925
3434,0.0324191368578588
3435,0.039819625438667794
3436,0.0527511402252242
3437,0.06979973506155623
3438,0.06448157550233824
3439,0.08492521814219156
3440,0.08902937857194027
3441,0.0902661902900368
3442,0.12536196451356996
3443,0.23670406009447253
3444,0.13977733076629573
3445,0.1574298714969864
3446,0.13182729417516303
3447,0.12794176323752127
3448,0.14432796593989572
3449,0.15256281463457688
3450,0.13754820607435225
3451,0.09380464180559778
3452,0.17008549208799528
3453,0.16101666135657144
3454,0.12515176806185668
3455,0.19574741875348745
3456,0.19135138814291708
3457,0.19556389040247146
3458,0.305206457050075
3459,0.17910269832440573
3460,0.2510658725591307
3461,0.21621097566648873
3462,0.2361033618619841
3463,0.2408465622089755
3464,0.1910048331327503
3465,0.16826981216157177
3466,0.1973485082531241
3467,0.3136706164980527
3468,0.2705959455919297
3469,0.20576425972845191
3470,0.18823947095210047
3471,0.21101319879283142
3472,0.20223832940693964
3473,0.1682447524645524
3474,0.2099973711436104
3475,0.17862803651134462
3476,0.1555140536418289
3477,0.1288694984389871
3478,0.1130439266163672
3479,0.13769097420685117
3480,0.12378702977668321
3481,0.1551525252260152
3482,0.0860037612179807
3483,0.07190141885211543
3484,0.04261700234510324
3485,0.1681199650884927
3486,0.08858346372617887
3487,0.10382183655710853
3488,0.12520205691774589
3489,0.14157008434626728
3490,0.1610858878554382
3491,0.1680749178470189
3492,0.17825278297337732
3493,0.15863806494936783
3494,0.15312513722893795
3495,0.16153770955316582
3496,0.2094489883708296
3497,0.21213684090818696
3498,0.16092002347182233
3499,0.14305244391607352
3500,0.14239986298837415
3501,0.16438734840577118
3502,0.16428300419366004
3503,0.18297494022837357
3504,0.21428523831457813
3505,0.1708047406271771
3506,0.17182245624163384
3507,0.15955112317819942
3508,0.20029818837522195
3509,0.19267143618070315
3510,0.23585719286990925
3511,0.2255305207305761
3512,0.2112444071837405
3513,0.19254207366338782
3514,0.19222823667587186
3515,0.1595744979235847
3516,0.14773462888070243
3517,0.1095052937253973
3518,0.1260409219435753
3519,0.09111753286974522
3520,0.11222546965104041
3521,0.09139686381522283
3522,0.10177937751199972
3523,0.09787163645943608
3524,0.05904946160714586
3525,0.053600387830578855
3526,0.052923509695100956
3527,0.0942938957159789
3528,0.015106665684130549
3529,0.1396984221565084
3530,0.05263976076003085
3531,0.05930517057116824
3532,0.04004603784574268
3533,0.024224623066297135
3534,0.030144095543244487
3535,0.07927216246154045
3536,0.06530230105379342
3537,0.0663945341842006
3538,0.07039443117840538
3539,0.2225339254390063
3540,0.08936610682735968
3541,0.11551246983041674
3542,0.1282174389327888
3543,0.12001733878870391
3544,0.21653927063852108
3545,0.22019486958473578
3546,0.23292237435257002
3547,0.20859164420567378
3548,0.21860883717276192
3549,0.24874494227703503
3550,0.26619547608521743
3551,0.27209528712991193
3552,0.25867275973197434
3553,0.2613555291250401
3554,0.26809266941364973
3555,0.18094263566660407
3556,0.21261334206443017
3557,0.14283934936736897
3558,0.22315096107473342
3559,0.26029852524901254
3560,0.27409686542867695
3561,0.2667486742209483
3562,0.24726225995924678
3563,0.2519347460343876
3564,0.24735298049514975
3565,0.22269026325584684
3566,0.1118704589409214
3567,0.1067479954361602
3568,0.10030033805623728
3569,0.17049569286449118
3570,0.24342499618310032
3571,0.227181156514781
3572,0.1993037441192257
3573,0.12389523848801987
3574,0.13965729005390182
3575,0.14985241245787173
3576,0.1641049181105394
3577,0.027881656012659572
3578,-0.010146872354371894
3579,0.02586583471119208
3580,0.08367249744807814
3581,0.14218954601055978
3582,0.15505808631152374
3583,0.13524410500551265
3584,0.1862776507274635
3585,0.16074570429129442
3586,0.08225227964863602
3587,0.11490003948075123
3588,0.12810092885493973
3589,0.06052469162101837
3590,0.039300985494034935
3591,0.017845281741974306
3592,0.004976102836037555
3593,0.06642904319115539
3594,0.028504629033487716
3595,0.03642961888515883
3596,0.038706263742594116
3597,0.054138630118559794
3598,0.03288202089305725
3599,-0.0107556829240954
3600,-0.0017530181669190847
3601,-0.013631111572735943
3602,0.027911676412115893
3603,0.03489322538190187
3604,0.018666365861953915
3605,0.038353059334267026
3606,0.03847055850120584
3607,0.0424520664275273
3608,0.007368938525486035
3609,-0.021507271073683942
3610,-0.014591925645164427
3611,-0.057428498322464105
3612,-0.08810644577787335
3613,-0.09757258399487395
3614,-0.09487748724942408
3615,-0.11285337641631044
3616,-0.14547777607054402
3617,-0.14415671143808628
3618,-0.1429332252779727
3619,-0.11723530341240146
3620,-0.12489335551493175
3621,-0.10651962842444845
3622,-0.09623843649359093
3623,-0.058607039400974226
3624,-0.11385196738013714
3625,-0.11130861646032297
3626,-0.12253413888011433
3627,-0.12677251370687292
3628,-0.1888193301006587
3629,-0.21275268725331842
3630,-0.15707348142376182
3631,-0.06693941293359795
3632,-0.05812082391590784
3633,-0.056214090145731366
3634,-0.093297642121562
3635,-0.06390820899129623
3636,-0.05314807028848467
3637,-0.04332194010871282
3638,-0.08192974889819371
3639,-0.024804890840608274
3640,0.009956461035639075
3641,0.01769923662973083
3642,0.042840340146369504
3643,0.014646161862693852
3644,-0.017486100435903484
3645,-0.019022713078927667
3646,-0.012828522422872468
3647,0.045217106884056
3648,0.07950724053405778
3649,0.04559673403579356
3650,0.016873644410057898
3651,0.013875510163554261
3652,-0.03822670132072076
3653,-0.041614676995857025
3654,0.0036251546473519136
3655,0.06784418870253639
3656,0.12100419087564418
3657,0.08805887200995266
3658,0.09057605167666272
3659,0.1517406782120887
3660,0.08835148713707996
3661,0.042587827474068196
3662,0.0438842163238885
3663,0.08048520069904219
3664,0.07685684712419516
3665,0.03096096245611135
3666,0.011470433366927546
3667,0.10619591761003577
3668,0.10465139083699238
3669,-0.031024949621111186
3670,-0.02826590999898837
3671,-0.03341721123039232
3672,-0.0010086454980937631
3673,-0.07192274315356989
3674,-0.09770818568565787
3675,-0.08837718418529228
3676,-0.12032061362188828
3677,-0.05654633655922864
3678,-0.09208984677531634
3679,-0.14864482783541355
3680,-0.14910935749699916
3681,-0.16262933441051808
3682,-0.1419879021686749
3683,-0.12678068631266093
3684,-0.1900077760667233
3685,-0.19853686124208803
3686,-0.27553976967276994
3687,-0.1471148815108072
3688,-0.21625732122192198
3689,-0.15313274924325465
3690,-0.09143619960029997
3691,-0.16234683155685115
3692,-0.190229766511873
3693,-0.03136319697268786
3694,-0.1693531809064011
3695,-0.18819021652439127
3696,-0.267108412165309
3697,-0.11088880898906228
3698,-0.1867494429885797
3699,-0.06720826188773427
3700,-0.0742836080187434
3701,-0.11740839882409115
3702,-0.10854704799788462
3703,-0.12358066620440178
3704,-0.1051774088498651
3705,-0.16460393223713587
3706,-0.18595460238625933
3707,-0.17449238254017274
3708,-0.19243542655192752
3709,-0.16307524701731008
3710,-0.17159061357236877
3711,-0.18021888205475384
3712,-0.15962737015934042
3713,-0.16073048412726137
3714,-0.18731638807427903
3715,-0.22369481555946552
3716,-0.2345611539066642
3717,-0.2564910972893334
3718,-0.24925050004084387
3719,-0.23048468826712604
3720,-0.24424916774494482
3721,-0.23309255503710674
3722,-0.19156255729980415
3723,-0.2541780554910476
3724,-0.21354306788932353
3725,-0.21172324275067878
3726,-0.14644435786546206
3727,-0.2340898423869896
3728,-0.17185351400030685
3729,-0.07571132780203005
3730,-0.06446656718361254
3731,-0.07783279207626892
3732,-0.12302726667347763
3733,-0.12815800706347036
3734,-0.21476925480549192
3735,-0.09769576081376286
3736,-0.1976281466317804
3737,-0.17581214221988006
3738,-0.134018760783713
3739,-0.13124766790358366
3740,-0.09072172093114916
3741,-0.12282911240009164
3742,-0.1246430474728164
3743,-0.1274630295366308
3744,-0.09209029545644326
3745,-0.16758108374485658
3746,-0.1806402613763134
3747,-0.21341044115168917
3748,-0.17799963747012615
3749,-0.20033226775203639
3750,-0.17992057960399932
3751,-0.18280498011248086
3752,-0.19699376862744739
3753,-0.1830008166767042
3754,-0.1954739699633835
3755,-0.19996957376316338
3756,-0.19938554311807766
3757,-0.1757834663720083
3758,-0.17912851148721531
3759,-0.1592981491008419
3760,-0.10664528956487818
3761,-0.14307204751579805
3762,-0.11492975702175706
3763,-0.13497697739407621
3764,-0.09028572508881966
3765,-0.14016989805451385
3766,-0.11153266409424378
3767,0.11039983909933493
3768,-0.09787150362593683
3769,-0.11104809310248442
3770,-0.029452446570624846
3771,-0.13333984530254905
3772,-0.09558132151175869
3773,-0.11243600958938388
3774,-0.10895592261594517
3775,-0.08266989775980071
3776,0.04034835670172332
3777,0.06524376752562033
3778,-0.06576113013797552
3779,0.04838491594330274
3780,0.16613310955536043
3781,0.21179313621635154
3782,0.13673394586586496
3783,0.12071961809303233
3784,0.09788028722989472
3785,0.0354307527242238
3786,0.061856228714621486
3787,0.0716240905381208
3788,0.04855748054732911
3789,0.11474482074638315
3790,0.11636625004743784
3791,0.10281036434463853
3792,0.09660454879394698
3793,0.07999708309317577
3794,0.07090302833145068
3795,0.07823170345623143
3796,-0.007677182313480635
3797,0.059951793750171345
3798,0.08474628744332546
3799,0.0661423777498441
3800,-0.020335004703573023
3801,0.0325509581437079
3802,0.026914765133987162
3803,0.11277893618802748
3804,-0.007645435165514747
3805,0.040287636613902555
3806,0.04163314940160634
3807,-0.053757774039884965
3808,-0.07322011126684264
3809,-0.02833366130971965
3810,-0.11559058262529132
3811,-0.0488574201363704
3812,-0.009893768526088309
3813,-0.12039158786270948
3814,-0.005155858568213545
3815,-0.10772820490380897
3816,-0.13103691800815154
3817,-0.13123901534915333
3818,-0.1664109421529295
3819,-0.17678378613316764
3820,-0.21478938700348538
3821,-0.16757708174844665
3822,-0.1483514585482396
3823,-0.021559337725265082
3824,-0.020313678809959934
3825,-0.022497314424309356
3826,0.08060702110935403
3827,0.07191935350272005
3828,0.1006044414126086
3829,0.07702824975879519
3830,-0.011832497810755349
3831,0.02191907553395478
3832,-0.02926207313259893
3833,0.0021774368325337967
3834,0.04142989699740607
3835,-0.09426522324225584
3836,-0.13781497615252902
3837,-0.1252815455865685
3838,-0.056005525515340604
3839,-0.07860775828466526
3840,-0.019206519730822602
3841,0.08537895124252537
3842,0.12853202507004835
3843,0.12495491874653997
3844,0.115592407741125
3845,0.1330600212828008
3846,0.1257588161273805
3847,0.1435326717276172
3848,0.12471353254938056
3849,0.13264742417792286
3850,0.15892065468353123
3851,0.14191859273247598
3852,0.11542916911354495
3853,0.14149374084736555
3854,0.14045723187880366
3855,0.02921697758850439
3856,-0.0008112071181759495
3857,-0.038310747565314274
3858,-0.023160421380947427
3859,-0.07004795951062393
3860,-0.07453911287860693
3861,-0.11217687262221493
3862,-0.04659613708924659
3863,-0.035791322165278305
3864,-0.011525011816410025
3865,-0.018326013466276492
3866,-0.057389068502441354
3867,-0.08451547590233222
3868,-0.10081224049999382
3869,-0.06912668727582594
3870,-0.09172250641612179
3871,-0.0725871349849897
3872,-0.10229604612017118
3873,-0.12059256140003649
3874,-0.10919677616806978
3875,0.012273620544521302
3876,-0.02754236561963952
3877,-0.041124556723358796
3878,-0.03773268323153395
3879,-0.12166455339864696
3880,-0.12388195493643445
3881,-0.053671946735762144
3882,-0.09090553956111147
3883,-0.10631601940631852
3884,-0.1134326489216515
3885,-0.06086907215592624
3886,-0.05129902248848295
3887,-0.07166729995696003
3888,-0.13346367946257526
3889,-0.10663255574633218
3890,-0.09675537757401081
3891,-0.07918376433652458
3892,-0.06656755482546178
3893,-0.04877257307700689
3894,-0.07086350536256436
3895,-0.08301772816856623
3896,-0.093317094998985
3897,-0.08652790438175256
3898,-0.0443884805872134
3899,-0.050531614699904026
3900,-0.04491768633982651
3901,-0.05976543402353107
3902,-0.060253692790567304
3903,-0.09178518078941311
3904,-0.14114811621941736
3905,-0.14494730433352693
3906,-0.13345085742745638
3907,-0.12885879107988768
3908,-0.09561001433516597
3909,-0.144333559238557
3910,-0.17202594711210073
3911,-0.19312605484903683
3912,-0.17318812662961436
3913,-0.05729624819967194
3914,-0.146447728039234
3915,-0.10536480072361026
3916,-0.02423367790564568
3917,-0.05120687827300213
3918,-0.05774174594786635
3919,-0.007826520052221952
3920,-0.051239888636589126
3921,-0.010208808338575792
3922,-0.03219757350305946
3923,0.0008319748340547273
3924,-0.009440281473117984
3925,-0.009860507211844005
3926,-0.01583570145815305
3927,-0.024927268205635733
3928,-0.02582157666656243
3929,-0.031632520269469055
3930,-0.030047137143259406
3931,-0.04759552397943645
3932,-0.01094460949358389
3933,-0.12911063309472548
3934,-0.0002616181846645804
3935,-0.12096188648415684
3936,0.007830636774357025
3937,-0.060943797225849416
3938,-0.10973733782361872
3939,-0.11250099533195923
3940,-0.13924511193964045
3941,-0.0795583415119312
3942,-0.10975911375433534
3943,-0.05063524680237863
3944,-0.09567275520163543
3945,-0.07375566023471836
3946,-0.027670210418767383
3947,-0.042009246739622086
3948,-0.07144126691827707
3949,-0.006910804945653493
3950,0.035812509458030495
3951,0.04079552675314768
3952,-0.0034116653213330794
3953,-0.06499238809135344
3954,-0.07191875331447994
3955,-0.15263319994992341
3956,-0.07874407134685768
3957,0.15554369818358638
3958,0.004734607733231089
3959,-0.008636519653388242
3960,0.0209873394864043
3961,0.021161047399043342
3962,-0.008016604723023402
3963,-0.015166341498095093
3964,-0.11808725335764458
3965,-0.010546491165060679
3966,-0.013739210398485191
3967,0.04968246563693168
3968,0.08479180930858721
3969,0.12874518726453432
3970,0.06249026813004033
3971,0.10663784690495937
3972,0.16572460461275895
3973,0.1550201854980512
3974,0.18482985048633804
3975,0.17018010844137588
3976,0.08572148562946713
3977,0.13970155508267523
3978,0.18100735580648908
3979,0.21737426521420478
3980,0.07367286249679128
3981,0.14973077719106498
3982,0.12154086912629158
3983,0.08198269483287313
3984,0.028205273265185404
3985,0.1810451284867226
3986,0.05683402926960224
3987,0.06655718388927778
3988,0.14301291766348379
3989,-0.08492255141502003
3990,0.12156912358868754
3991,-0.0705391291220187
3992,-0.0013472181362574887
3993,0.04395003960654609
3994,0.04025409755446996
3995,-0.07167314024521687
3996,-0.04437109449504062
3997,-0.050027090834754095
3998,-0.04623770548116646
3999,-0.08696041206558025
4000,-0.0748353743430018
4001,-0.05063273236582627
4002,0.03776475271470103
4003,-0.08603609975811155
4004,-0.1494957692827733
4005,-0.09324485475073435
4006,-0.139476366492297
4007,-0.14740866360223503
4008,-0.17116455360940624
4009,-0.18857602344772345
4010,-0.18497248196214244
4011,-0.18243648309034283
4012,-0.15510057877483868
4013,-0.16904924511106556
4014,-0.1553115571047594
4015,-0.16658696345856105
4016,-0.11764145575977092
4017,-0.09130787331050155
4018,-0.12146895248525469
4019,-0.12553696082596433
4020,-0.0830478664864141
4021,-0.06696666778843363
4022,-0.11614893945043792
4023,-0.125379700717342
4024,-0.11465840953687956
4025,-0.10979931008657384
4026,-0.0716920581005171
4027,-0.13148986969598253
4028,-0.06333115803542916
4029,-0.09953049694102012
4030,-0.1178580361440652
4031,-0.056741859423816876
4032,-0.060117889786451606
4033,-0.04763294759567194
4034,0.07340320513853027
4035,-0.02938719225671732
4036,-0.026027310024084205
4037,-0.028370493248066786
4038,-0.004171451798255288
4039,0.05522740594311559
4040,0.026210450710334343
4041,-0.04048698376152815
4042,0.02968693101585218
4043,0.03232290113677139
4044,0.05793834322244762
4045,0.015812403499918637
4046,-0.01969731330655372
4047,-0.04417669255610823
4048,-0.06382195602174578
4049,-0.039997170124513204
4050,0.03409506593118783
4051,0.047587703669049075
4052,-0.020293852155245706
4053,-0.04188018108993924
4054,-0.11090558956997576
4055,-0.09241891929716461
4056,-0.04491517707112902
4057,-0.04139935791958349
4058,-0.118455280508459
4059,-0.0964935521139414
4060,-0.10525978071529857
4061,-0.09516451382929975
4062,-0.14512316763805233
4063,-0.14023955764340112
4064,-0.054003373684678
4065,-0.020230558048143166
4066,-0.04239283387900433
4067,-0.11474416934960713
4068,-0.16340263111439313
4069,-0.11738999177424542
4070,-0.16647412420490976
4071,-0.21622023154027242
4072,-0.13533854198268536
4073,-0.13977491557374877
4074,-0.18953819139686973
4075,-0.13729191856204453
4076,-0.12685551915020066
4077,-0.037584013696758234
4078,0.00324131252776072
4079,-0.05217494787956267
4080,0.02102643555152428
4081,-0.196096010125152
4082,-0.012670749043212581
4083,-0.07594204201020005
4084,0.07788719568026015
4085,-0.08910976793757885
4086,0.01876967349276637
4087,0.07655373078972316
4088,-0.01778904734276754
4089,0.01732208626381848
4090,-0.039413754862035355
4091,0.008981460782592654
4092,-0.03315090618564154
4093,-0.033131538227576585
4094,-0.04273461626538816
4095,-0.1685968347331236
4096,-0.18655377972191356
4097,-0.08759510100797019
4098,-0.046162561033518845
4099,-0.08700502535980326
4100,-0.1524899901632289
4101,-0.10274161065880227
4102,-0.12317467762618806
4103,-0.19916590765819137
4104,-0.12014914583575315
4105,-0.23947379595060586
4106,-0.27019929625879296
4107,-0.3629869850074967
4108,-0.3481687170145744
4109,-0.25934875805011104
4110,-0.23851193327564035
4111,-0.16477083482933147
4112,-0.14586933071249264
4113,-0.19809564128853552
4114,-0.12144765645471389
4115,-0.1417469985116172
4116,-0.17333267647520179
4117,-0.16512285426607376
4118,0.014545144332026583
4119,0.0459265164983228
4120,0.058556273280559346
4121,0.050495643919366784
4122,0.041637340513160814
4123,-0.1299580347433037
4124,-0.05916259642754185
4125,-0.012038842092534252
4126,-0.013931424860943342
4127,-0.025205383845306684
4128,-0.03242348703365805
4129,-0.06805666210064898
4130,-0.033782420393076606
4131,0.04096477153882794
4132,-0.08885059638862869
4133,-0.10383042142543492
4134,0.02705886093896015
4135,-0.036962416208911164
4136,-0.05071398846272401
4137,-0.0712783608252921
4138,-0.00882529052930392
4139,-0.006617363777817853
4140,0.006787284673701821
4141,-0.006935335221238348
4142,0.042084576166840915
4143,-0.056256469987631064
4144,-0.07277624855889908
4145,-0.07988258186052821
4146,-0.05605146057461974
4147,-0.09164260295851162
4148,-0.005722287841608609
4149,-0.050397463422288236
4150,-0.09510082135527298
4151,-0.10150475818842664
4152,-0.1586994403112743
4153,-0.16478419845286624
4154,-0.11792896526724916
4155,-0.15624505013753387
4156,-0.22599711185644294
4157,-0.22938899894416026
4158,-0.16796148757485624
4159,-0.24538851207149975
4160,-0.22690724782028088
4161,-0.19335357110167078
4162,-0.22045171759563004
4163,-0.20069356930937088
4164,-0.28200598091704965
4165,-0.3067996258038401
4166,-0.2808823802056897
4167,-0.3523758893773533
4168,-0.23330920985645948
4169,-0.2548423859064253
4170,-0.3220905717041462
4171,-0.34124250767406283
4172,-0.2902721806791513
4173,-0.22231271397604685
4174,-0.1966411912751579
4175,-0.24019822829997162
4176,-0.14334633766774313
4177,-0.17459057318038917
4178,-0.10639962378895856
4179,-0.04901241191994127
4180,-0.03199300978364639
4181,-0.006126853840238755
4182,-0.08101569768738948
4183,-0.0723431051597232
4184,-0.07404660732340662
4185,-0.07620349725002307
4186,-0.0598501471173159
4187,-0.05255100524946671
4188,-0.034392997067798414
4189,-0.019367262665759388
4190,0.022297597855419404
4191,-0.13449763323656622
4192,-0.14300344851278957
4193,-0.09210409376453271
4194,-0.061418857153088535
4195,-0.07044233836367314
4196,-0.21198918733001404
4197,-0.17768726477770047
4198,-0.18372630114719402
4199,-0.26448395786861917
4200,-0.19231917522562997
4201,-0.21523919508443423
4202,-0.1878022354527636
4203,-0.3229396349032727
4204,-0.25852986254689025
4205,-0.28718060978394433
4206,-0.25988684407034535
4207,-0.3144586613760194
4208,-0.29456600702077435
4209,-0.2984458061192243
4210,-0.18862748634139231
4211,-0.19252986950039314
4212,-0.11628468811973425
4213,-0.033252690131089335
4214,-0.04746287420735984
4215,-0.055134305070069445
4216,-0.019169999456570497
4217,-0.11914784120629474
4218,-0.14467172313425702
4219,-0.04178298714948819
4220,0.006716335968210085
4221,-0.03026435866272531
4222,-0.029884208694184067
4223,-0.0565423720298347
4224,-0.0913534589583101
4225,-0.08125993644794438
4226,-0.10003142018531891
4227,-0.04631219207589199
4228,-0.1381043994710568
4229,-0.09072522620386936
4230,-0.09932012044654714
4231,-0.054304963945137785
4232,-0.12212162948775679
4233,-0.1186001707354486
4234,-0.12178992901683439
4235,-0.10676257813777568
4236,-0.06022335655945188
4237,-0.094287839302228
4238,-0.07222780562420306
4239,-0.060359558621643106
4240,-0.08324503456653909
4241,-0.06418657417856899
4242,-0.049454106537173526
4243,0.04232400787755375
4244,0.05009913167232294
4245,-0.016013712769526844
4246,-0.04321436382659227
4247,0.04726167538203829
4248,0.02036584297917332
4249,-0.04469107175892956
4250,0.03497122296232147
4251,0.07207076820081437
4252,0.03498752994674803
4253,0.055169824345882135
4254,0.08001081284833
4255,0.07936644801986792
4256,0.17801642558461073
4257,0.16942368053478218
4258,0.21004581918737508
4259,0.14561932025559776
4260,0.1780161838778096
4261,0.21634061599395715
4262,0.07598707144278327
4263,0.0729158651498174
4264,0.20276955408455521
4265,-0.0337796909802357
4266,-0.03459225740994032
4267,0.11227467808044911
4268,0.011655054147622579
4269,0.15175640041100746
4270,0.12323774157667977
4271,0.02948197595960278
4272,0.10906756524564809
4273,-0.010224488797425935
4274,0.13000943839195744
4275,0.0059310836365599195
4276,0.10295790943235616
4277,0.03629587423030145
4278,0.15928805340405483
4279,0.20657792617579818
4280,0.16727072426464606
4281,0.1387961265640315
4282,0.10860105105387474
4283,0.0003579931207097209
4284,-0.02953449344469289
4285,-0.0034718120204133562
4286,-0.016723321206466024
4287,-0.05167423484024464
4288,-0.062082065024818334
4289,-0.06482864437113556
4290,-0.13029673423102572
4291,-0.02886459547386666
4292,-0.15135698637853867
4293,-0.05484150529417153
4294,-0.09674066585773711
4295,-0.13060761151965716
4296,-0.13750377417542026
4297,-0.16726634679051838
4298,-0.16650878176277673
4299,-0.2583714929107259
4300,-0.19839765299884127
4301,-0.18442620040718033
4302,-0.08288175416901655
4303,-0.1508059317634493
4304,-0.019607978781078894
4305,-0.04774200235860365
4306,-0.036741985996321946
4307,-0.051502182006831876
4308,-0.05781213086129239
4309,-0.019970057530869223
4310,-0.024332974061973434
4311,0.001800821362619387
4312,0.023276668500457176
4313,0.04770135845551793
4314,0.15744799027639
4315,0.027204855100837033
4316,0.19759556798795486
4317,0.19355824838007119
4318,0.2022379481786284
4319,0.21649088385198378
4320,0.18433213272306292
4321,0.19793439334329044
4322,0.13958516922721698
4323,0.12134339389399007
4324,0.09594547302482481
4325,0.14001014324825278
4326,0.23190881440927236
4327,0.23910432686446714
4328,0.24318402622932078
4329,0.23580276094575892
4330,0.22427546879839289
4331,0.1971393437180422
4332,0.12029290686090488
4333,0.11329156629201331
4334,0.2024649720720042
4335,0.20962821146497157
4336,0.11631930443857497
4337,-0.0362071878948777
4338,-0.08963527927503245
4339,0.12365932328977502
4340,0.08362096989618428
4341,0.046984826319249606
4342,-0.10149459712598291
4343,-0.01772672070959269
4344,-0.05567382598946491
4345,-0.180132709564584
4346,-0.190621310014851
4347,-0.13417097864032296
4348,-0.16073775422824027
4349,-0.19490925506927254
4350,-0.2202161018961622
4351,-0.1819422264331496
4352,-0.1926932005762032
4353,-0.18094200878253536
4354,-0.23626650677808814
4355,-0.21765149609340917
4356,-0.2057502369433969
4357,-0.18502157012845638
4358,-0.09455582172764831
4359,-0.13689155436468242
4360,-0.09545319566152821
4361,-0.09977985447868998
4362,-0.08221170489934365
4363,-0.16232324239048823
4364,-0.1807923601713653
4365,-0.23851484342775608
4366,-0.17313563086605932
4367,-0.18431310124972855
4368,-0.12264929014697235
4369,-0.12418282265899905
4370,-0.11329196250085538
4371,-0.11506408652566413
4372,-0.10953374068831978
4373,-0.10891632465240464
4374,-0.11558847054637694
4375,-0.13296769019701632
4376,-0.12646886941377444
4377,-0.119720797271959
4378,-0.10454354847272385
4379,-0.13931440202647122
4380,-0.1372219974271946
4381,-0.1188859706964066
4382,-0.17454588792705727
4383,-0.16825167071115044
4384,-0.16330888271133265
4385,-0.22570217014997623
4386,-0.18859131892117603
4387,-0.27887354992014035
4388,-0.2636282978373514
4389,-0.32554743347525605
4390,-0.2319693348108634
4391,-0.22786730187252396
4392,-0.17911053073960598
4393,-0.25367762848530995
4394,-0.24068997578040213
4395,-0.28793047289614393
4396,-0.3391617622283784
4397,-0.30309697630355525
4398,-0.28503995015105466
4399,-0.29414244520579735
4400,-0.19925004122522816
4401,-0.15739250164421564
4402,-0.05537403312155187
4403,0.028789555115929177
4404,0.04378142375873806
4405,-0.07706675093597182
4406,-0.031492050247044046
4407,-0.03352693920281746
4408,-0.011524833841754956
4409,0.021597895937585765
4410,-0.09926251573697248
4411,-0.0622644317788737
4412,-0.10701350210339056
4413,-0.1168963988125738
4414,-0.13074626465125277
4415,-0.18017553948065135
4416,-0.15424392648188245
4417,-0.11404415447972277
4418,-0.0723710028624297
4419,-0.04711427540214208
4420,-0.06165903072122436
4421,-0.052342241457086325
4422,0.031145852062607338
4423,-0.056457997188888775
4424,-0.0882899080720474
4425,-0.08327662256915708
4426,-0.08315106116673732
4427,-0.07190002692318476
4428,-0.07549932346729082
4429,-0.10384431509126912
4430,-0.1246199064341112
4431,-0.07859974286645455
4432,-0.042453913709720514
4433,-0.09996294404924039
4434,-0.12445031378811866
4435,-0.08124601485665445
4436,-0.08788040614688786
4437,-0.12097560903196047
4438,-0.11192773910877307
4439,-0.06858421057499237
4440,-0.12514744148772822
4441,-0.20881037158410787
4442,-0.22953387807422237
4443,-0.19211065845888664
4444,-0.09003492571282684
4445,-0.10971491278759449
4446,-0.14144268884131794
4447,-0.06639923829645011
4448,0.030632234359827204
4449,0.05433375933171314
4450,-0.02861487047254546
4451,-0.0671486430150644
4452,0.0498173107196942
4453,0.08049356065370605
4454,0.002874570245691155
4455,0.039067399768201394
4456,-0.10365721518411125
4457,-0.09168226929342593
4458,-0.05788958141605305
4459,-0.2096619689437954
4460,-0.2219672520905273
4461,-0.18265857346902958
4462,0.020248901585991574
4463,-0.06042215683899127
4464,-0.06130938367637134
4465,-0.0020812268056898953
4466,0.050886210698420364
4467,0.025945431531997132
4468,0.0019756137951342234
4469,-0.035242977143854326
4470,-0.029921929642622858
4471,-0.04716766837652164
4472,-0.033764828142274106
4473,0.0768171117353682
4474,0.09959146494603799
4475,-0.021733788455813585
4476,0.01974818609389606
4477,0.003340419299931896
4478,0.021571299713471714
4479,-0.16985615541040044
4480,-0.1899057888943424
4481,-0.16250625112520523
4482,-0.08824978803448114
4483,-0.044660295241046366
4484,-0.06473778078058612
4485,-0.1099347226787647
4486,-0.08882559390550637
4487,-0.10184610732433741
4488,-0.11150847380909523
4489,-0.16300023321309742
4490,-0.03282359311280586
4491,-0.16530599015374364
4492,-0.27268016221493907
4493,-0.2866445194553267
4494,0.018799595317469664
4495,-0.15830270240771627
4496,-0.14173803459385298
4497,-0.06763580899989174
4498,-0.06472060451632344
4499,0.02678588623563516
4500,-0.1578815695718893
4501,-0.07261971747661178
4502,-0.21076275820130874
4503,-0.0901603694846192
4504,-0.10868373865325887
4505,-0.018159349656327983
4506,-0.03801787141296148
4507,0.14243679443686885
4508,0.13101089824537182
4509,0.01155428568191108
4510,0.03863608951500885
4511,-0.12789394203431204
4512,-0.08214738489531809
4513,0.004070128756932245
4514,-0.058355532083000816
4515,-0.09774015130237207
4516,-0.08039192371029574
4517,-0.12249839696521059
4518,0.050866841689688025
4519,0.10043361091035252
4520,0.027623821009281846
4521,-0.016053364895393663
4522,0.029335497416140832
4523,-0.12006251482969693
4524,-0.14863003845185568
4525,-0.18259384280654156
4526,-0.11380141347715356
4527,-0.05537648634120129
4528,-0.12703451709438257
4529,-0.0412641904871599
4530,-0.14742553648106138
4531,-0.13336889706662725
4532,-0.0682311736322993
4533,0.12595153783258428
4534,-0.08167205121539328
4535,0.02935270096356224
4536,0.09137659135172027
4537,-0.07723319612960877
4538,0.024120990328575953
4539,-0.04939475408658034
4540,-0.04427365615705636
4541,-0.08138594421221851
4542,-0.06838770546355011
4543,-0.050035186981684465
4544,-0.0526242191032506
4545,-0.05264898713116173
4546,0.015350604150004221
4547,0.0005455703081194141
4548,0.012517457308221958
4549,0.033888196334917575
4550,0.04777326429703843
4551,0.006761881444986684
4552,0.06291009576833873
4553,0.015475855532258276
4554,-0.008632991872237816
4555,-0.045910550078042456
4556,-0.0272458027146662
4557,-0.012661149024010776
4558,-0.010551503316523103
4559,-0.03897931525976184
4560,-0.04305404036963506
4561,-0.0048810172221419035
4562,0.0331615532579036
4563,0.007096711939827083
4564,0.013027233936333205
4565,-0.011401557215569569
4566,-0.022379318389785574
4567,-0.05098464001443154
4568,-0.0503565001532188
4569,-0.06615871593348432
4570,-0.057386441534962696
4571,-0.028953808353370802
4572,-0.02604256929055665
4573,-0.0309791189480057
4574,-0.026101552102739567
4575,-0.0980606584806204
4576,-0.11654272195851434
4577,-0.13478719620926005
4578,-0.10325656982025089
4579,-0.037498165307858655
4580,-0.0043918584757886014
4581,-0.049831236181056116
4582,-0.054626874081483645
4583,-0.05793547941452992
4584,-0.08982728687201302
4585,-0.10222440295288554
4586,-0.09742954245662372
4587,-0.10976462159787231
4588,-0.07875241984208153
4589,-0.06089958702329473
4590,-0.025939814073964285
4591,-0.03903151218450007
4592,-0.00731880414856112
4593,-0.026266026748145765
4594,-0.023342893279192367
4595,-0.058719760897020135
4596,-0.1693231355715844
4597,-0.21015942779848712
4598,-0.17223646216510397
4599,-0.20458128838999778
4600,-0.19515575058809354
4601,-0.23039894311688613
4602,-0.2265411495433723
4603,-0.2625152038393602
4604,-0.2547341503559425
4605,-0.2645006328714198
4606,-0.26416616238827084
4607,-0.2434863461503471
4608,-0.185323619154447
4609,-0.21256248331776506
4610,-0.16782009341729942
4611,-0.20016809529411517
4612,-0.15473689320098444
4613,-0.16289605125382123
4614,-0.1531023227493406
4615,-0.1353829472236207
4616,-0.1364386918537953
4617,-0.167015665943531
4618,-0.1711480844964144
4619,-0.14999526811684405
4620,-0.2085318402844285
4621,-0.15014639925320994
4622,-0.1038597864649195
4623,-0.1159494902345225
4624,-0.09224183993570562
4625,-0.1175533765699624
4626,-0.11374071010515091
4627,-0.18193404802972835
4628,-0.11765428174797005
4629,-0.0828482043790334
4630,-0.10488109313868949
4631,-0.1288956697986266
4632,-0.18073182238160357
4633,-0.2178411696600705
4634,-0.22786701428265155
4635,-0.23646805943357824
4636,-0.2672589306509816
4637,-0.17867582180218267
4638,-0.2553989630660279
4639,-0.28854098199690575
4640,-0.2511865437484429
4641,-0.01678200704711441
4642,-0.1387533104320714
4643,-0.2555591525408831
4644,-0.21806858908022358
4645,-0.008111301887517908
4646,-0.03788389361027289
4647,-0.040668863259678445
4648,-0.003334249446721671
4649,-0.18914830147940004
4650,-0.12769698975487953
4651,-0.06389744756333726
4652,-0.13115753448599465
4653,-0.18201808930169455
4654,-0.08623713570222247
4655,-0.08871112515895768
4656,-0.09472197517929459
4657,-0.08740676466201586
4658,-0.052923732144209534
4659,-0.0740676771169243
4660,-0.1390983730920401
4661,-0.10738957679440242
4662,-0.10323993469521303
4663,-0.1447934875831282
4664,-0.0833323079758227
4665,-0.04526388670559561
4666,-0.05608241390656177
4667,-0.11156430654262872
4668,-0.14598908904816954
4669,-0.029167851097404107
4670,-0.1097962586973279
4671,-0.1501948094213149
4672,-0.14745432689241855
4673,-0.164159608615776
4674,-0.0889045861415515
4675,-0.04801417891551363
4676,-0.1144464558584476
4677,-0.10971762564761894
4678,-0.13170266937277175
4679,-0.1270519918178486
4680,-0.12982069555908926
4681,-0.23864994564409703
4682,-0.24169389625373816
4683,-0.12346071700016803
4684,-0.10545138049030217
4685,-0.07037551387057323
4686,-0.193032814676401
4687,-0.1293856959500156
4688,-0.1516895441029969
4689,-0.22781064132335604
4690,-0.19735204494817743
4691,0.0024495389142831225
4692,-0.1073933995795544
4693,-0.19961213597034733
4694,0.025741822757072708
4695,-0.27357678976209565
4696,-0.2530641471510828
4697,-0.23380610660005302
4698,-0.17630596407072374
4699,-0.17530225985829861
4700,-0.2141549720847858
4701,-0.18994180983877712
4702,0.014070965078445075
4703,-0.13942598167816167
4704,-0.1282243500738089
4705,0.09821992401170143
4706,0.01095106705092852
4707,0.07792129701698691
4708,-0.10331478401549382
4709,-0.016205266967204146
4710,-0.049446097429172386
4711,-0.12299765571852939
4712,-0.11420871078526196
4713,0.09864810552919556
4714,0.0008935815322022034
4715,0.12455012491045458
4716,0.12602686288283216
4717,0.03669188160894177
4718,0.05490385172082457
4719,0.07825200352465322
4720,0.044264984364474125
4721,-0.010303889682446443
4722,-0.05410476646021101
4723,-0.16058330963395379
4724,0.00842622016615624
4725,-0.0337380048716282
4726,-0.17650530070598308
4727,-0.13641819828331042
4728,-0.22549216196615673
4729,-0.2193811801940186
4730,-0.18877681015509384
4731,-0.07942667690422933
4732,0.05474924113107149
4733,0.10237963173242215
4734,0.07896880654817373
4735,-0.03576349289141739
4736,0.029442538070107327
4737,0.081474183278613
4738,0.09776367023353916
4739,0.07280790816050886
4740,0.04244240529034149
4741,0.04200723893269043
4742,0.040685038747089286
4743,0.009669523758893073
4744,0.04375053814747365
4745,0.022299210458776808
4746,0.08125111626478831
4747,-0.10304582437110948
4748,-0.1609454512198717
4749,-0.07379029370698553
4750,0.039901927822067584
4751,0.03558902216407467
4752,0.07361853493065118
4753,0.09720114620928022
4754,0.10861728573455776
4755,-0.05752903376072904
4756,-0.04518252248999499
4757,-0.03496789295170821
4758,-0.013915197950444269
4759,-0.0714254848698137
4760,0.01826701445585599
4761,-0.010668753022104127
4762,-0.06796384216934859
4763,-0.04449075152178128
4764,-0.02151725502825269
4765,0.01918581510394446
4766,0.007525144412543372
4767,-0.10266962938405
4768,-0.09150713757176393
4769,-0.031704427439987026
4770,0.008044632171351207
4771,-0.0007685306954823834
4772,-0.05055297203646003
4773,0.003149856560840325
4774,-0.07012427962244827
4775,-0.1150982119575229
4776,-0.15879961145562616
4777,-0.15853130075749583
4778,-0.22681636727412247
4779,-0.2740035189293438
4780,-0.19218178617964682
4781,-0.2256798357079718
4782,-0.23417420327284277
4783,-0.1506104805092089
4784,-0.16420180973832743
4785,-0.2711926926416372
4786,-0.2829289855249798
4787,-0.04221258884459089
4788,-0.21690291665352723
4789,-0.18973488844719733
4790,-0.23024398475071095
4791,-0.011303111652769982
4792,-0.027613960523308667
4793,0.059221086392126754
4794,0.0587827608995829
4795,0.02897452727068306
4796,0.14473961167628935
4797,0.1521008206868235
4798,0.007500887364657927
4799,-0.005686264482950343
4800,0.02386393202510062
4801,0.007363019193730502
4802,0.028448568565773824
4803,0.1293530255304891
4804,0.10534868237833206
4805,0.009994334848754782
4806,-0.00017222101311620275
4807,0.14806864872088532
4808,0.03851771539646398
4809,0.028743639715299807
4810,0.10604485854845225
4811,0.15176498814673356
4812,0.20424546157618884
4813,0.15207316688248773
4814,-0.10446362810667453
4815,0.057688515839592225
4816,0.033954291330290376
4817,0.05533424192662795
4818,-0.003945765571588766
4819,0.05116606524304601
4820,-0.005668101064923714
4821,-0.0383672924096633
4822,-0.14423931499326798
4823,-0.018545858475854105
4824,0.04481135991176244
4825,0.024131615323571887
4826,-0.09129867111195578
4827,-0.05153066618621749
4828,-0.12368146244150513
4829,-0.11315136856151792
4830,-0.14619329540189585
4831,-0.17587157173952878
4832,-0.255692415859297
4833,-0.24630394850481785
4834,-0.18124400547129
4835,-0.2337885750499834
4836,-0.2983963382015108
4837,-0.31409398073784506
4838,-0.3008436240780952
4839,-0.26831872447568744
4840,-0.2943103393471898
4841,-0.2818283580375907
4842,-0.19807297221255588
4843,-0.26800169844882504
4844,-0.2906731067378299
4845,-0.20402015962450448
4846,-0.10262131512158051
4847,-0.0749964706806886
4848,-0.16523376935024076
4849,-0.17804582767795463
4850,-0.0913074823927692
4851,0.023213514695142434
4852,-0.0896795976608315
4853,0.03264256012340094
4854,0.06722287048337272
4855,0.06538388715679488
4856,0.0036281120183681015
4857,-0.019606259539007964
4858,0.005623743610485232
4859,0.022754147600734576
4860,0.05266779521559983
4861,0.015455188551606103
4862,-0.006460350041639806
4863,-0.13903269063186408
4864,-0.21542867264977456
4865,-0.1863190262491724
4866,-0.20848026676446274
4867,-0.2305202264789984
4868,-0.28846612227068585
4869,-0.2904787238918984
4870,-0.3133457933828467
4871,-0.3322003190059322
4872,-0.3480484825216592
4873,-0.3632644671916357
4874,-0.36417381194933807
4875,-0.3847864403506469
4876,-0.35801156107647975
4877,-0.31924840484792055
4878,-0.3695954389917913
4879,-0.3085177374128716
4880,-0.2733367745307981
4881,-0.22061241428957135
4882,-0.2311898771096007
4883,0.05261930762049971
4884,-0.08405704488139787
4885,-0.04158378947773089
4886,-0.03413272775988874
4887,-0.16324749551400047
4888,-0.08733434539000112
4889,-0.15350093824064814
4890,-0.04801157653355881
4891,-0.08413429328076105
4892,-0.06573495810293267
4893,-0.11465324763389206
4894,-0.09291824650199859
4895,0.015304095495215053
4896,0.039936984506590556
4897,0.05333495482874384
4898,0.10459637927968057
4899,0.18676063519407704
4900,0.1948778281763932
4901,0.16720177223363308
4902,-0.024433123517993316
4903,0.004369060348412113
4904,0.03418734762851716
4905,0.005517216773871403
4906,-0.019756436134738986
4907,0.07723524670935067
4908,0.07968029588010128
4909,0.1914843942984753
4910,0.2101712775581216
4911,0.18209021840434536
4912,0.1773084696248064
4913,-0.06566588858756106
4914,-0.08803028378958605
4915,-0.07023714033312223
4916,0.02897377296566339
4917,0.05967035752048555
4918,0.10222894792424297
4919,-0.008403861847413985
4920,0.016418992786083275
4921,-0.013320375316266564
4922,0.07201296396681378
4923,0.14061543068941273
4924,-0.1072946402750316
4925,-0.03864002737314387
4926,-0.0006689157867826867
4927,0.003801290025088888
4928,-0.09646678296516759
4929,-0.1026580476262311
4930,-0.29451345232034015
4931,-0.247799125542203
4932,-0.14817327686280946
4933,-0.1701452587399897
4934,-0.16165069735680337
4935,-0.16870395189853782
4936,-0.194141154363552
4937,-0.16105499997696493
4938,-0.1318987678339033
4939,-0.22056526785118147
4940,-0.21020412190818955
4941,-0.20937929850136472
4942,-0.1322919417937996
4943,-0.08883635235201826
4944,-0.05005223179704432
4945,-0.03251162941659569
4946,0.0017409598516595626
4947,-0.0887542861032552
4948,-0.032901832327175806
4949,-0.019362202395775907
4950,-0.021991686813468025
4951,-0.0804249025736789
4952,-0.12338691480289016
4953,-0.16165909872837103
4954,-0.09560320377712517
4955,-0.07611872267820408
4956,-0.060820866066666646
4957,-0.010092146133822422
4958,-0.08947305137088912
4959,-0.09679162817373604
4960,-0.17936389631236344
4961,-0.1975579841417227
4962,-0.22414389182023098
4963,-0.30850776344800657
4964,-0.3646188131876691
4965,-0.2566151710213837
4966,-0.29681555520482916
4967,-0.3033100516411433
4968,-0.3110874849130556
4969,-0.30571644899554595
4970,-0.34784115731301396
4971,-0.3271359086563012
4972,-0.303306988450935
4973,-0.27273298226697906
4974,-0.2853887986488041
4975,-0.2869709196423446
4976,-0.2550939343974385
4977,-0.23943707089365895
4978,-0.20817925654741715
4979,-0.01198855426180473
4980,-0.03420185889356675
4981,-0.0041376596999470605
4982,0.008425041581517134
4983,-0.11869558870839503
4984,-0.0028094650704759694
4985,0.01091592713529177
4986,0.048379196414897185
4987,0.03200123524143861
4988,0.013915025905636869
4989,0.04572534647404436
4990,0.05744276341305854
4991,0.02965366603490649
4992,0.06507877900847836
4993,0.0005765524914941311
4994,0.043264496792011053
4995,0.12266626569881989
4996,0.1555904301970117
4997,0.14576921207698912
4998,0.15738752884205054
4999,0.17264845897064518
5000,0.1697984713407117
5001,0.17278842662078464
5002,0.170654852638775
5003,0.16172489283769165
5004,0.1657699070533104
5005,0.15160386349461352
5006,0.18245592363447372
5007,0.12950980520862798
5008,0.13497639767529224
5009,0.15626276868749578
5010,0.16128895811381405
5011,0.13282562107123996
5012,0.14250726811496228
5013,0.11443217874094913
5014,0.06272685461861305
5015,0.037839253309379095
5016,0.052248694477020186
5017,-0.10205157460403563
5018,-0.0490181559792241
5019,-0.04571690483320073
5020,-0.02420106824639967
5021,-0.0411948501771332
5022,-0.018226438384178145
5023,0.007893394160031098
5024,0.06687704019861584
5025,0.037791189331299546
5026,0.0757030766919522
5027,0.05361738933104265
5028,0.006698785148593678
5029,0.11103320006649708
5030,0.047497733471288384
5031,-0.034234234877809744
5032,-0.04178759599363324
5033,-0.0659957678073379
5034,-0.04957034282573114
5035,-0.08154273469522799
5036,0.008496516078393856
5037,0.0011779526116186823
5038,-0.015078239330603593
5039,-0.013465850083148656
5040,-0.06283362498663819
5041,0.004678312381791949
5042,-0.07143187685629815
5043,-0.08122223627764269
5044,-0.09779496873351085
5045,-0.03375564357542926
5046,-0.0587761026643962
5047,-0.05812128864029631
5048,-0.06031313758848905
5049,-0.14490535654068376
5050,-0.17314650489736633
5051,-0.21071040400116092
5052,-0.18298623184065627
5053,-0.194897425576532
5054,-0.19035776660385795
5055,-0.15605469715314835
5056,-0.23549716638640233
5057,-0.23638990538349358
5058,-0.2274046730951606
5059,-0.2536805420729043
5060,-0.25554384854278084
5061,-0.19961512857034425
5062,-0.19517116333275214
5063,-0.23597431438273708
5064,-0.28692416295893397
5065,-0.27369796841209043
5066,-0.2495457574224309
5067,-0.29014416767547574
5068,-0.2676915679340085
5069,-0.22761637046025385
5070,-0.25366726835529885
5071,-0.18908289764719943
5072,-0.18882493552044766
5073,-0.10946500594059005
5074,-0.1879975639203154
5075,0.021470909324379894
5076,-0.04301332978947503
5077,-0.12394027018592724
5078,-0.10035178378069143
5079,-0.10815399369191098
5080,-0.0792233668687542
5081,-0.0017942597591712461
5082,0.05353227397355598
5083,-0.040591925477337476
5084,0.08617259551044876
5085,0.021756848995948763
5086,0.0803179947523176
5087,0.03724587038633609
5088,-0.003863365292851917
5089,0.07836343487151831
5090,0.18198798655243054
5091,0.02136513616873359
5092,0.021587564773777435
5093,0.10538393081632358
5094,0.02185691589588934
5095,0.17992974136095874
5096,0.19950147384267003
5097,0.1963556112944672
5098,0.16347592506863629
5099,0.16690274362069568
5100,0.13912267100890097
5101,0.1616496566077672
5102,0.05741061338118547
5103,0.14477884619369552
5104,0.14151665011843595
5105,-0.03631697830733571
5106,0.03565148244950744
5107,0.17171792644945216
5108,0.180863018167557
5109,0.18451293479720654
5110,0.2335786118907227
5111,0.19688191393067878
5112,0.16741185945676507
5113,0.14112583016940572
5114,0.12951549614529423
5115,0.12658652175428875
5116,0.1431322826476884
5117,0.07272430701115107
5118,-0.2371515143797901
5119,-0.20325981572353896
5120,-0.2461405409028688
5121,-0.2907421017069819
5122,-0.25645841328046315
5123,-0.08390901272509027
5124,-0.1910012150475507
5125,-0.13505681140878895
5126,-0.15564315955996594
5127,-0.169128719707284
5128,-0.05920459351192192
5129,0.07854957692416065
5130,0.07563132097014258
5131,-0.02209063424302027
5132,-0.003390190875417254
5133,0.034790579490324824
5134,0.01999215173256741
5135,0.030165162683097435
5136,0.05146230181012501
5137,0.07523525282178078
5138,0.06753467150787995
5139,0.09620883547447845
5140,0.08961711804469519
5141,0.062019851784932856
5142,0.05751809741104241
5143,-0.11280835425705577
5144,-0.029160538522536583
5145,0.048711765052019906
5146,0.055433235293718464
5147,0.11251089581527396
5148,0.12404538155398082
5149,0.1268703800061617
5150,0.11921134191642702
5151,0.08178116580766415
5152,0.03307067493510818
5153,-0.07484461033172857
5154,-0.04125130539884703
5155,-0.0751851163854389
5156,-0.08646778084918694
5157,0.02685409459799204
5158,0.030014627058622345
5159,-0.035355837603390394
5160,-0.07790117705514976
5161,-0.015218750961846716
5162,0.0007890557241305718
5163,-0.05033005314362021
5164,-0.028023700992624356
5165,-0.036039264986063024
5166,-0.03515902364401813
5167,0.004751950334159649
5168,-0.007019008912526048
5169,0.13550515002082197
5170,0.18918096834480125
5171,0.2049135300901952
5172,0.05890420817294606
5173,0.1507072022621898
5174,0.16764688683746376
5175,0.12950287167551944
5176,0.17294109011707204
5177,0.16796134546297137
5178,0.16267640320621934
5179,0.06769346979319035
5180,0.08345111426343166
5181,0.18698070001740086
5182,0.06501412811975171
5183,0.10609509546852425
5184,0.012073667977689828
5185,0.051604584672697684
5186,0.04724700807945825
5187,0.09763231373338266
5188,0.10505558630649425
5189,0.11097717919516492
5190,0.11049989624202827
5191,0.17884125537455442
5192,0.1704060261999102
5193,0.05546788681464343
5194,0.08554291978030959
5195,0.10762988700188314
5196,0.06457397801623865
5197,0.028172608893079376
5198,-0.005440146123785905
5199,0.05695167650243882
5200,-0.008682628101728429
5201,-0.016535859999183333
5202,0.009713648141633113
5203,-0.08390911032300813
5204,-0.05786622422635085
5205,-0.03112103255812848
5206,-0.07802447748985941
5207,-0.01807456622309339
5208,-0.10481184438370955
5209,-0.17831795844354287
5210,-0.1834914553281628
5211,-0.18091624861264383
5212,-0.19039342092893763
5213,-0.21474188475760747
5214,-0.18350310185806756
5215,-0.07554181446278063
5216,-0.044140431841447836
5217,-0.040392925939436775
5218,-0.06715275638437879
5219,-0.15645018527474097
5220,-0.302308911652862
5221,-0.26717107706512244
5222,-0.3155379320998166
5223,-0.35812060290992537
5224,-0.3777829136340159
5225,-0.3681184094227039
5226,-0.34875418222647486
5227,-0.37663402018460995
5228,-0.3709376003261258
5229,-0.3284957954769494
5230,-0.3104922999396718
5231,-0.30434913859131457
5232,-0.28063649712497185
5233,-0.22340235709800815
5234,-0.21096077940421387
5235,-0.1895846152681282
5236,-0.17578063281565842
5237,-0.07251234367255133
5238,-0.042919955562459866
5239,-0.11251927678820672
5240,-0.16164774165360474
5241,-0.19054657496025396
5242,-0.13608469467532208
5243,-0.09581615551367967
5244,-0.060078795194658696
5245,-0.02567795685026597
5246,-0.15709460932090263
5247,-0.1376521805997749
5248,-0.11265470181390275
5249,-0.14290980943302578
5250,-0.11320581098691662
5251,-0.09370855995793476
5252,-0.19906259347518473
5253,-0.1808918024531342
5254,-0.1284318272569318
5255,-0.1327677135579104
5256,-0.1419245441441973
5257,-0.1082824513224574
5258,-0.13020021132692766
5259,-0.16904770182745577
5260,-0.18562659101379847
5261,-0.2608340118546524
5262,-0.24536613907839633
5263,-0.19190429432761874
5264,-0.20163950858067714
5265,-0.14321895949243485
5266,-0.16708173445884744
5267,-0.08379970531019865
5268,-0.1449008979610243
5269,-0.09519619322527773
5270,-0.10951021436631847
5271,-0.15398997055484448
5272,-0.193963648806115
5273,-0.1750905383598635
5274,-0.1125316742238931
5275,-0.15334696495187733
5276,-0.1927888008335456
5277,-0.1756803329001505
5278,-0.07086110624696368
5279,-0.01609817173053213
5280,-0.10312616826080007
5281,0.005852512004973276
5282,0.03792051286614995
5283,0.07786956140452261
5284,0.14671073957757452
5285,0.013160115230013036
5286,-0.06231756596793325
5287,-0.03149919842894927
5288,0.04114376084650917
5289,-0.054938425156919546
5290,0.008558965036344235
5291,0.040634063179583624
5292,0.1342675653144887
5293,0.11839759725645427
5294,-0.05727397602516271
5295,-0.08184076244666533
5296,-0.07587500646147866
5297,0.026151845691613884
5298,-0.12386821819501281
5299,-0.13552940487007048
5300,0.05710362215565401
5301,-0.020269365134752526
5302,-0.04853371254411981
5303,-0.08168154079932799
5304,-0.0736888450641815
5305,-0.11470872292608891
5306,-0.060882332377982906
5307,-0.0658848696642595
5308,0.013614495740172372
5309,0.07977402851259396
5310,0.09798510420115891
5311,0.13830827883496677
5312,0.14148555743599067
5313,0.12695326662481543
5314,0.05449503236701403
5315,0.010027813522078266
5316,-0.18393922208211438
5317,-0.23568933667337155
5318,-0.23271968303669494
5319,-0.2770243578539425
5320,-0.3298276971198017
5321,-0.3723307851222532
5322,-0.3164857222370003
5323,-0.3589094467898191
5324,-0.3584048880781583
5325,-0.37690789782504086
5326,-0.35298847908391773
5327,-0.32858242336163823
5328,-0.34303434657620585
5329,-0.3313173178675285
5330,-0.2780049282970817
5331,-0.23058369810414892
5332,-0.22082536394591812
5333,-0.1371296454724319
5334,-0.09254707272949625
5335,0.0001355606304815904
5336,0.08326349121913956
5337,0.019554796938831
5338,-0.010916873200313204
5339,0.003197941522660286
5340,0.01475359426463263
5341,0.009762236385592482
5342,-0.19380009789504282
5343,0.011605255599273612
5344,-0.03702782793855952
5345,-0.07411300337854776
5346,-0.06127902376519473
5347,-0.0821627684738595
5348,-0.07950908985624283
5349,-0.1406904381961861
5350,-0.1055089255031244
5351,-0.11425326905832894
5352,-0.10615003868029027
5353,-0.1374708278087417
5354,-0.1282855751087748
5355,-0.110197269393837
5356,-0.09190460657738164
5357,-0.13729221658967294
5358,-0.13338569328925975
5359,-0.12565706912309915
5360,-0.10707635004946214
5361,-0.01218361037927218
5362,0.030936291691767925
5363,-0.007155285928538813
5364,-0.023633014776121897
5365,0.005813871033863771
5366,0.020674414128789342
5367,-0.06135214507548198
5368,-0.0830295776260101
5369,-0.13315444240501206
5370,-0.13293345972190762
5371,-0.14132645344760475
5372,-0.13591930845912736
5373,-0.14704309220568618
5374,-0.11200136272861888
5375,-0.07335799277393296
5376,-0.15090628112947857
5377,-0.1612406215439921
5378,-0.1685571399935235
5379,-0.16372132982569643
5380,-0.04577272963811413
5381,-0.04563595056146924
5382,-0.14005883037779726
5383,-0.1357946422784136
5384,-0.12386285831037419
5385,-0.12822422428791225
5386,-0.16443572487052066
5387,0.012761617538968872
5388,-0.16309722980016783
5389,0.020431427608269104
5390,0.03725495272221213
5391,-0.03932192318185068
5392,-0.00756987580352797
5393,-0.14843199191925677
5394,-0.14372123665644942
5395,-0.07289008931614749
5396,-0.05943282216294443
5397,-0.04914741131675493
5398,-0.0810342322583838
5399,-0.04217466121124297
5400,-0.12822316373079595
5401,-0.13758359768088918
5402,-0.13515556990447913
5403,-0.15789061248603126
5404,-0.1350041922423006
5405,-0.09421112029438411
5406,-0.12443771329855935
5407,-0.08914601536002109
5408,0.009721294716131479
5409,0.035455604604838986
5410,0.04163621411238738
5411,-0.03402051116190752
5412,0.0656490766435669
5413,0.10535481465976226
5414,0.10747169834941928
5415,0.07663738473801018
5416,0.05750350569257345
5417,0.02232325274954383
5418,-0.00117032354359059
5419,-0.07779980972720946
5420,-0.10872454341028659
5421,-0.11129299463433073
5422,-0.10171723242482089
5423,-0.08689005362500779
5424,-0.06855548792795335
5425,-0.10558222496272113
5426,-0.07622700701099161
5427,-0.07744295123976935
5428,-0.0303097908818602
5429,-0.017732189700916723
5430,0.0036053566247837843
5431,0.03311169502510991
5432,0.010406068008500968
5433,-0.009880808074151815
5434,-0.026182643313791054
5435,-0.052207016385646565
5436,-0.07094181587445281
5437,-0.07512502093197282
5438,-0.1144483369663637
5439,-0.1617386133848281
5440,-0.16599254507699124
5441,-0.1658499442011197
5442,-0.1656477722979114
5443,-0.16231572994743687
5444,-0.17833956522138372
5445,-0.19236281414733847
5446,-0.19209339137746695
5447,-0.18580419281233523
5448,-0.14071081761415571
5449,-0.15990820161240438
5450,-0.16883319537373498
5451,-0.17785911415562078
5452,-0.17287360411663133
5453,-0.13161351283123918
5454,-0.15370111411322263
5455,-0.14689948635768635
5456,-0.010800272928282673
5457,0.019696516481164328
5458,0.14365714267318253
5459,0.08373557860350811
5460,0.07897943852536937
5461,0.06738743891008492
5462,0.036257333821075655
5463,-0.0913556785746451
5464,-0.06807413418872343
5465,-0.024626238590226113
5466,-0.028736331009416527
5467,-0.15977033863086004
5468,-0.12639527004390988
5469,-0.03394145892152933
5470,-0.013507150973319892
5471,0.05442945894281148
5472,0.15139619647177338
5473,0.1274975091284204
5474,0.09958115240907883
5475,0.05061176974398762
5476,0.15660429443934176
5477,0.1692013732091182
5478,0.18906588250826306
5479,0.18097125262610336
5480,-0.031120571081858006
5481,-0.011044631511014535
5482,0.022544955240149323
5483,-0.0579540932667183
5484,-0.0136501171161994
5485,-0.015685427105767258
5486,0.044403867806288355
5487,0.07875555031272241
5488,0.11432565170600739
5489,-0.0808344729107282
5490,-0.024403821769960143
5491,0.08896756763264713
5492,0.0964127612744139
5493,0.03709838138792354
5494,-0.029446864323945554
5495,-0.02625976085925974
5496,-0.14009885820046292
5497,-0.14618084009339605
5498,-0.1658921264177733
5499,-0.10270615950286283
5500,-0.07201518201267765
5501,-0.08773068752349245
5502,-0.05825796564587471
5503,-0.07312036582992781
5504,-0.0757053631628607
5505,-0.035279666073400384
5506,-0.029834141039973616
5507,-0.03231893506483391
5508,-0.011410565331079536
5509,0.03512971336778947
5510,0.015934808024737346
5511,-0.038225645297569
5512,-0.03026431110361444
5513,-0.05016818707100568
5514,-0.08795175644964648
5515,-0.09331974487483219
5516,-0.13883525145018266
5517,-0.10412600281378331
5518,-0.06178601752212093
5519,-0.1174279153830517
5520,-0.07757723121634558
5521,-0.06531889810192676
5522,-0.09208964508769296
5523,-0.08113936954155798
5524,-0.060844432932610104
5525,-0.07273844648813083
5526,-0.09868643330850946
5527,-0.09597133376839267
5528,-0.11469620100037137
5529,-0.1313175540019455
5530,-0.15096732839324345
5531,-0.14251170669509633
5532,-0.11687008785001324
5533,-0.09065950690274577
5534,-0.07514495894687051
5535,-0.18787374695658343
5536,-0.1973132445086076
5537,-0.19643422906294028
5538,-0.17553586719585706
5539,-0.1429380471166547
5540,-0.03726575103542312
5541,-0.0684698526764489
5542,-0.010232892514035696
5543,0.0047663973173351915
5544,-0.04407915008277408
5545,-0.05871216385704725
5546,-0.001984148461623647
5547,-0.09711670098221054
5548,-0.11760586221010572
5549,-0.06387362414543779
5550,-0.1429805558618295
5551,-0.07767044910199267
5552,-0.011181233752746267
5553,-0.008203155683337737
5554,0.012199897520253966
5555,-0.09915066958894547
5556,-0.09997715515151845
5557,-0.07958557192458526
5558,-0.09566356761391831
5559,-0.14543570139583273
5560,-0.1133196908198949
5561,-0.050044222536274496
5562,-0.040800751740914964
5563,-0.15144444525910516
5564,-0.10055530802297807
5565,-0.08092616113035433
5566,-0.05630663844109246
5567,-0.027789124575732238
5568,0.006120190257575819
5569,0.004155284530165115
5570,0.018953245848129407
5571,-0.022713857584832742
5572,-0.03447177485132302
5573,-0.00962847747771478
5574,-0.026759488437770984
5575,-0.08850305885150284
5576,-0.08492736282054586
5577,-0.03531593176509373
5578,-0.0558151576396867
5579,-0.06265128876323134
5580,-0.042738007721444204
5581,-0.07190669035293878
5582,-0.05426971331608971
5583,-0.056178237087321115
5584,-0.060758246370420044
5585,-0.07732356940916779
5586,-0.14271004635865459
5587,0.043987285040409385
5588,0.06261709295956008
5589,0.04615306364662308
5590,-0.08491856095449252
5591,-0.09416059649147696
5592,-0.20684271528731685
5593,-0.2171920870600051
5594,-0.15641999557353775
5595,-0.1368598717877051
5596,-0.17246074699089453
5597,-0.1429066322963088
5598,-0.13362258861907728
5599,-0.13453347001890936
5600,-0.04750682807048373
5601,-0.08755800406061603
5602,-0.0658060098977386
5603,-0.13416976301421568
5604,-0.14131149324861453
5605,-0.18540582425833818
5606,-0.1438109498916184
5607,-0.15939924018811813
5608,-0.1746170562441981
5609,-0.13796747226305206
5610,-0.12794602623215712
5611,-0.16182183988899101
5612,-0.1732831528623336
5613,-0.1506138650412866
5614,-0.11554734964974978
5615,-0.13852539045878715
5616,-0.13713561076268233
5617,-0.10691541202730831
5618,-0.13184449347980792
5619,-0.06698513329034189
5620,-0.09301471848454168
5621,-0.09903419307809685
5622,-0.10819913043102392
5623,-0.10251929808887283
5624,-0.12751515515069478
5625,-0.16086881706482348
5626,-0.168409512332984
5627,-0.1839594822945848
5628,-0.1660970519246343
5629,-0.17145311064646507
5630,-0.13417922253830677
5631,-0.20504592285502704
5632,-0.21926496074215834
5633,-0.23161306608828164
5634,-0.23481244471143303
5635,-0.20205192245301146
5636,-0.14221906031646725
5637,-0.15652880807433772
5638,-0.1247407838893898
5639,-0.14009356429285136
5640,-0.20244510872908772
5641,-0.23942420695710193
5642,-0.2531715045197832
5643,-0.288068919390489
5644,-0.3063490127239045
5645,-0.2564919937155011
5646,-0.28556884752337547
5647,-0.2748896781503913
5648,-0.25253845316482654
5649,-0.22303652985242312
5650,-0.24617310094568368
5651,-0.22733705681056654
5652,-0.22552327993864607
5653,-0.22703371587514898
5654,-0.24042280911024727
5655,-0.23281728401750457
5656,-0.22242376009163717
5657,-0.2026586104609563
5658,-0.19068915768181255
5659,-0.22371197604755666
5660,-0.19897384779790767
5661,-0.2180426253441312
5662,-0.19671062405770529
5663,-0.20311324571166184
5664,-0.1393003228647966
5665,-0.225010809459052
5666,-0.17771523174941056
5667,-0.2332454785732846
5668,-0.16826964321264365
5669,-0.10485827052974322
5670,-0.1583231223144348
5671,-0.1646531462438665
5672,-0.19098006497799397
5673,-0.2110508740458693
5674,-0.22370834926281946
5675,-0.2008928827898202
5676,-0.20156576354115097
5677,-0.18635257313091091
5678,-0.21325046034847528
5679,-0.16658109867930804
5680,-0.17568307245467252
5681,-0.18330326410450348
5682,-0.1645625272205241
5683,-0.09669901690021276
5684,-0.11754189401353649
5685,-0.16653582976063996
5686,-0.15084969659241187
5687,-0.15519113919061572
5688,-0.17382659706588838
5689,-0.14746810638565927
5690,-0.0739278705430439
5691,-0.10327955055242338
5692,-0.06507507581587574
5693,-0.04648493426842648
5694,-0.04363410597628414
5695,-0.027940622732774423
5696,-0.03309227879265497
5697,0.0413480692804884
5698,-0.04451161457903757
5699,-0.14284050139262278
5700,-0.17795703026578796
5701,-0.18310528232759937
5702,-0.14750784899765013
5703,-0.18960198784742716
5704,-0.20984614628395154
5705,-0.25055135318661703
5706,-0.2453242451855479
5707,-0.2522447267707727
5708,-0.2476522524287833
5709,-0.2279970074055665
5710,-0.23287339358486603
5711,-0.2684818185034078
5712,-0.25627946833044507
5713,-0.2516122205294837
5714,-0.22989772239650624
5715,-0.1701313220110376
5716,-0.10867777477441026
5717,-0.1553895149395909
5718,-0.1226090147172359
5719,-0.09696105627503765
5720,-0.0659493658425091
5721,-0.18507190120134664
5722,-0.09587317143334617
5723,-0.1695014669815179
5724,-0.16966374089085912
5725,-0.11991723300237978
5726,-0.07940658930863015
5727,-0.11674576590932928
5728,-0.0812988104777082
5729,-0.10169600953373076
5730,-0.15787099853484626
5731,-0.2199490577160224
5732,-0.14752452685741313
5733,-0.16918798465097717
5734,-0.27261774938438793
5735,-0.1559347726676063
5736,-0.18002942825554025
5737,-0.2220510300821451
5738,-0.21981778140564484
5739,-0.1704715478312674
5740,-0.0010915741219045816
5741,-0.06973643117722572
5742,0.04996048793728325
5743,-0.1013039414806402
5744,0.0013636590510435198
5745,-0.08530662177197462
5746,-0.08388220320083112
5747,-0.019129963911651893
5748,-0.12285732644619785
5749,0.02154453227942299
5750,-0.10331169289369202
5751,-0.07607106471565073
5752,-0.0702187128436636
5753,-0.002519636922704016
5754,0.05753327333923919
5755,-0.0030182440472907857
5756,-0.010068468570556988
5757,0.09380727400722777
5758,-0.06256948820808816
5759,0.10636704852125889
5760,0.1305502940915071
5761,0.03948065798257705
5762,0.045894540111424464
5763,-0.014169282612039258
5764,-0.06668688716111476
5765,-0.01131341219236004
5766,0.0032010976610066244
5767,-0.031677501225899185
5768,-0.005933079341846059
5769,-0.09386435399972004
5770,-0.04523376190222839
5771,0.019845232075262453
5772,-0.03138800282502807
5773,-0.03670135875267072
5774,-0.004882791214056659
5775,0.04448970638622074
5776,0.04057315509496229
5777,-0.0026860193977958358
5778,-0.07563185683550194
5779,-0.03066404375445131
5780,0.09242404920588321
5781,-0.02257221929294395
5782,0.045138209252671535
5783,-0.04899486087363697
5784,-0.007030322058582006
5785,0.07342331039600913
5786,0.08738685436538873
5787,0.08278656100038106
5788,0.10420648424799595
5789,0.05027889309557376
5790,0.09620040864418533
5791,0.11829320939568677
5792,0.2003154349581563
5793,0.1751982132211487
5794,0.2094220445032018
5795,0.18114937584677304
5796,0.193624955896045
5797,0.2209647946064438
5798,0.24062483745834318
5799,0.1151227867829685
5800,0.19306994954234136
5801,0.12571660850998978
5802,0.12309819195207072
5803,0.022957304014048496
5804,0.043798126412155414
5805,0.04193144885923383
5806,0.014755781070969975
5807,0.007997664024720796
5808,0.012799731748759369
5809,0.08575843743388245
5810,0.06141017254030978
5811,0.15523032698050676
5812,0.07302224088088693
5813,0.07791975386014616
5814,0.10755221396625214
5815,0.08326431818600821
5816,0.1397355255381505
5817,0.03909608338006154
5818,0.04081153541720717
5819,0.004255176019497431
5820,0.009646610476480078
5821,0.005562932964712997
5822,-0.09776666825488622
5823,-0.09724816314623153
5824,-0.07848034294101358
5825,-0.07951429298303025
5826,-0.08756777123192522
5827,-0.13442365451008093
5828,-0.09573148574212942
5829,-0.07916123280258258
5830,-0.19032979128408073
5831,-0.2329751762451518
5832,-0.2432469969394263
5833,-0.25800840916983736
5834,-0.23149119999155265
5835,-0.30295498962336603
5836,-0.24099217550367602
5837,-0.25511786302635864
5838,-0.2672053431949454
5839,-0.22372475439894962
5840,-0.06177739676910282
5841,-0.023658202000473083
5842,0.012550459792760593
5843,0.10298870089966516
5844,0.12813398761120198
5845,-0.03669877569239233
5846,0.07623686637687555
5847,0.09033520229902758
5848,0.06403609577388636
5849,-0.0012597493362508372
5850,-0.06517949478363638
5851,-0.19833171296217128
5852,-0.17543654369051087
5853,-0.15903692638232692
5854,-0.06507678564963576
5855,-0.02326870714352758
5856,0.01516634725261845
5857,-0.02937903882092774
5858,-0.0649506970170236
5859,-0.14693573619974643
5860,-0.15718394882480713
5861,0.012447155537945398
5862,-0.021526572113931774
5863,-0.04889416326147078
5864,0.03344036726473498
5865,-0.02799326229555249
5866,-0.0070707660591582955
5867,0.042900846396325965
5868,0.09696743683362452
5869,0.2070236709676625
5870,0.16339894559078982
5871,-0.007852172629699283
5872,0.03842044661003874
5873,-0.02663545361399422
5874,0.04461914380836807
5875,-0.04130768882712177
5876,0.05669524860019459
5877,-0.04514449108497265
5878,-0.06603819684130985
5879,0.004244220722978809
5880,-0.18564678807612323
5881,-0.026454634877667638
5882,0.07608981600298459
5883,0.06871723770265603
5884,0.042939267986689234
5885,0.030618057942731203
5886,0.02739754936681882
5887,0.10330262820916547
5888,0.11051430130786144
5889,0.015217199503138268
5890,-0.03434085207136989
5891,-0.09001452539615606
5892,-0.0849021087825087
5893,-0.1304654738160705
5894,-0.17235197393673107
5895,-0.20413802699111588
5896,-0.25463891959947704
5897,-0.3389249664220381
5898,-0.35887380098311067
5899,-0.4088349685119963
5900,-0.38954501087143933
5901,-0.4096360181915167
5902,-0.4049581484028003
5903,-0.4272788574847654
5904,-0.41015064236374854
5905,-0.39851500777637316
5906,-0.39338629857495705
5907,-0.34616306506366823
5908,-0.3494636470088553
5909,-0.3361085669284757
5910,-0.2851510030074287
5911,-0.3278799521923226
5912,-0.2933971998485222
5913,-0.3276646571335835
5914,-0.3165843342832685
5915,-0.3168215787465787
5916,-0.28726311501259344
5917,-0.27661172445184057
5918,-0.21273138198506358
5919,-0.1666323087356435
5920,-0.15065569261113587
5921,-0.17863230040385536
5922,-0.23024053239623538
5923,-0.2809801117152493
5924,-0.21543668869868993
5925,-0.3070901815112604
5926,-0.37304202463151087
5927,-0.36775898862512696
5928,-0.3349516407175715
5929,-0.3416903550495239
5930,-0.3312830081952036
5931,-0.3182636720805112
5932,-0.24562469851993146
5933,-0.25787914486548585
5934,-0.10034186355567748
5935,-0.11398247584046511
5936,-0.029704543234170155
5937,-0.010412095824816503
5938,0.0053596146732411976
5939,0.048791855499156656
5940,0.06258639002271627
5941,0.10573263577482828
5942,0.11149152618683877
5943,0.07945893726891462
5944,0.06805700059203323
5945,-0.08213806450272293
5946,-0.05513754009457211
5947,-0.10222703153814755
5948,-0.09466923480244172
5949,-0.018944995280055832
5950,0.0006691086913483968
5951,0.016624777106798883
5952,-0.07113891905238023
5953,-0.044510428784292955
5954,0.043097369249478046
5955,0.1356162791736082
5956,0.14516425136811495
5957,-0.07251350895686881
5958,0.039502817160619985
5959,-0.012052926828898691
5960,0.10493671147150374
5961,0.08501928036957762
5962,-0.08579572997958235
5963,0.03251589724727744
5964,0.06457519254016997
5965,0.14626336086117953
5966,0.16146300763713017
5967,0.06882280985543043
5968,0.09254703339328851
5969,0.13085785383768278
5970,0.15383733757587903
5971,0.09434712680424084
5972,0.1005335791424683
5973,-0.008059566348895597
5974,-0.05113623407601625
5975,-0.1623803299204653
5976,-0.10793674423355121
5977,-0.08063474629785466
5978,0.02712056138348007
5979,-0.0437022140283031
5980,0.07083956079199183
5981,0.1480591457652768
5982,0.150194674299702
5983,0.15680132958217707
5984,0.056154952047890117
5985,-0.04337360276810942
5986,-0.14388888536629885
5987,-0.2263355747007318
5988,-0.29331745573344226
5989,-0.3523311465334579
5990,-0.3521211943272664
5991,-0.3710504221950631
5992,-0.3427922807318364
5993,-0.3288890491323032
5994,-0.36533082689338126
5995,-0.40496473240683384
5996,-0.3781326553270046
5997,-0.38866551761925083
5998,-0.37698443666768944
5999,-0.35031952659358984
6000,-0.34921629909189916
6001,-0.2559782295417406
6002,-0.27605288027643204
6003,-0.24995951359336105
6004,-0.25752502241840713
6005,-0.19783856152963825
6006,-0.1668714577825502
6007,-0.1857913030334281
6008,-0.19470161585506918
6009,-0.23593196015148388
6010,-0.18919365859880866
6011,-0.16031427749769
6012,-0.2044768451258217
6013,-0.23271121574184944
6014,-0.22539451659959864
6015,-0.19568885656546453
6016,-0.17128967624717917
6017,-0.15531998733528574
6018,-0.15297990042374737
6019,-0.1947185046796865
6020,-0.19717348114564603
6021,-0.1880825489924295
6022,-0.2358750787349958
6023,-0.19735849666784766
6024,-0.16149308510383925
6025,-0.20799120814239036
6026,-0.21228824612873876
6027,-0.121254394111591
6028,-0.13962239993727332
6029,-0.07840286153031756
6030,-0.13388362204209336
6031,-0.05997780226989213
6032,-0.023779882948772868
6033,-0.049839679706304874
6034,-0.07771898807743449
6035,-0.11086064114289762
6036,-0.09903503972074273
6037,-0.00991888100518068
6038,0.022269248199918712
6039,0.008293405901631967
6040,0.04138763822674352
6041,0.031682842759232166
6042,0.02657575411673674
6043,-0.03481282889406534
6044,0.010399358943734116
6045,0.034603672104347116
6046,0.01992359117232012
6047,0.0888799499189099
6048,0.060154673226510136
6049,0.025139497432579594
6050,0.0040592052853670735
6051,-0.05198573456710437
6052,-0.01868471353629053
6053,-0.054450752431226934
6054,-0.003209623195178757
6055,0.01304942322618019
6056,-0.0030670184600970485
6057,-0.08779823366938694
6058,-0.10503377057161672
6059,-0.0712575938388883
6060,-0.0363868080092401
6061,-0.07356303246774737
6062,-0.07820164679035829
6063,-0.03727189636171585
6064,-0.008390905967089135
6065,-0.07750291987744395
6066,-0.10831320394468114
6067,0.006707774297821656
6068,0.005542638646875098
6069,0.04303037370699292
6070,-0.01947347026059898
6071,-0.09048570288362373
6072,-0.07769814711943124
6073,-0.066838196207269
6074,-0.12551685937212687
6075,-0.14746377953318007
6076,-0.16252990053641625
6077,-0.14224302510532427
6078,-0.07724701444360854
6079,0.051909857874631316
6080,0.08735180385570618
6081,0.09345779574470936
6082,0.13462600631142996
6083,0.08528038517801506
6084,0.04732036026370945
6085,0.029526163908266678
6086,0.02559322271038056
6087,-0.005199185784850624
6088,0.07473788083575794
6089,0.08448173064956155
6090,0.10889685960088147
6091,0.06834398056183999
6092,0.06414088713651067
6093,0.07181947652175003
6094,0.0768551722373354
6095,0.042216169628344735
6096,0.0366781686872637
6097,0.033112977577627434
6098,0.039233518213329655
6099,0.08320924973576449
6100,0.10695572740227621
6101,0.17034744152269987
6102,0.15760949133787305
6103,0.13742513669368672
6104,0.06018705094572119
6105,0.062136459642181174
6106,0.02540741378597633
6107,0.01824441518492892
6108,-0.024607313744705483
6109,-0.05616194226413007
6110,-0.046156100840916536
6111,-0.1499181958153597
6112,-0.18224219483266435
6113,-0.19082068627769172
6114,-0.14287113706169313
6115,-0.10893323780292075
6116,-0.028725019540707275
6117,-0.03013959621263168
6118,-0.05243085176483342
6119,-0.10116892711185016
6120,-0.08930148471766186
6121,-0.08159943064885555
6122,-0.14713932926056866
6123,-0.1971928913976279
6124,-0.16829715530744932
6125,-0.21024197890002772
6126,-0.2695806115703794
6127,-0.22952138873051747
6128,-0.1331985606652224
6129,-0.11008492760438615
6130,-0.16618576136703328
6131,-0.08901031616961258
6132,-0.12430312126125215
6133,-0.0897386579952032
6134,-0.09078400379390306
6135,-0.09744264505183314
6136,-0.08475062299437958
6137,-0.03665590654002748
6138,0.006251274784726535
6139,-0.1012390169264043
6140,-0.15028564491431096
6141,-0.03852835534130178
6142,0.012871747176916526
6143,0.09522711287149599
6144,0.05089298736584913
6145,-0.08680163946201691
6146,-0.08065239926954354
6147,-0.010500502345586304
6148,-0.04450830227717706
6149,-0.033884446295465775
6150,-0.002629281332014455
6151,-0.11388458618987896
6152,-0.11831674071012765
6153,-0.16476966795772613
6154,-0.16819903548828302
6155,-0.10023319097466837
6156,-0.07104026463693958
6157,-0.0992529656200204
6158,-0.10142691738698023
6159,-0.09453179895328556
6160,-0.0665184745530466
6161,-0.03494536168114398
6162,-0.11341463988505074
6163,-0.102404423624946
6164,-0.005804529867776853
6165,-0.0673827551546059
6166,-0.15259089435538115
6167,-0.1939609374743847
6168,-0.24499930393721459
6169,-0.2547015209387683
6170,-0.17265779754614852
6171,-0.14651322056710359
6172,-0.15805570319840923
6173,-0.10402868016250044
6174,-0.0638108656544027
6175,-0.08166325849873751
6176,-0.06188417136314772
6177,-0.12558784329159478
6178,-0.06200569931512562
6179,-0.10010984806762802
6180,0.00829353987931536
6181,0.04852896741190926
6182,0.1417612994075942
6183,0.05165125532553194
6184,0.02756121991167737
6185,0.07023383479176781
6186,0.09780719980799124
6187,0.0826471504968932
6188,0.03618453273457489
6189,0.07770700181049506
6190,0.09018627073439522
6191,0.07059000598752152
6192,0.04394937373259977
6193,0.040343422908953985
6194,0.032626110801266206
6195,0.07963616791407668
6196,0.0676273741712834
6197,0.02342026307388645
6198,0.03521473073664383
6199,0.015776640319570934
6200,-0.031191287513124943
6201,-0.006099484936944066
6202,-0.0009532869671055044
6203,-0.05409992888875348
6204,-0.06378258814119936
6205,-0.07419504229799223
6206,-0.08325868014709192
6207,-0.12316756230756443
6208,-0.1389819596397351
6209,-0.15927645383682493
6210,-0.1441292472182198
6211,-0.18341663290104032
6212,-0.07493389623250807
6213,-0.07513520133713375
6214,-0.08248720289093736
6215,-0.04124676295763957
6216,-0.029349715149644795
6217,-0.08233680162283008
6218,-0.04606890724045487
6219,-0.1426607975282015
6220,-0.08318671642470771
6221,-0.1564634790595093
6222,-0.17318928874648332
6223,-0.14997604572579243
6224,-0.12334008404458308
6225,-0.07417120725057547
6226,-0.03418789930006205
6227,-0.059671619890414695
6228,-0.11874211093361159
6229,-0.08648357835671988
6230,-0.07037439205944224
6231,-0.001210811105074927
6232,-0.006632892991048134
6233,-0.006074336407159209
6234,0.07837379906348352
6235,0.06176842755404288
6236,0.19950181885939922
6237,0.21582327140269764
6238,0.1967629919808187
6239,0.15549828008175837
6240,0.1586410076647664
6241,0.07901743755262858
6242,0.07500081825402272
6243,0.07840782569664873
6244,0.017139449762309855
6245,-0.002558056100072481
6246,0.003945102357271968
6247,-0.0336826135844312
6248,0.03656958455493897
6249,0.0392110444684004
6250,0.01858242804600163
6251,0.019799610433391845
6252,0.010993840607956828
6253,0.0021976625441324504
6254,-0.02068513309200737
6255,-0.05246402988347515
6256,-0.0953783779984369
6257,-0.029960596433936615
6258,-0.05008211974914467
6259,0.06794156399114226
6260,0.07610041745075524
6261,0.029079309476466753
6262,-0.10228779746752659
6263,-0.04660374395359773
6264,-0.16315001370927812
6265,-0.17917775883978942
6266,-0.15740279026142895
6267,-0.14832185173115192
6268,-0.14654141235796347
6269,-0.181736499043407
6270,-0.16096154817084796
6271,-0.18898454430520228
6272,-0.17999758053349246
6273,-0.19497857338721886
6274,-0.20176640727843703
6275,-0.23358500170045743
6276,-0.21620078131627024
6277,-0.18595969240003019
6278,-0.11170983809725066
6279,-0.11164680881679717
6280,-0.08042271473542212
6281,-0.07164538570621798
6282,-0.07997264580819036
6283,-0.12827231903354253
6284,-0.1365108194031145
6285,-0.10739996438340277
6286,-0.08942967271855401
6287,-0.13324324455436437
6288,-0.11480817710309948
6289,-0.11397867599608535
6290,-0.07491401315717405
6291,-0.06206846129708021
6292,-0.055866144520100414
6293,-0.04685778776922095
6294,-0.03932047792752391
6295,-0.05300366629960107
6296,-0.09736234564309765
6297,-0.08938239464093672
6298,-0.10713945812588788
6299,-0.12201968128932356
6300,-0.12291167291442656
6301,-0.11968035991262244
6302,-0.12615345044757892
6303,-0.1658268625779062
6304,-0.16081098644355524
6305,-0.18089313825130432
6306,-0.20440131135716572
6307,-0.2053787210730697
6308,-0.16995671916628535
6309,-0.16905208901585683
6310,-0.19421937682665869
6311,-0.15126562016679773
6312,-0.15800242014394061
6313,-0.14145391367046511
6314,-0.18495945272805114
6315,-0.16573198479596968
6316,-0.1709394298532002
6317,-0.19416358207827134
6318,-0.23494030805123423
6319,-0.18559881205509732
6320,-0.15557938338970118
6321,-0.21856449734744748
6322,-0.15073437852733262
6323,-0.08586116111061015
6324,-0.073033053110856
6325,-0.018325958585722446
6326,-0.0010543403882007363
6327,0.0061933631182578
6328,-0.027882266014901624
6329,-0.035576530899578795
6330,-0.028618928479352657
6331,-0.016319104259183426
6332,0.03734186825021657
6333,0.03382391801399787
6334,0.03433074272120862
6335,0.09454246079732298
6336,0.10248976510487728
6337,0.14715831950515867
6338,0.12103771907187344
6339,0.08936156187384847
6340,0.10456368362174884
6341,0.1089506113013139
6342,0.09791102641237592
6343,0.10731008263425412
6344,0.0466807668572401
6345,0.04930711460672643
6346,0.012899632905163494
6347,0.002832864422534276
6348,-0.0303524085351089
6349,-0.031743569853700915
6350,-0.020314906318938397
6351,0.002413795534755514
6352,-0.02827615606410444
6353,-0.0502715429211375
6354,-0.06574829780408253
6355,0.061028942704862255
6356,0.10254150577062826
6357,0.023293486732480106
6358,-0.13634030172071626
6359,-0.09750501962787805
6360,-0.12730458860942867
6361,-0.1905999731290794
6362,-0.1897329338507162
6363,-0.17477732409469188
6364,-0.1263250866428725
6365,-0.1219674067390249
6366,-0.07940660960030588
6367,-0.10622420740879718
6368,-0.08506163757908924
6369,-0.1157441524040424
6370,-0.2014196337761105
6371,-0.23334081710701093
6372,-0.2616215559598226
6373,-0.22945445947182147
6374,-0.1275722155511091
6375,-0.1821511759691209
6376,-0.16778224929965324
6377,-0.1892191274921785
6378,-0.15420000270428746
6379,-0.08093280650176693
6380,-0.11236486934583673
6381,-0.018778679756827454
6382,-0.002802202997716108
6383,-0.011966939781549502
6384,0.006998298711710649
6385,0.010206179230274004
6386,-0.00919496670291331
6387,0.04426345884511429
6388,0.022555583160648096
6389,0.057761790655517564
6390,0.06444064129070848
6391,0.034378487818918835
6392,0.061605607861191736
6393,0.03912855862284825
6394,0.03893215566561836
6395,-0.0346540315945531
6396,-0.04274653807964074
6397,-0.03013671864500156
6398,-0.005239914637000798
6399,-0.03780172574913898
6400,-0.05652115509544764
6401,-0.06313971452948419
6402,-0.09593957951174331
6403,-0.1584214465617081
6404,-0.12433290695325777
6405,-0.12291725832356881
6406,-0.22852565753765552
6407,-0.24413653802434115
6408,-0.2912744629254891
6409,-0.2945017605547424
6410,-0.2886454310955146
6411,-0.29627749761754374
6412,-0.23023661224798941
6413,-0.19048019906780744
6414,-0.1727780777239774
6415,-0.11954967746401024
6416,-0.05063954747443444
6417,-0.04372268928939754
6418,-0.0387431606695226
6419,0.00877475951361728
6420,0.014745772324999296
6421,0.07310959045835219
6422,0.10360129707902155
6423,0.12427441596296329
6424,0.1118151731012802
6425,0.08592608215410846
6426,0.1071585317232222
6427,0.10334471557735758
6428,0.05254013342966002
6429,0.06789771065136851
6430,0.04200224738276925
6431,0.03276994162409286
6432,-0.01586260155510999
6433,0.06231429197432381
6434,0.08839413447094235
6435,0.09105373671088068
6436,0.04922730625424987
6437,0.07361593129009592
6438,0.07120940985592239
6439,0.09143839197120052
6440,0.038173489631997404
6441,0.035348440789463864
6442,0.07403637407333563
6443,0.05688130155196891
6444,-0.013173557273139014
6445,-0.017260790705061813
6446,0.043410079754919506
6447,-0.019257038752297784
6448,-0.06588415450721968
6449,-0.02975093592864786
6450,-0.05661766888944886
6451,-0.06484392874351952
6452,-0.0895597218408195
6453,0.0213929939550892
6454,-0.03720245380995779
6455,-0.032257885090658966
6456,-0.1256601554841218
6457,-0.0237831991014838
6458,0.015872833041499
6459,0.06593644346375604
6460,0.09470355591573587
6461,0.06546944832601698
6462,0.008057901700726178
6463,-0.06673851410874121
6464,-0.19120552825506254
6465,-0.23916640187822014
6466,-0.37499609862425126
6467,-0.4128139319193697
6468,-0.4121009493217427
6469,-0.42497889098141184
6470,-0.42149400635457507
6471,-0.42101778911443255
6472,-0.4372490167079359
6473,-0.4307149627299783
6474,-0.43016385662474643
6475,-0.4260248684094776
6476,-0.43369467209715723
6477,-0.4155356955098025
6478,-0.4068288615681451
6479,-0.41725504264794233
6480,-0.37412322291017347
6481,-0.4010369631794881
6482,-0.3931247546713059
6483,-0.32650954946009225
6484,-0.3868753400549286
6485,-0.3445142129070497
6486,-0.34544590605571585
6487,-0.3306358012729507
6488,-0.3220863016577272
6489,-0.2575939906249589
6490,-0.2305455181303534
6491,-0.21483879791280175
6492,-0.17179946782174726
6493,-0.17555231070610788
6494,-0.19410978422731806
6495,-0.2008769801456206
6496,-0.20858824741145465
6497,-0.1757399895894169
6498,-0.20339180081845093
6499,-0.25752215318217864
6500,-0.22643442414643195
6501,-0.23397562372084574
6502,-0.27023834564994165
6503,-0.31141501789327597
6504,-0.2972039733260478
6505,-0.30250902674688207
6506,-0.2622814835537062
6507,-0.2085219071461853
6508,-0.2266345912078212
6509,-0.22357552694532334
6510,-0.05124062472642049
6511,-0.1296103482736577
6512,-0.02015594433151896
6513,0.01377593432347013
6514,0.04666396487433766
6515,0.015369406706413846
6516,0.06800407341554271
6517,0.06664817521359245
6518,0.01789496465734508
6519,0.07383182955836376
6520,0.06158610312932522
6521,0.020827176607673303
6522,0.07581972083066757
6523,-0.040165558819326375
6524,0.08735020505280788
6525,0.10508779652868072
6526,0.0960438360535878
6527,0.15821443122399992
6528,0.15167271141583183
6529,0.16076438090150824
6530,0.14217770367360538
6531,0.1505242849071432
6532,0.14610538214257152
6533,0.15644363065444167
6534,0.11382393613738573
6535,0.1014983562738111
6536,0.0685561199603999
6537,-0.018937534497685538
6538,0.013922613517354576
6539,-0.08449493795291402
6540,-0.125696111121269
6541,-0.04915504020043804
6542,-0.07248762777243795
6543,-0.04779008330136947
6544,-0.08665487147159323
6545,0.0073654734021462165
6546,0.019291877790616363
6547,-0.12044699773853063
6548,-0.05892827090239344
6549,-0.10449787646176312
6550,-0.1149437369388207
6551,-0.08074275453197466
6552,-0.03138512177671665
6553,-0.04367746385561294
6554,-0.08174582785321183
6555,-0.06819634792181722
6556,0.0025980488940419155
6557,0.030738460139975277
6558,-0.016701368704950315
6559,-0.14001732255306365
6560,-0.21501779989117953
6561,-0.328874969821678
6562,-0.3081955881819112
6563,-0.38880478105932725
6564,-0.37335920561212244
6565,-0.4072928227615954
6566,-0.4079745357105279
6567,-0.41679953833278405
6568,-0.41570954845672525
6569,-0.39046121509874143
6570,-0.3801807613437668
6571,-0.3564354032927345
6572,-0.33043847569643303
6573,-0.34309928388661104
6574,-0.29291300113826496
6575,-0.29248649414295685
6576,-0.24989827629726447
6577,-0.22235608499948178
6578,-0.16913892234131267
6579,-0.11980096476159507
6580,-0.25363660205188
6581,-0.253844334814604
6582,-0.20869258755576758
6583,-0.14703321546576703
6584,-0.18024442594449497
6585,-0.17352876611158186
6586,-0.0944837021049979
6587,0.04031908859726974
6588,0.018910187207648588
6589,0.009563182966949801
6590,-0.04598025935826139
6591,-0.052188343361381784
6592,-0.05715459579741761
6593,-0.01855738555235248
6594,-0.1399536152156035
6595,-0.20103116325884496
6596,-0.19753229590571075
6597,-0.2035848699146806
6598,-0.26164586520009736
6599,-0.2324301387542228
6600,-0.33877881169026686
6601,-0.30885068516707476
6602,-0.2896022117437477
6603,-0.23984411975780084
6604,-0.11738410553906037
6605,-0.11334660802111501
6606,-0.17295137532172117
6607,-0.19977921931624448
6608,-0.14336439616587537
6609,-0.034942601527661765
6610,-0.0196618238009581
6611,0.08117280042909147
6612,-0.02216203018073165
6613,-0.06523267936627208
6614,-0.08132236005417753
6615,-0.048191246762931794
6616,-0.14770237438550476
6617,-0.025965413487234135
6618,-0.013569897841785028
6619,-0.051118336112027596
6620,-0.0033185137207668025
6621,-0.030598649345732754
6622,0.03589381658048996
6623,0.003657822409954603
6624,0.029762597256883017
6625,0.009129302255888705
6626,0.028621134407594395
6627,0.04278772450518831
6628,0.0730761930583983
6629,0.04787245007894669
6630,0.018575247169670073
6631,0.04621181966758359
6632,0.07591030582739411
6633,0.05510057564836057
6634,-0.008625874215484053
6635,-0.041148832873065366
6636,-0.02655361809176543
6637,-0.001178124827813598
6638,-0.0741521437999973
6639,-0.045347422460734754
6640,-0.10855947709618013
6641,-0.04146785668210995
6642,-0.03012383756092768
6643,-0.12868031261142204
6644,0.02097299301535238
6645,-0.041236931227418894
6646,0.041371151075338286
6647,-0.03466740175496036
6648,-0.08642940603257393
6649,0.034041470500186466
6650,0.15958289560975225
6651,0.18437047918419291
6652,0.29081393923913734
6653,0.29894623485498406
6654,0.2713306395702151
6655,0.28585704556052316
6656,0.29296205060882163
6657,0.2709125726695617
6658,0.12356669644208984
6659,0.1586913583048496
6660,0.06586222681999576
6661,0.07767732516676573
6662,0.07183353931412495
6663,0.150492343838314
6664,0.10876749075104164
6665,0.08608114481978024
6666,-0.005418271112667239
6667,-0.011424874061180812
6668,0.029467077605816572
6669,0.0581935123247439
6670,0.04089547768443269
6671,-0.047386933901504225
6672,0.05562348008084117
6673,0.2291433371899062
6674,0.07756520249411936
6675,0.13586326768251378
6676,0.12880123509770658
6677,0.14939340465839046
6678,0.21471947279255854
6679,0.21640443904045803
6680,0.1899994163302774
6681,0.20443619306633898
6682,0.22460244136424523
6683,0.19786571893340377
6684,0.11217774964608174
6685,0.09657738208878597
6686,0.09885942071060683
6687,-0.04193137477716774
6688,-0.0734974543115744
6689,-0.08647515924400462
6690,-0.08547925649093902
6691,-0.1029869016934638
6692,-0.10771627245597731
6693,-0.06934157125727819
6694,-0.03765325026892352
6695,-0.019498803438611545
6696,0.0011263255075555367
6697,0.007222531036995217
6698,0.034037721226580775
6699,-0.06301728703663467
6700,-0.01120031604598476
6701,-0.031537564556484377
6702,0.022258796407980896
6703,0.026388052882599267
6704,-0.022998406182277886
6705,0.042474582222376656
6706,0.061035879453772535
6707,0.14754569624659286
6708,0.11478871081087239
6709,0.13845634022348674
6710,0.0521760841808645
6711,0.01599794933415777
6712,0.04275617541531318
6713,0.028288437149781798
6714,0.10071943431293084
6715,0.09551176443930198
6716,0.09514468958131228
6717,0.08711534226923201
6718,0.02937268993075759
6719,0.06403066572627014
6720,0.1337861921039425
6721,0.13679565241221747
6722,0.13288507185654408
6723,0.09363928344437222
6724,0.11869095021392195
6725,0.12697514500418694
6726,0.134618918152005
6727,-0.03353417718547291
6728,0.04606025797222235
6729,0.0429661942625561
6730,0.04124616489616795
6731,-0.04292250772894485
6732,-0.07462294308879941
6733,-0.06105279276824882
6734,-0.07712693785305114
6735,-0.04219313015752002
6736,-0.03297989663541567
6737,-0.029436089885133687
6738,-0.0287902698589802
6739,-0.009191631701469138
6740,0.06424013693031705
6741,0.010639471330729178
6742,-0.05161104438751246
6743,-0.08510724965183236
6744,-0.17624653470988272
6745,-0.1662547409941979
6746,-0.16489889737473318
6747,-0.15250867228832454
6748,-0.11075726993889784
6749,-0.1267460107181581
6750,-0.1468404546000508
6751,-0.1552343396098027
6752,-0.14456726867636582
6753,-0.16203168559749764
6754,-0.16216404022353037
6755,-0.19212575220547018
6756,-0.16724713167052208
6757,-0.1401960605572839
6758,-0.10761365200136452
6759,-0.08356827726571997
6760,-0.10361880036612015
6761,-0.1649152975911482
6762,-0.13591245481003067
6763,-0.24220542285172997
6764,-0.22428951844311407
6765,-0.14147553977980337
6766,-0.09346451699204972
6767,-0.08444675039072591
6768,-0.10519074756231622
6769,-0.11812145899706167
6770,-0.08004865920984933
6771,-0.10500395214993519
6772,-0.07779397948592076
6773,-0.0719052357794368
6774,-0.08097094252869158
6775,-0.04847712188312869
6776,-0.057645338513741706
6777,-0.056740448170114255
6778,-0.05741662398128866
6779,-0.08683328067791313
6780,-0.09857582199707104
6781,-0.1471976516409756
6782,-0.10563175672858627
6783,-0.08151504987067498
6784,-0.08060852272668084
6785,-0.10770552870612127
6786,-0.1055809160120253
6787,-0.09975044316463039
6788,-0.07159909209046134
6789,0.01985752628480708
6790,-0.013693308974187857
6791,-0.050836348874133575
6792,-0.03814005284477845
6793,-0.03199205791724191
6794,0.007834104617994164
6795,-0.11793575332207495
6796,-0.07941812089063066
6797,-0.057544250496571636
6798,-0.06077612510110564
6799,0.014949538841706245
6800,0.01882224926293008
6801,0.0011216515142931094
6802,-0.0021830344091692266
6803,-0.03787091097162215
6804,-0.02239355411596211
6805,-0.0013705761848835651
6806,0.006604685224853801
6807,-0.04139762176671147
6808,-0.00938459989355167
6809,0.0072662042407382055
6810,0.008311874741828262
6811,-0.06353784919097522
6812,-0.00492671189649585
6813,0.031136274414758858
6814,0.050920311945254815
6815,0.024114034389281058
6816,0.03873576126537803
6817,0.009233114737288273
6818,0.008566208065845404
6819,0.007100663299184573
6820,0.0074165431274837434
6821,0.05580870580523112
6822,-0.01871496706675141
6823,-0.012793786126954032
6824,0.02795644711032208
6825,-0.0034534122317474436
6826,0.054820352420003826
6827,0.06023325711293137
6828,0.03354982042420995
6829,0.016170358223532078
6830,0.03111752678891222
6831,-0.053649891853132736
6832,-0.05023370955638545
6833,-0.0545779147189524
6834,-0.09948745988980601
6835,0.013685899015739134
6836,-0.03290060889974633
6837,-0.06818726636446504
6838,-0.1795868695398536
6839,-0.14710778041589145
6840,-0.21665764637674478
6841,-0.20274228594756755
6842,-0.23525875997849094
6843,-0.15669702527136298
6844,-0.14445982050805484
6845,-0.08613257304617905
6846,-0.05978162700996742
6847,-0.08133605570826052
6848,-0.02399055443122522
6849,0.03359943477763605
6850,0.06842758968088858
6851,0.0677343942584605
6852,0.06274857599164907
6853,0.04454027375035763
6854,0.05673456983918257
6855,0.05017175216636427
6856,0.06129157359355142
6857,0.15556391965719873
6858,0.10908720011709594
6859,0.029031141494034296
6860,0.0538504241082719
6861,0.12627994989885738
6862,0.08632124970739008
6863,0.06326331556686382
6864,0.057765645395609466
6865,0.07764855773314039
6866,0.05314867011604729
6867,0.041881519933546274
6868,0.12558320843326098
6869,0.0509533045891809
6870,0.041995276057216424
6871,0.039772861928581316
6872,0.04145887556196992
6873,0.03994450802971061
6874,-0.00012670702451911264
6875,-0.028429295732014637
6876,-0.0620643984297965
6877,-0.06366417036568811
6878,-0.1024086529435349
6879,-0.15834155462807809
6880,-0.22184002087343546
6881,-0.2172259778585774
6882,-0.2141284592124591
6883,-0.20322143707156448
6884,-0.14135854660129327
6885,-0.0860285191182178
6886,-0.1042261182736195
6887,-0.1435984998593835
6888,-0.10023090301406185
6889,-0.17658835013608704
6890,-0.15072795194635824
6891,-0.24012444620448747
6892,-0.23190629381376476
6893,-0.23180141028852197
6894,-0.2314422932024302
6895,-0.22146085157875073
6896,-0.20953878173350843
6897,-0.16664660909586126
6898,-0.19930210462616776
6899,-0.1698683157824002
6900,-0.06742132891118907
6901,-0.0553525484058614
6902,-0.04241445133393701
6903,-0.052766676950309344
6904,-0.11855401119495723
6905,-0.055953970106933704
6906,-0.03536050292279613
6907,-0.131836517394114
6908,-0.14153942124932445
6909,-0.08785530177651585
6910,-0.039913681683429014
6911,-0.025803069932464062
6912,-0.06276788473887124
6913,-0.11755143868337148
6914,-0.063328266746763
6915,-0.051101148636638616
6916,-0.09111536865432635
6917,-0.0541346260025759
6918,-0.07727939560835678
6919,-0.07572939850650495
6920,-0.03531006136571352
6921,-0.03396852590800614
6922,-0.05384727020792307
6923,-0.02431297366470153
6924,-0.0494219852849625
6925,-0.05406057905927497
6926,-0.04477825358165155
6927,-0.05710658696966392
6928,-0.10594892914592557
6929,-0.10650126392522657
6930,-0.16066497047868183
6931,-0.08297999957335678
6932,-0.09612544780284377
6933,-0.050572058276547704
6934,-0.1607899932109519
6935,-0.10338274476498865
6936,-0.18909300440306753
6937,-0.2600508299805078
6938,-0.22137459569503215
6939,-0.23363256799195709
6940,-0.172692615100155
6941,-0.10495478065354541
6942,-0.13778118526653282
6943,-0.11783742775121281
6944,-0.06986233805224229
6945,-0.050882631563943626
6946,0.021732473436841704
6947,-0.05285061526358098
6948,-0.10007581170613022
6949,-0.13567014898252694
6950,-0.12427432008742467
6951,-0.07793661784859485
6952,-0.05359527406550352
6953,0.036249794504226385
6954,0.00370271741368422
6955,-0.10776816029789432
6956,-0.0974326447807855
6957,-0.07376349870146015
6958,-0.03762498828323951
6959,-0.07909763307828033
6960,-0.0505966424002785
6961,-0.05148188600751907
6962,-0.02722816987330956
6963,-0.03510957607420562
6964,-0.044273997641350704
6965,-0.06597719558333193
6966,-0.04363658089999445
6967,-0.04747565834263484
6968,-0.08197466469533765
6969,-0.054702599431747934
6970,-0.06611058562970784
6971,-0.08281752738438586
6972,-0.11809667241227195
6973,-0.1253689216643199
6974,-0.1327597839816636
6975,-0.159001902743651
6976,-0.17178756288127817
6977,-0.16639453376896818
6978,-0.16470957323341262
6979,-0.18230201469689
6980,-0.1640356243048755
6981,-0.10604887763395049
6982,-0.15170183190314762
6983,-0.138922574024537
6984,-0.13892423272147253
6985,-0.14977989795269714
6986,-0.15332451985342677
6987,-0.17614016365037727
6988,-0.19446242351510656
6989,-0.21528481269100147
6990,-0.2215404958582899
6991,-0.2189429375602303
6992,-0.22193500540524147
6993,-0.18047637925689208
6994,-0.14975669375376138
6995,-0.04172560774440737
6996,-0.05162010657552807
6997,-0.011668130920138409
6998,0.008134921509436066
6999,-0.05980745963072864
7000,-0.05507745655242352
7001,-0.07626287089508621
7002,-0.058738738119998524
7003,-0.11981462313483121
7004,-0.09847117939307637
7005,-0.01325001921653951
7006,0.06846197084400196
7007,0.20213641575368335
7008,0.09288839011569017
7009,0.019639336581356637
7010,-0.027234436978397614
7011,0.006222179479854151
7012,-0.011155577384064863
7013,0.01704314519755923
7014,0.025898471000177947
7015,0.034128428065727245
7016,0.0257592322676079
7017,0.030842736160513584
7018,0.01701660330886312
7019,0.0588287079385712
7020,0.02960010637455568
7021,0.012287005284140506
7022,0.02127043107847182
7023,-0.03156076767986454
7024,-0.022607690278010406
7025,0.00240939796187134
7026,-0.048678953494532995
7027,0.004180241712377519
7028,0.026816227272786652
7029,-0.06316977667595419
7030,-0.1513854399492887
7031,-0.10948543957402851
7032,-0.12513506585419154
7033,-0.17460990865638354
7034,-0.16832988251546954
7035,-0.17554622961895155
7036,-0.09575500425895161
7037,-0.11061308161866257
7038,-0.06582991645573333
7039,-0.11301435078768829
7040,-0.15554047459183
7041,-0.12764585071653983
7042,-0.20166025227006257
7043,-0.295041022273847
7044,-0.25700186660996927
7045,-0.28609035257364124
7046,-0.29395561251209934
7047,-0.33156728582239947
7048,-0.34793163973802804
7049,-0.36143159762772725
7050,-0.34541998338231705
7051,-0.3469877638220991
7052,-0.33939563867992373
7053,-0.33944450921816305
7054,-0.3318317596770445
7055,-0.3459044526386089
7056,-0.31196880588725995
7057,-0.31973911798413557
7058,-0.29442687247927923
7059,-0.28216143244567904
7060,-0.27032140250545433
7061,-0.23371771360881294
7062,-0.20417307682931451
7063,-0.18544386604826724
7064,-0.1381674947516
7065,-0.09716887604193813
7066,-0.053541463036876624
7067,-0.0965109818788158
7068,-0.11381850697578544
7069,-0.11139703841556642
7070,-0.10125891156150202
7071,-0.14473664169333345
7072,-0.1072642606178546
7073,-0.06077338553373163
7074,-0.02231090340754943
7075,-0.031743420284044255
7076,-0.0031267395631158768
7077,-0.03796073966426994
7078,-0.03686468351158273
7079,-0.14715406462234687
7080,-0.23639039791335414
7081,-0.21748368682922792
7082,-0.2545270843091274
7083,-0.3149388018880798
7084,-0.33904005155150263
7085,-0.3103803324720454
7086,-0.23905865610057997
7087,-0.2281826710791054
7088,-0.20840859140618073
7089,-0.1568233199521562
7090,-0.19628974953666373
7091,0.00013798781354723566
7092,-0.1076535082325285
7093,-0.10662725939821333
7094,-0.08848758424067044
7095,-0.08548099129179948
7096,-0.06331860424850894
7097,-0.01216041534959833
7098,0.0670555013047307
7099,0.057290077427920805
7100,0.09614611642666815
7101,0.06896100654612136
7102,0.09477124501770562
7103,0.02642136572082021
7104,0.060944837500383486
7105,0.09235813095902379
7106,0.023842069902609064
7107,0.05789708571050045
7108,0.023712397505522675
7109,0.03350037678339435
7110,0.028591656572707125
7111,0.07225883044481973
7112,0.08663535673496925
7113,0.1079275049885634
7114,0.12322964452315488
7115,0.020784003804841467
7116,0.0315973047735183
7117,-0.0014767054019970693
7118,0.0937637444866034
7119,0.07112002021532571
7120,-0.04408303063268326
7121,-0.03911932174168714
7122,-0.0794350414860478
7123,-0.06328897092795582
7124,-0.0712614522070093
7125,-0.10210916568659478
7126,-0.09828531031297622
7127,-0.11222763980397199
7128,-0.15935340556197342
7129,-0.10210564831187507
7130,-0.11122000108016977
7131,0.01484808384186731
7132,0.06019351092835268
7133,0.029759791725748164
7134,0.06282472176423881
7135,0.05030656968658509
7136,0.10890184340644482
7137,-0.13181010929361625
7138,-0.11470497843793431
7139,-0.2051566030834383
7140,-0.27875487577427654
7141,-0.26984341329959094
7142,-0.2570130021524693
7143,-0.3065563499541854
7144,-0.29100416509412913
7145,-0.2891472106458225
7146,-0.15932340718902183
7147,-0.18365740011702447
7148,-0.16251255721287922
7149,-0.07178753084350087
7150,-0.006975632891844719
7151,-0.048500360079001215
7152,0.00857553323942406
7153,-0.0031481420535431903
7154,-0.020803758607412015
7155,0.027153531135891473
7156,0.07825020103959102
7157,0.1442704155376815
7158,0.17570450418894046
7159,0.050364424390458185
7160,0.11566959624265427
7161,0.21472712685869078
7162,0.19983462292461052
7163,0.1925885227337586
7164,0.15166558772703032
7165,0.1234519597409478
7166,-0.02480817545096964
7167,0.0496806606012139
7168,0.04117966062735512
7169,-0.07785536729600712
7170,0.040032362152801815
7171,-0.07606999180733992
7172,-0.12049703664055517
7173,-0.07815863153514935
7174,-0.08225693357730568
7175,-0.09440201059911796
7176,-0.07951288307437654
7177,-0.06165899728698776
7178,-0.11127474292727518
7179,-0.1632671986519013
7180,-0.21010240600990704
7181,-0.22803796353710676
7182,-0.20654047115739738
7183,-0.184050966463021
7184,-0.09089980770826972
7185,-0.057030862375283875
7186,0.004261000962098249
7187,0.0519536083883656
7188,-0.04850187104321063
7189,-0.1207389374994714
7190,-0.15776863888588355
7191,-0.2268856214688721
7192,-0.16441811412888202
7193,-0.09496895574567327
7194,0.10355291645769715
7195,-0.017538404667370444
7196,-0.02771956276802162
7197,-0.0240777547080106
7198,-0.0680303907033567
7199,-0.050437277577963346
7200,-0.051104526255145
7201,-0.04360650182136172
7202,-0.05108113992842833
7203,0.05231021210029174
7204,0.02237186492638299
7205,-0.01153093194786381
7206,0.012352720327753697
7207,0.033295286950912883
7208,0.06251730024699165
7209,0.029167343437121462
7210,0.007941040486471151
7211,0.08189393279274282
7212,0.06929468651746495
7213,0.13362560190861894
7214,0.04934757697889969
7215,-0.016193774405292516
7216,0.06217264051537186
7217,-0.039117298747784524
7218,0.011321730579219036
7219,-0.08983831625531646
7220,-0.012474421438780137
7221,-0.006405598480491825
7222,-0.04189681158315972
7223,-0.024425516859905128
7224,-0.026991803778105283
7225,0.040306474865051456
7226,0.09093531285452017
7227,0.13947835941164644
7228,0.13314964606693258
7229,0.04350297509386558
7230,-7.574132419752022e-05
7231,-0.023194556344317774
7232,0.04998939857087259
7233,-0.0414698458077446
7234,-0.0660948780716053
7235,-0.026827690158684803
7236,-0.05359554011411116
7237,0.11303352380067344
7238,-0.07310237249741691
7239,-0.13814558211292421
7240,0.026627497683576307
7241,-0.0749219347917166
7242,-0.1178131042127562
7243,-0.16184589245620828
7244,-0.12970419351109713
7245,-0.16885591367699793
7246,-0.14343616876274856
7247,-0.10743237046321397
7248,-0.1685747167760473
7249,-0.13886983616175919
7250,0.05874438836068108
7251,-0.051789322312244035
7252,-0.10739238773917159
7253,-0.0024530433318593614
7254,0.07705973397958599
7255,0.0918204597096165
7256,0.1496121259909199
7257,0.184877746372755
7258,0.12102641982061324
7259,0.08722174592309706
7260,0.11442343944219524
7261,0.07199620031834397
7262,0.10651360408800248
7263,0.10730440572106925
7264,0.10088222014972936
7265,0.10800188714324621
7266,0.10848896444705869
7267,0.09744565974423292
7268,0.10241184306591156
7269,0.07908476138708975
7270,0.02617042403710923
7271,0.04947843863368917
7272,-0.04017538673010568
7273,-0.0695281901682363
7274,-0.11284813680427164
7275,-0.07445228823684757
7276,-0.09790853379220577
7277,-0.01080179182611668
7278,0.09542756202262448
7279,0.0752272945537712
7280,0.1064092348705521
7281,0.12657747863449076
7282,0.14005573105361557
7283,0.12209376302577712
7284,0.13943831713965804
7285,0.13993084839715686
7286,0.14052521412805574
7287,0.1273915549604604
7288,0.1261173379200098
7289,0.14049776231995426
7290,0.13687389325471433
7291,-0.03495049298142361
7292,0.0946850192217562
7293,0.09715938917758682
7294,0.10104937032172934
7295,0.11551437662087449
7296,0.12753161222072984
7297,0.1136036084218327
7298,0.1158255012044076
7299,0.10765208318418773
7300,0.12426644561768063
7301,0.10271231640325307
7302,0.1077032683068525
7303,0.10880578521893125
7304,0.13366463095338188
7305,0.09919959495464392
7306,0.13840016345226314
7307,0.13726036960296306
7308,0.14696224815790626
7309,0.13069853506641582
7310,0.117070698627041
7311,0.04563602088744978
7312,0.027408226446443695
7313,0.0385695048874477
7314,0.0475479863831324
7315,0.0015511189061954145
7316,0.008623268233099002
7317,0.003173314973798469
7318,0.027528809680231525
7319,-0.00890251067625536
7320,-0.2078626156127794
7321,-0.23756418327042506
7322,-0.233230079779776
7323,-0.1950713194420004
7324,-0.1747913797715171
7325,-0.14617717812774134
7326,-0.1451833832164771
7327,-0.23015314154102906
7328,-0.23443327275333858
7329,-0.3224511578839523
7330,-0.3254231659892833
7331,-0.35983747814905453
7332,-0.3175120736467171
7333,-0.32560086815045003
7334,-0.30536647661359806
7335,-0.30963118641890364
7336,-0.3071763684926905
7337,-0.3269592691230262
7338,-0.36164561271345774
7339,-0.37660276224563827
7340,-0.327796056774219
7341,-0.26760895262364454
7342,-0.28924898253059983
7343,-0.27596929868070263
7344,-0.2822092111613763
7345,-0.2726855771418294
7346,-0.26832267887023686
7347,-0.22642795150190526
7348,-0.20240871500778912
7349,-0.09322658500010761
7350,-0.10167774841870336
7351,-0.11393339308406808
7352,-0.08443824827015395
7353,-0.06135166404346376
7354,-0.06545073030572174
7355,-0.11941109667719552
7356,-0.119521204963498
7357,-0.09594247470685646
7358,-0.09057823228955142
7359,-0.09354385654422426
7360,-0.09601930398940783
7361,-0.11006462556010121
7362,-0.11268087442395625
7363,-0.16385478279973542
7364,-0.15428418285908968
7365,-0.16970917696082466
7366,-0.17691901089685574
7367,-0.24954951949343174
7368,-0.26179380934487145
7369,-0.26672336742110925
7370,-0.2731519444702618
7371,-0.2643292340606347
7372,-0.28068704016873225
7373,-0.271416782504211
7374,-0.27735154312401494
7375,-0.27058810789449855
7376,-0.20527481187912172
7377,-0.2306343956853319
7378,-0.20065467532828996
7379,-0.05957581663135214
7380,-0.19374437530074606
7381,-0.2107976471085765
7382,-0.22489709202422314
7383,-0.187677550598991
7384,-0.14516152286179468
7385,-0.1359155262867161
7386,-0.1467389691828968
7387,-0.1446145548817125
7388,-0.12611023133014132
7389,-0.09618612196183901
7390,-0.1064079502881084
7391,-0.09672010261017983
7392,-0.11574178108070937
7393,-0.11008051917659278
7394,-0.074266832996979
7395,-0.00475135727828252
7396,0.005687791758692828
7397,-0.04032588503105705
7398,-0.015332285342894658
7399,-0.022332299671655398
7400,0.010683118715384965
7401,-0.0014343128810496708
7402,0.032559731205511255
7403,0.1074479738569748
7404,0.08006162713977871
7405,0.03252081645807914
7406,0.029034269248139788
7407,0.038035244717928185
7408,0.062492766486664686
7409,0.03478481429171021
7410,-0.03592090343301957
7411,-0.034938526566362094
7412,-0.07288127577693782
7413,-0.18581834976056483
7414,-0.18889040096238746
7415,-0.25063092412494364
7416,-0.27450623077038167
7417,-0.21702439189265232
7418,-0.06506386578668194
7419,0.0522972344446222
7420,0.08855595856886678
7421,0.10074804103795809
7422,0.06581637897577997
7423,0.06188938654877696
7424,0.061273199122997446
7425,0.03004497590313826
7426,-0.027586263992494975
7427,-0.0789110674764168
7428,-0.0010097992792706956
7429,0.030601417050464264
7430,0.09793694306258593
7431,0.09655847191071154
7432,0.09456661582903347
7433,0.060130973110087416
7434,0.10054826447928444
7435,-0.032775382959342014
7436,0.04474502081419307
7437,0.09074705347904766
7438,0.09423938425059553
7439,-0.009895552357476967
7440,-0.009115767390705298
7441,0.024498585705335585
7442,-0.021749996737061128
7443,0.004379176402305562
7444,0.049185365287063076
7445,0.050149572106105045
7446,0.08480659675343372
7447,0.09472459378438458
7448,0.0041139709441141425
7449,-0.004399237145205348
7450,0.00587077706865724
7451,-0.0361353955313638
7452,-0.06655212803376809
7453,-0.08980617733204516
7454,-0.1179943472408429
7455,-0.15823652705654717
7456,-0.12807008037086048
7457,-0.11450365946023727
7458,-0.12370029275953442
7459,-0.1724816993371765
7460,-0.15919164572484124
7461,-0.1097762789123728
7462,-0.019806981605795304
7463,-0.066051603428601
7464,-0.02985903005499868
7465,-0.13795112018393896
7466,-0.11057156347147568
7467,-0.124459321997972
7468,-0.20340442025554872
7469,-0.07741178623517675
7470,-0.09415847398934929
7471,-0.14211706316534695
7472,-0.07480645189167945
7473,-0.08537404728833098
7474,-0.0754003133657305
7475,-0.09223612382996321
7476,-0.11609293497929268
7477,-0.09356296652089452
7478,-0.10174732333411646
7479,-0.1414772201330753
7480,-0.11214053929733564
7481,-0.047907409156819125
7482,-0.03984440437932146
7483,-0.07730707203693987
7484,-0.07897428571888865
7485,0.011514394649994486
7486,0.004785807806986009
7487,-0.021755835047427396
7488,-0.03725971393905425
7489,-0.04964440399991077
7490,-0.047999261410852256
7491,-0.03921731004098683
7492,0.042813808968933054
7493,0.04397855605191037
7494,0.01610582454002507
7495,-0.03266666905607296
7496,-0.062409525151205514
7497,-0.08060371442852687
7498,-0.07791617222965808
7499,-0.12850004857809894
7500,-0.1262405656116939
7501,-0.13554205382843315
7502,-0.15155061709894374
7503,-0.09130997092588744
7504,-0.071036198151537
7505,-0.10051787941176404
7506,-0.12516197097617648
7507,-0.023481522754892736
7508,-0.0666035791416002
7509,-0.18517829044096779
7510,-0.1934060471926191
7511,-0.2391105278544815
7512,-0.2857102625368957
7513,-0.2897422233261382
7514,-0.29153547377846883
7515,-0.25087499352015835
7516,-0.21541154420303893
7517,-0.1776428642868637
7518,-0.16383691591407118
7519,-0.26320255394698977
7520,-0.29238806241926774
7521,-0.3359175306179845
7522,-0.34495118896476684
7523,-0.40019441819353685
7524,-0.4149392487228648
7525,-0.417365169611799
7526,-0.40784238205708945
7527,-0.3976468136194978
7528,-0.4149315206374864
7529,-0.40444475998094453
7530,-0.3943276541051108
7531,-0.38382279397658847
7532,-0.3262281754506007
7533,-0.3667666998900694
7534,-0.35748308817706537
7535,-0.3598210324594165
7536,-0.34966294065667486
7537,-0.32665747873473533
7538,-0.32306449011528315
7539,-0.32175980440441765
7540,-0.3158880968911323
7541,-0.3411736035895893
7542,-0.2988614998489598
7543,-0.2846908157903242
7544,-0.2796074423255237
7545,-0.2709788317526913
7546,-0.22918660701036453
7547,-0.23294304375923552
7548,-0.21520134371048788
7549,-0.2296586810137196
7550,-0.21503238246069029
7551,-0.21525693412913693
7552,-0.1954225599314074
7553,-0.1621079606041136
7554,-0.1578675847743075
7555,-0.14716328033700288
7556,-0.1269547691175601
7557,-0.062458866596716345
7558,2.7364138020846696e-05
7559,-0.08500064387906042
7560,-0.023587947798466402
7561,-0.13636195763365105
7562,-0.12982680838694888
7563,-0.19056714428597255
7564,-0.23669885844983218
7565,-0.09962230581421821
7566,-0.1852038859841355
7567,-0.1584351522629341
7568,-0.12840619105719675
7569,-0.09848653907305288
7570,-0.12106067573640611
7571,-0.11152775029484896
7572,-0.04089348947690602
7573,-0.010024796692079563
7574,-0.05393678036508032
7575,-0.07639305461698276
7576,-0.03497755356001442
7577,0.022033096608242153
7578,0.0372842877442745
7579,-0.03651155047459953
7580,0.014662902736565231
7581,0.05393049980702613
7582,0.05359920282090791
7583,0.08742428750488773
7584,0.07108556062033988
7585,0.05719210592282664
7586,0.003031341875571192
7587,0.006871348279621214
7588,0.06865066516487395
7589,0.06214828127886862
7590,0.08037538400128397
7591,0.07270134811237239
7592,0.10035437946699166
7593,0.09972116887182403
7594,0.05565866879544468
7595,0.0940097117077292
7596,0.08815423111809806
7597,0.0991442924395709
7598,0.08522241071595993
7599,0.027525901202755554
7600,0.016943820619654493
7601,0.011378739822482276
7602,-0.04479478896945216
7603,0.10375749260621525
7604,0.04401798169384141
7605,-0.16815326923355972
7606,-0.26514090534737483
7607,-0.27081738708377284
7608,-0.3083280448993657
7609,-0.32339415396927684
7610,-0.3514061095468447
7611,-0.29860922540859147
7612,-0.3017948983877924
7613,-0.2749953334320113
7614,-0.21675217174075012
7615,-0.17816113005077283
7616,-0.07961126925243944
7617,-0.18384847187710668
7618,-0.26425725812622597
7619,-0.308629368574822
7620,-0.378919964990334
7621,-0.3391704463410313
7622,-0.3196368581821166
7623,-0.32451342561207397
7624,-0.3705131274653624
7625,-0.3847893660400303
7626,-0.37835333280668854
7627,-0.3616930209856218
7628,-0.3320887143752239
7629,-0.27139653792883156
7630,-0.288466070249099
7631,-0.24050669521332868
7632,-0.2630299193767741
7633,-0.2142984690688668
7634,-0.23391792079067059
7635,-0.19939585620681538
7636,-0.19518249401640364
7637,-0.23224163221845434
7638,-0.10715610332697806
7639,-0.11032777541980371
7640,-0.12498466032738303
7641,-0.10451673524630706
7642,-0.14420563429124578
7643,-0.14885438884751967
7644,-0.15123109408691082
7645,-0.14480958286494172
7646,-0.1784056235057936
7647,-0.18738558836040803
7648,-0.17219774947067645
7649,-0.16205164168184022
7650,-0.09022246400787426
7651,-0.13738597438740568
7652,-0.1448808822577214
7653,-0.04115096671261753
7654,0.024410843940859017
7655,0.04143230107155538
7656,0.0474631366248508
7657,-0.016194632297622635
7658,-0.06301567148891696
7659,-0.14612011522039742
7660,-0.15620378368621457
7661,-0.047886111475004545
7662,-0.11591798644183271
7663,-0.09296044322733976
7664,-0.09751800186646992
7665,-0.12031388043150015
7666,-0.19186553942960438
7667,-0.2344127563415837
7668,-0.22885675130565153
7669,-0.19812481870487914
7670,-0.2802887823089382
7671,-0.2506315371162359
7672,-0.22082935759532285
7673,-0.1891293640541052
7674,-0.18387885216146715
7675,-0.16817805180978973
7676,-0.11176017459971338
7677,-0.11169881226204531
7678,-0.0940474649695121
7679,-0.09195703442061315
7680,-0.1139841605514681
7681,-0.117457764508209
7682,-0.12984321437177304
7683,-0.21053611193099597
7684,-0.16077139200359014
7685,-0.14811921341745937
7686,-0.21177437147382294
7687,-0.14820878428266815
7688,-0.19012579581972539
7689,-0.19822265834406194
7690,-0.17907620796196771
7691,-0.1404534442202096
7692,-0.13395897648392063
7693,-0.1312991271392806
7694,-0.06295226688482014
7695,-0.14305211099646042
7696,-0.11798368326791209
7697,-0.1165330729823974
7698,-0.08055494485679304
7699,-0.02637184457192826
7700,-0.009753449394114821
7701,-0.0953831629317004
7702,-0.21535315136694932
7703,-0.15029830710834757
7704,-0.16241873773556054
7705,-0.1378715556585136
7706,-0.029083841889049444
7707,0.07263405365660258
7708,0.0436923492139617
7709,0.06757743229253932
7710,0.07222268581014579
7711,0.12979323402205734
7712,0.02058789376566661
7713,-0.07994849131570197
7714,0.018926411688333977
7715,0.03403890396105502
7716,-0.0956412279685499
7717,-0.038533942577766545
7718,-0.02228666007289004
7719,-0.04110831381871616
7720,-0.022256863035591046
7721,0.019604266302315154
7722,0.010774515682433816
7723,-0.08688950241801469
7724,-0.06027259818028413
7725,-0.06904215208792663
7726,-0.07132899385854452
7727,-0.1495261018786752
7728,-0.1635802505545727
7729,-0.09889850562804126
7730,-0.01895502598760057
7731,-0.03016675332555685
7732,-0.015932782781218013
7733,-0.06015709401549041
7734,0.04708725359944743
7735,0.0782570881470519
7736,0.10943035404218915
7737,-0.010181912988028785
7738,0.05295068110510415
7739,0.1011920234790108
7740,0.08728747812981397
7741,0.10435306130348221
7742,0.06258760439952948
7743,0.09205322188018861
7744,0.09503538010234036
7745,0.027085352710003008
7746,0.003468212250932967
7747,0.04001047429199167
7748,0.06296403396713202
7749,0.08896081455723814
7750,0.1379866115603109
7751,0.05371697387654539
7752,0.027277828672820803
7753,0.05779037746818616
7754,0.02373627127018485
7755,-0.09737088265999
7756,-0.029330385928289737
7757,0.05320900824949493
7758,-0.02004262880466523
7759,-0.06285840055781422
7760,-0.16197621341403912
7761,-0.17802649434264656
7762,-0.28570577825206117
7763,-0.13825106197425563
7764,-0.21003627233533229
7765,-0.19413302087223977
7766,-0.22573186507627924
7767,-0.24721560621587113
7768,-0.19584058865742315
7769,-0.08740723602901063
7770,-0.03155297313963923
7771,-0.13730539056969232
7772,-0.2171837306482599
7773,-0.2079303487936856
7774,-0.20737618200798436
7775,-0.1737251362619635
7776,-0.12376954543503194
7777,-0.160510448849652
7778,-0.12207778076180154
7779,-0.15069700221079885
7780,-0.11726547196299253
7781,-0.1115701992259811
7782,-0.10342946936116099
7783,-0.10219731092886308
7784,-0.10647748931933515
7785,-0.09404438315993968
7786,-0.08486936605079531
7787,-0.04142753730405113
7788,-0.060528481340098694
7789,-0.07530317134410891
7790,-0.06076756327618166
7791,-0.06687188366124808
7792,-0.0361636775422326
7793,-0.04905728970826584
7794,-0.13889719977441645
7795,-0.11246543727430913
7796,-0.15523743838233917
7797,-0.1613991468858783
7798,-0.11554939243880646
7799,-0.10583693430229363
7800,-0.15327471661964936
7801,-0.18309093495906242
7802,-0.20159827142880038
7803,-0.20874888834251015
7804,-0.06273801227311343
7805,-0.07853323012264957
7806,-0.02192265688371825
7807,-0.044351065633272235
7808,-0.009409207132512254
7809,-0.025229738120375156
7810,-0.23715101858682286
7811,-0.2466933479804848
7812,-0.3020185431101995
7813,-0.2763577534768912
7814,-0.15476986800128473
7815,-0.1809400715531017
7816,-0.11065509495289116
7817,-0.099616860748098
7818,-0.057381862200282185
7819,-0.16296895965317493
7820,-0.12335921229200608
7821,-0.07533203195075622
7822,-0.11041969943245789
7823,-0.03462838467489193
7824,-0.08661351847654758
7825,0.023130939782800675
7826,0.035513182463111304
7827,0.09084044389027413
7828,0.12367059853425033
7829,0.14849644939939988
7830,0.16150537152238775
7831,0.16306335610085532
7832,0.16484888347762128
7833,0.1615523820925151
7834,0.14861044775203192
7835,0.05175753171421049
7836,0.0011624965932583997
7837,0.01687771263369664
7838,0.11053571768368697
7839,0.07696812784468898
7840,-0.001214663991726983
7841,0.0026903918319849396
7842,0.010409440980275964
7843,-0.0038866705740751017
7844,-0.033752174580783056
7845,-0.018573841450623962
7846,-0.1260293251206343
7847,-0.10409153920268788
7848,-0.04479318450408032
7849,0.046701130256492696
7850,0.1148610750216651
7851,0.07987471958564263
7852,0.020171461784450728
7853,0.09520773739072796
7854,0.1611464729442782
7855,0.025111130432315276
7856,0.10776877045044542
7857,0.06607222849539662
7858,0.09599832315324441
7859,-0.03522080680345374
7860,0.010522450391364568
7861,-0.08974755525240774
7862,-0.10302027260109181
7863,-0.10451685354572349
7864,-0.025746300084688478
7865,-0.03306779279708982
7866,-0.04462283923508392
7867,-0.11365193052615591
7868,-0.09153742640651263
7869,-0.06915368753989581
7870,-0.09147420969070269
7871,-0.0853819219285043
7872,-0.1126094276002303
7873,-0.10110170048986278
7874,-0.1210221359022623
7875,-0.16238480987096632
7876,-0.08465549445323334
7877,-0.11575611197624502
7878,0.012131149591798618
7879,-0.09928262994665482
7880,-0.1202853488595137
7881,-0.17786282663821684
7882,-0.1357917353355954
7883,-0.13596470903908686
7884,-0.11706826055629999
7885,-0.09760066230608883
7886,-0.09566400548469378
7887,-0.12054070542441703
7888,-0.13236873272312066
7889,-0.11858076714058596
7890,-0.12320393715229072
7891,-0.11784191825270929
7892,-0.16759431961381926
7893,-0.1997707700292487
7894,-0.19245825054067406
7895,-0.1337697928322103
7896,-0.15876879505507197
7897,-0.14483057366985597
7898,-0.08241890369250704
7899,-0.040964477322017356
7900,-0.06351125138237956
7901,-0.12266108066936388
7902,-0.1780971655495564
7903,-0.17228399642077313
7904,-0.19055245363358853
7905,-0.2512434123891766
7906,-0.31341210114315016
7907,-0.32252191655473117
7908,-0.31755195020697197
7909,-0.06829792118302863
7910,0.028004726164413407
7911,-0.32923282341033666
7912,-0.16868259421847498
7913,-0.21964427519035845
7914,-0.16190799850534954
7915,-0.3346040740877266
7916,-0.3071232574439858
7917,-0.3339571345236348
7918,-0.20232618222352922
7919,-0.22235775239385486
7920,-0.20652543512939825
7921,-0.23668666094124502
7922,-0.17940266008295574
7923,-0.19410052564296887
7924,-0.1884614786293055
7925,-0.16956599724324384
7926,-0.1729796867941943
7927,-0.010041362560713807
7928,-0.15978770498970302
7929,-0.16180923064461827
7930,-0.15329377908595604
7931,0.04312480686945963
7932,-0.16798047909433805
7933,-0.15448630724370388
7934,-0.018339817754472965
7935,0.02389581350962766
7936,-0.03153149586692405
7937,0.052921265818055785
7938,0.028806098475873676
7939,0.023706943466269892
7940,-0.1988823919807458
7941,-0.05602833220486614
7942,-0.0855175375830236
7943,-0.1712737239390028
7944,-0.16546345349112218
7945,-0.2155745013854211
7946,-0.21250609497628614
7947,-0.24762400824467545
7948,-0.2875993625603097
7949,-0.26923124807027754
7950,-0.28470379679745206
7951,-0.2927475583446695
7952,-0.276638170199205
7953,-0.2907662541688081
7954,-0.2819914211226303
7955,-0.19612397488055178
7956,-0.1995845711704975
7957,-0.1750215991086962
7958,-0.24089712122846196
7959,-0.19035946200005371
7960,-0.1102422869976446
7961,-0.15810731161537184
7962,-0.055048867286334235
7963,-0.12489691223827454
7964,-0.11172639119477668
7965,-0.03873057128706503
7966,0.007137354568347076
7967,-0.02034557319403063
7968,-0.030904567050930143
7969,0.032829828243917336
7970,-0.05388706989983544
7971,-0.03479236512585826
7972,-0.026362170374431837
7973,-0.017155657702689897
7974,0.07235507912926586
7975,0.03726688330371941
7976,0.16121020704974387
7977,-0.06387729551633603
7978,0.07067255453190024
7979,-0.024348112772157482
7980,-0.043665367009016964
7981,0.09208042234258884
7982,0.01761132143150501
7983,-0.013735649901222391
7984,0.12360817162881432
7985,0.15490381221009708
7986,0.15989842968861223
7987,-0.13342914973053416
7988,0.08947128884003896
7989,0.12375146152939065
7990,-0.009331746848974365
7991,-0.06711975586921837
7992,0.06193445456945812
7993,-0.09327031807987823
7994,-0.11542699932115169
7995,-0.060400834547361615
7996,-0.03692815265670035
7997,0.07586391920355717
7998,0.03300961851704065
7999,-0.10121636159060987
8000,-0.127269764523753
8001,0.01609569745322681
8002,0.17434378627817126
8003,0.10675694552519421
8004,0.13100957398725732
8005,0.2512659936118099
8006,0.24649488566857847
8007,0.12286660133518956
8008,0.224624083391191
8009,0.19783529315361315
8010,0.17809884426283162
8011,-0.04001877197647152
8012,-0.040147015195650115
8013,0.22591248332977953
8014,0.18922393268862847
8015,0.23375648447484942
8016,0.23432522449722415
8017,0.24434340452302605
8018,0.19561579130659612
8019,0.26763231093275375
8020,0.19950598113066376
8021,0.24420761428092774
8022,0.08804978768849092
8023,0.22482670129134752
8024,0.1288291748066397
8025,0.15805342803628097
8026,0.17711823929017223
8027,0.24070396512492154
8028,0.09277989149823551
8029,0.07822768846551886
8030,0.04620299307738107
8031,0.06142063819691379
8032,0.037413884674372344
8033,-0.0009781552188299902
8034,0.0076174638574481035
8035,-0.06121495322613846
8036,-0.07218001700818677
8037,-0.10633791974936335
8038,-0.021556950154029753
8039,-0.04180381202994876
8040,-0.0749836513427321
8041,-0.1640263337982632
8042,-0.22343833827574755
8043,-0.21962343476983814
8044,-0.13597167905472596
8045,-0.13669229740128763
8046,0.01980565145428259
8047,-0.029133728672676273
8048,0.0360898631818698
8049,0.10237554528264314
8050,0.1397999584516746
8051,0.14503848046542533
8052,0.09480347877320328
8053,0.1716526196857251
8054,0.1824543454230909
8055,0.035900049254381394
8056,0.11870555198700927
8057,0.13617822062705476
8058,0.16028889659547685
8059,0.038298125753971846
8060,0.1437043726410332
8061,0.11451826840172508
8062,0.12346811213351161
8063,0.18109137507496764
8064,0.16417575829397746
8065,0.18560925628583647
8066,0.17908762400237888
8067,0.18963866513351524
8068,0.1830967287089238
8069,0.1959115468460626
8070,0.17489064622353345
8071,0.17483008119488408
8072,0.16348634161497777
8073,0.16325238091539973
8074,0.15951410964587653
8075,0.14342324686334817
8076,0.13294699739403348
8077,0.1338557930479627
8078,0.10239132075292079
8079,0.10162008365635189
8080,0.10187897928941347
8081,0.12344993508415758
8082,0.10259310225576446
8083,0.07638442067865836
8084,0.04803539678499935
8085,0.007475122667892853
8086,-0.0005526339855860263
8087,-0.023290226429612926
8088,0.027143891532088515
8089,0.02267804612772306
8090,0.07204862825506397
8091,0.04587371621418823
8092,-0.0973070746607233
8093,-0.05131609255044767
8094,-0.08720194877628396
8095,-0.2566832123962499
8096,-0.20515216731723396
8097,-0.19716377257603773
8098,-0.10750243350018412
8099,-0.1957935461789913
8100,-0.2767589159042939
8101,-0.31507576687515704
8102,-0.30232616082657293
8103,-0.3410225830900225
8104,-0.3140449913189367
8105,-0.2800612951314243
8106,-0.29536557302773386
8107,-0.3321420497237363
8108,-0.35117551534613656
8109,-0.305381231948153
8110,-0.3211136336849604
8111,-0.33865900427773643
8112,-0.360846824921959
8113,-0.325319678171773
8114,-0.32569231293185336
8115,-0.2998575350493501
8116,-0.30987810558065754
8117,-0.3062211483519503
8118,-0.2953529852294118
8119,-0.3233383074097575
8120,-0.3551099759938776
8121,-0.3299522232419774
8122,-0.25804826659468405
8123,-0.2639404851537548
8124,-0.22755439240894193
8125,-0.22699789883410587
8126,-0.22904326593523594
8127,-0.24112985778338847
8128,-0.25665154009751884
8129,-0.24052474097833543
8130,-0.21925657474979093
8131,-0.16683236812405633
8132,-0.13494791121333738
8133,-0.08270551604759147
8134,-0.01438602117612281
8135,0.008202275972142403
8136,-0.048316194400663925
8137,-0.0816776094145587
8138,-0.1311011678072983
8139,-0.27019033819324423
8140,-0.26382608472679037
8141,-0.1814474976172512
8142,-0.22761896090369416
8143,-0.25269624906617466
8144,-0.2259831397547299
8145,-0.2918842074936841
8146,-0.21554909796577476
8147,-0.1997467350834829
8148,-0.1740935250521946
8149,-0.15846588810728335
8150,-0.19150476990806864
8151,-0.1734106022625983
8152,-0.15274460384119254
8153,-0.126046004998129
8154,-0.09876155678093895
8155,-0.1626887865552153
8156,-0.11664792117613121
8157,-0.05782991984431113
8158,-0.04087617900165108
8159,0.004093992213445974
8160,-0.012245234293388307
8161,0.017816190925780795
8162,-0.028041517760230505
8163,-0.026795762508755427
8164,0.0014528213264584089
8165,-0.02092481423312592
8166,-0.04218787732672985
8167,-0.007544310119276698
8168,-0.02702197103137982
8169,-0.02220061725003275
8170,-0.025917906770219823
8171,-0.03854926465504083
8172,-0.04292402470437828
8173,-0.01561390390702283
8174,-0.03286936463092899
8175,-0.0815601509356213
8176,-0.11005754861642947
8177,-0.12095593609108873
8178,-0.12432897036426394
8179,-0.13099696894146357
8180,-0.19513523688292722
8181,-0.22187978084071203
8182,-0.22471396967405322
8183,-0.12552161952160124
8184,-0.06108195329397004
8185,-0.09288627077199296
8186,0.07089049255718138
8187,0.15696935542697543
8188,0.12234734942533831
8189,0.14625841016788932
8190,0.02056572523847855
8191,-0.10701136870236955
8192,-0.19971025684222682
8193,-0.31726620628481866
8194,-0.35273528851550195
8195,-0.3626729524661138
8196,-0.39391967423667235
8197,-0.3919391369030774
8198,-0.37463770757211545
8199,-0.397473531811638
8200,-0.3852011557433492
8201,-0.3982760348775772
8202,-0.38470218040434717
8203,-0.2763128395154493
8204,-0.2963384431865043
8205,-0.32313763592403505
8206,-0.29243884814355164
8207,-0.3321628041125582
8208,-0.3406869001197752
8209,-0.3180660057816408
8210,-0.25859926452641746
8211,-0.19700655658631672
8212,-0.1818917372205997
8213,-0.17948460747332529
8214,-0.20937633760945568
8215,-0.20008293787360498
8216,-0.21786487155584322
8217,-0.20700690229635532
8218,-0.17014094524304646
8219,-0.14287372974558532
8220,-0.06280244706307797
8221,-0.05187886659056418
8222,-0.1294849965399667
8223,-0.20737041408603452
8224,-0.1787450937969498
8225,-0.08175093883582729
8226,-0.03941173462136638
8227,0.013337346089024593
8228,0.014474634400731934
8229,0.01839112427206968
8230,-0.014100674705234961
8231,-0.07497544063061745
8232,-0.17778192083072936
8233,-0.2234358275949701
8234,-0.21493738358776793
8235,-0.2795283750305915
8236,-0.18043178715762764
8237,-0.0522551716799361
8238,-0.08973906069752485
8239,-0.1016273975227674
8240,0.009352806818936465
8241,-0.005264187277445154
8242,0.08260101639795092
8243,0.06504297505730106
8244,-0.0282834770474496
8245,-0.0039551202228608195
8246,-0.05331519895603487
8247,-0.08395738834051025
8248,-0.06880026244786086
8249,-0.0902085466177277
8250,-0.061615218180958664
8251,-0.11324284834686738
8252,-0.05773482652651546
8253,-0.07327950452571752
8254,-0.04769464085218145
8255,0.0059903844405992945
8256,-0.02425227733518548
8257,0.026348873350404256
8258,0.10418806109225842
8259,0.12614428831044733
8260,0.09184217884995682
8261,0.09370556598607283
8262,0.06322273746248896
8263,0.11704017904493647
8264,0.13208227620291602
8265,0.13791152691204178
8266,0.13992108271847903
8267,0.12163076314314902
8268,-0.055387370086159904
8269,-0.04821220027851669
8270,-0.02325838330540303
8271,-0.09084505217343458
8272,-0.030544807495475446
8273,-0.07755583819056672
8274,-0.05826905151284184
8275,-0.028542161528999077
8276,-0.06357172720313808
8277,-0.14888242379965272
8278,-0.1665256141577931
8279,-0.15238659098780533
8280,-0.07636852130514632
8281,-0.08475385178351147
8282,-0.06522010996692951
8283,0.14447390650211078
8284,0.07712595878450734
8285,0.06964415440602256
8286,-0.04737017775848329
8287,-0.12853194806739382
8288,-0.18261444844090774
8289,-0.2309800097918543
8290,-0.3056331802207449
8291,-0.34621852099813677
8292,-0.35085540270973103
8293,-0.35246837362126676
8294,-0.3370263522114304
8295,-0.32783815098234703
8296,-0.2731703989782165
8297,-0.2635545111285271
8298,-0.2143487026054503
8299,-0.24783300146021037
8300,-0.1728521143981402
8301,-0.15371143107299523
8302,-0.14822040180170887
8303,-0.18504366351425072
8304,-0.1841154083353076
8305,-0.07581881751837605
8306,-0.15846751895356398
8307,-0.15652715732493522
8308,-0.13802614512534522
8309,-0.15219555145452618
8310,-0.14582780849810695
8311,-0.09732269409180916
8312,-0.010546311458292323
8313,0.02517195192892907
8314,-0.026910732763010425
8315,-0.00023794019968781388
8316,0.013158611204190374
8317,0.0002932126419796788
8318,-0.016864738290705006
8319,-0.10349358773540157
8320,-0.08032365563731797
8321,-0.09938560119518652
8322,-0.10573331595499547
8323,-0.1096620595729324
8324,-0.12905776097650912
8325,-0.11546072724273299
8326,-0.11114188864687768
8327,-0.09931021851865313
8328,-0.13409162233953903
8329,-0.08560419672898922
8330,-0.07114044044115725
8331,-0.09637695969989385
8332,-0.08810508116302812
8333,-0.11765744006550488
8334,-0.08233865718587363
8335,-0.11757327854750405
8336,-0.10294793791524848
8337,-0.09893619761247763
8338,-0.07815310593228697
8339,-0.10263447267477743
8340,-0.13389268470668347
8341,-0.13486695791599412
8342,-0.1599565377655322
8343,-0.2163462798075545
8344,-0.1314509170274229
8345,-0.05699232572791163
8346,-0.05999149272078297
8347,-0.1708071572083345
8348,-0.1099211684025182
8349,-0.06277954967181981
8350,-0.020875753051339596
8351,0.023443819387928833
8352,-0.01729034801375129
8353,-0.003605884240119539
8354,0.02447154941108376
8355,-0.016163606851419765
8356,-0.09771200610834085
8357,-0.1027772581712636
8358,-0.0945686873613295
8359,-0.1016808073525774
8360,-0.08691041289870666
8361,-0.0917965587266899
8362,-0.07523847204860007
8363,-0.07054614001860687
8364,-0.06512356111865636
8365,-0.0848828815740954
8366,-0.08226376102493205
8367,-0.047383296952251075
8368,0.22435875557084495
8369,-0.0010077957556117179
8370,-0.084873822254033
8371,-0.021824219502313613
8372,-0.15666034667932488
8373,-0.15518293746933753
8374,-0.1500389470872367
8375,-0.09940373794906388
8376,-0.13880121015952074
8377,-0.041019547451347005
8378,0.11906707177963338
8379,0.16034763061382518
8380,0.07821769579100901
8381,-0.05536964996696786
8382,-0.1911652094236687
8383,-0.1787827575997551
8384,-0.1934993577622796
8385,-0.14896081075713807
8386,-0.03380914470284474
8387,0.026224995669354767
8388,0.013400139887081663
8389,-0.08007269072631074
8390,-0.10192153338160292
8391,-0.18312785666314035
8392,-0.15290117681574789
8393,-0.06638169921637671
8394,0.0036914528422705706
8395,-0.23785195550777422
8396,-0.211270405077976
8397,-0.1800564536303514
8398,-0.05549106020951744
8399,-0.07006902700129392
8400,-0.2474257905995908
8401,-0.2178198841721677
8402,-0.08569039954866275
8403,-0.07558465280734578
8404,-0.09799796840897645
8405,0.026427011103870024
8406,0.11582211903889195
8407,0.14299201366124248
8408,0.09675120359337508
8409,0.1034953580701804
8410,0.12238514426530489
8411,0.18909759652887248
8412,0.12024644409198071
8413,0.15757612181500313
8414,8.627483214795895e-05
8415,0.0011846545860361157
8416,-0.003944281997409926
8417,0.03985245803676141
8418,0.07337121225367771
8419,0.08126642823674002
8420,0.02168729671145142
8421,0.024688558175596453
8422,0.03376746312377943
8423,0.07271506250874826
8424,-0.057003387174668074
8425,0.023419801772288973
8426,-0.025114665118526003
8427,-0.08188223253170213
8428,-0.23267917616374045
8429,-0.1870567946899349
8430,-0.1865369988236738
8431,-0.09014820001466867
8432,-0.05392722262324917
8433,-0.047142398677303354
8434,-0.03765998370209733
8435,-0.05173900237792156
8436,-0.0923740663946111
8437,-0.0724975696687375
8438,0.04150854200503551
8439,-0.04613762393861354
8440,0.010510892609074673
8441,-0.02177896587535999
8442,0.0434864826154544
8443,-0.1516619343091855
8444,-0.13889556162625727
8445,-0.05846054911057258
8446,0.00595156958722165
8447,0.05774985456257409
8448,0.06900974607385113
8449,0.16731321124490006
8450,0.027286939577834013
8451,0.14061832961535758
8452,0.08276860006666698
8453,0.1276145451847267
8454,0.08742944908568517
8455,-0.020112858166642045
8456,-0.022562898664143294
8457,0.07063950279268438
8458,0.00039342999919778077
8459,0.0800643331198363
8460,-0.021195269719516463
8461,0.02674949762437906
8462,-0.01979279154912783
8463,0.048180797481179205
8464,0.081165502353157
8465,0.14847177005012968
8466,0.1375534081544647
8467,-0.0677379609725125
8468,-0.10658672591058671
8469,-0.08349957985954981
8470,0.08759821623608721
8471,0.10279626341231618
8472,0.01937021837029984
8473,0.15494997846222047
8474,0.18500799671590218
8475,0.25009493516486303
8476,0.23860237715122046
8477,0.2522417882088578
8478,0.2690457368113215
8479,0.23666253960440253
8480,0.17901608229118415
8481,0.19595225609228906
8482,0.21766550121954276
8483,0.22764369082937086
8484,0.2030356268257043
8485,0.20241233511072665
8486,0.21947636273581594
8487,0.21944565746868483
8488,0.19332521029503447
8489,0.02854012850202614
8490,0.09804484713056116
8491,-0.18108936218605787
8492,-0.1356876586998509
8493,-0.08010786154134097
8494,0.023413579323920297
8495,-0.022435939196257138
8496,-0.10843372309184274
8497,-0.09628103143889383
8498,-0.08032167590138811
8499,-0.06939594466599769
8500,-0.0746612962396555
8501,-0.05334204898129624
8502,-0.038366900263079096
8503,0.04370914419820848
8504,-0.15053021730316007
8505,0.08905653112047918
8506,0.07540440088876532
8507,0.05634539558324225
8508,0.08333368166479271
8509,0.02074319907701172
8510,0.014452872665656313
8511,0.05627591773682572
8512,0.04491095687939095
8513,0.0380901097602212
8514,-0.015610841987582724
8515,-0.03163484721085669
8516,-0.03145128236903111
8517,-0.06537307184436891
8518,-0.07437790454311993
8519,-0.049790465783582705
8520,-0.04129946914030452
8521,-0.0552433777943202
8522,-0.06409929376962725
8523,-0.11076886754373627
8524,-0.04773752735497655
8525,-0.01647743579238481
8526,-0.05953505900525097
8527,-0.07220663720496423
8528,-0.0018518708529683958
8529,-0.04397875417957564
8530,-0.08202219021039647
8531,0.06263108421592722
8532,0.007625954826036896
8533,0.06161588117617334
8534,0.06638576726249623
8535,0.011585039015776899
8536,0.10933412604224357
8537,0.06660633309256503
8538,0.09900167760513401
8539,0.03622386013374035
8540,0.07900900636139296
8541,0.07901911875240697
8542,0.15882855563892095
8543,0.1433389670979639
8544,0.1460095427508047
8545,-0.0007089766280928833
8546,0.021634111470919426
8547,0.027060885465764573
8548,-0.02892643523815347
8549,-0.055157798668546865
8550,-0.07641039962642904
8551,-0.02845413805452901
8552,-0.07209162119759177
8553,-0.07467201519826333
8554,-0.0023685692242891854
8555,0.012482236600648067
8556,-0.04585910900327683
8557,-0.051071262666248785
8558,-0.009420051354612213
8559,-0.06533765824324728
8560,-0.06854910532565278
8561,-0.07134113033766648
8562,-0.10124806327972641
8563,-0.1390901561049417
8564,-0.13079070179470026
8565,-0.10091137229758179
8566,-0.11574235781170705
8567,-0.13154342805141772
8568,-0.09865918322690936
8569,-0.13253686720590502
8570,-0.09780954225251703
8571,0.04221983706996668
8572,0.09396849338519031
8573,0.10310525843575791
8574,0.12012745354261978
8575,0.031745587253231844
8576,-0.10587426320032278
8577,-0.1434954836219302
8578,-0.1558682845592228
8579,-0.20671670133166414
8580,-0.27836739543621736
8581,-0.3503136781715812
8582,-0.2804898209448491
8583,-0.35698073708521005
8584,-0.31558835570886745
8585,-0.2953408158247816
8586,-0.2620539117077925
8587,-0.32358346042054015
8588,-0.3269446745962172
8589,-0.28858337975861365
8590,-0.2044352459388018
8591,-0.20362910680592017
8592,-0.13828946515765272
8593,-0.12227744451415912
8594,-0.1166342979388787
8595,-0.09993259765000972
8596,-0.04929567847694988
8597,-0.010141168895743569
8598,0.054604166551454614
8599,0.06432905839622038
8600,0.03706706922299474
8601,0.052463535584579946
8602,0.06123313518606932
8603,-0.019344381087395668
8604,0.0019699151322887243
8605,-0.022416643392562552
8606,-0.06009192250178347
8607,-0.026263937102085744
8608,-0.01994484046839562
8609,-0.18401891659112318
8610,-0.11321032532344116
8611,-0.14421167257478235
8612,-0.16429095104674196
8613,-0.05340042562476632
8614,-0.05162395655806923
8615,-0.027438582221231467
8616,0.0007974296307310391
8617,0.029073171875903858
8618,-0.0047095474267582205
8619,-0.06391813440529265
8620,-0.04591454103860615
8621,-0.008811576107564445
8622,0.11085242742824553
8623,0.06600744630822464
8624,0.14157625684443442
8625,0.14546185881203721
8626,0.14960869298961577
8627,0.018599314695638025
8628,-0.008361245827535946
8629,0.002335304362932389
8630,0.04531569971883109
8631,-0.0036811481643702626
8632,0.09984418058860212
8633,0.1163617738247068
8634,0.11589023356270789
8635,-0.04519773413628203
8636,-0.13385949093370308
8637,-0.09484544914803006
8638,-0.08582122572273149
8639,-0.03294769805407982
8640,-0.12605309003482623
8641,-0.16950182353248872
8642,-0.25980765481526114
8643,-0.22324863152191543
8644,-0.03393852298648836
8645,-0.1338184898128213
8646,-0.0716014405605151
8647,0.019404539844289026
8648,0.14568569732838055
8649,0.11712981920540855
8650,0.12711619065184254
8651,0.044189844097271225
8652,0.020105535077120096
8653,0.043089044037144086
8654,-0.08566575448891872
8655,-0.053296447670956426
8656,0.03851436569942457
8657,0.010366809335396021
8658,0.013979090420954243
8659,-0.06695017228370925
8660,-0.08401143590112109
8661,-0.08513738210551758
8662,-0.10055017538412286
8663,-0.07986779942841754
8664,-0.024341475296394577
8665,-0.11075388560101118
8666,0.023294423697599265
8667,0.1076266356427269
8668,0.04387044633561665
8669,0.013516189617745034
8670,-0.058450944328650334
8671,-0.09092595488845862
8672,-0.2023600378372209
8673,-0.21243712973199141
8674,-0.28345783389927853
8675,-0.36653903590064435
8676,-0.34547430432983395
8677,-0.36054730380450123
8678,-0.3942479516241905
8679,-0.3777487317385009
8680,-0.39472653077972203
8681,-0.3948887254017503
8682,-0.40459728988877264
8683,-0.42113351575838504
8684,-0.4335989437322444
8685,-0.43923117911863147
8686,-0.42011974411764647
8687,-0.375806840369726
8688,-0.3550225164191015
8689,-0.34491370912240815
8690,-0.34085440570591174
8691,-0.3409906609863644
8692,-0.30701061306358907
8693,-0.289535972553225
8694,-0.22116100721675935
8695,-0.2583928871867622
8696,-0.27104128695524005
8697,-0.2526798799637867
8698,-0.11279546964015702
8699,-0.2256970713631995
8700,-0.23874104773064891
8701,-0.2418098951911426
8702,-0.24135899423096424
8703,-0.2290573130292904
8704,-0.16198154780954382
8705,-0.09272454798148144
8706,-0.13345027819528077
8707,-0.14211002408706291
8708,-0.14522020187293594
8709,-0.15964121330957493
8710,-0.1374115524843551
8711,-0.1967068826701331
8712,-0.20074751224875548
8713,-0.07397814143495446
8714,-0.13257179377012807
8715,-0.10362155832862169
8716,-0.12720823853503627
8717,-0.10631073767851462
8718,0.005614508718289057
8719,-0.0849663128358441
8720,-0.09414917151064939
8721,-0.1909396383089043
8722,-0.14524827319813272
8723,-0.11727027296472048
8724,-0.018862132138113608
8725,-0.017886781011005604
8726,-0.04180572356714346
8727,0.10008698158780904
8728,0.08205994575092335
8729,0.05869792412165775
8730,0.13153092701461067
8731,0.12915007033494197
8732,-0.08654055225212937
8733,-0.12189399924273425
8734,-0.10970896952338943
8735,-0.07547533793454864
8736,-0.005027394733703505
8737,0.017224682612220432
8738,0.1131638536064552
8739,0.16667850816304097
8740,0.19086857040617589
8741,-0.08360328968784642
8742,-0.06461180294046809
8743,-0.07213022431834071
8744,0.027630437569095
8745,0.028697309510297253
8746,0.0351622831485362
8747,-0.013858278012051861
8748,-0.04769986847465918
8749,0.0067744948156159834
8750,-0.08357338149479909
8751,-0.1034682501157192
8752,-0.12394679046694923
8753,-0.113892221108783
8754,-0.13688824532736238
8755,-0.1134546238243953
8756,-0.17727007397449956
8757,-0.20689932386933252
8758,-0.1988045961208127
8759,-0.21330938661500537
8760,-0.18295671996564916
8761,-0.10331325310249417
8762,-0.043155494332169364
8763,-0.015519656568359852
8764,-0.032557804733845674
8765,0.013260331211491838
8766,0.03460887571690807
8767,0.05679922233429924
8768,0.1831623449931501
8769,0.1539551175279098
8770,0.06813027499220525
8771,0.09290364741888424
8772,0.14995604343428215
8773,0.05682823040221918
8774,-0.08129643911512963
8775,-0.057230895239307134
8776,-0.20152819924514104
8777,-0.07027750278663059
8778,-0.1411862809278917
8779,-0.1267739072483815
8780,-0.12451450781142825
8781,-0.1408937832786642
8782,-0.28316173107027
8783,-0.2716201581319179
8784,-0.18782172024379257
8785,-0.1557934228598986
8786,-0.1161509643278486
8787,-0.1696243346872674
8788,-0.01603670866209972
8789,0.07501201226904675
8790,0.10617007337668061
8791,0.1498444279999408
8792,0.07601047550118101
8793,0.1074610484715226
8794,0.06310094352533269
8795,-0.007627654072778101
8796,0.016381877156963265
8797,-0.0057009972371359074
8798,-0.053020543178612545
8799,-0.10301866710214774
8800,-0.13308893103748187
8801,-0.13822043454664412
8802,-0.11957885210999031
8803,-0.14029328843797462
8804,-0.13263281867311733
8805,-0.1147498781457264
8806,-0.1284945883712968
8807,-0.1073212648886595
8808,-0.16938017873179373
8809,-0.15042460677613956
8810,-0.16484562228334942
8811,-0.17779779147973845
8812,-0.17453488205961326
8813,-0.11166398081257156
8814,-0.10870470106403152
8815,-0.13433553891933475
8816,-0.13668454824773868
8817,-0.16947347977987576
8818,-0.16642601747765895
8819,-0.09238536861590907
8820,-0.0777152745901093
8821,-0.04987497366274579
8822,0.011042649667590498
8823,0.001007286578704969
8824,-0.03875969853387984
8825,0.043049058124845496
8826,-0.029919976772641133
8827,0.05130157028633742
8828,0.05789874592762101
8829,0.08927923022458273
8830,-0.013398120926646662
8831,-0.030711155193088646
8832,0.16044304009151888
8833,0.17004325013293609
8834,-0.06316566943146196
8835,-0.04931298375611182
8836,-0.049483041130414296
8837,0.014050996409524896
8838,0.004746386284562698
8839,-0.041334453228756396
8840,-0.046919980996440624
8841,-0.03559766232084005
8842,-0.026545870661045357
8843,-0.031200536296684345
8844,-0.0465145784009543
8845,-0.04620934815812455
8846,-0.03649812527506191
8847,-0.028174743069405317
8848,-0.03348422806960738
8849,-0.10075151393855136
8850,-0.12905857294338996
8851,-0.13175888918115025
8852,-0.13217020299332904
8853,-0.1462947722005586
8854,-0.15257126602297072
8855,-0.15614725559895676
8856,-0.20136693629833574
8857,-0.2738450763300061
8858,-0.2913698671185335
8859,-0.2958856938692497
8860,-0.28643336736838665
8861,-0.15149800721621226
8862,-0.2588376848032873
8863,-0.24168918504145653
8864,-0.17131611972831717
8865,-0.025329598983431456
8866,-0.08639064198744367
8867,-0.10473423044662072
8868,-0.07172276321998555
8869,-0.07566704171707539
8870,0.01861740902205611
8871,-0.025940193042320314
8872,-0.018315695483485495
8873,0.021494989412832233
8874,-0.08754307065306371
8875,-0.07175439969605468
8876,-0.11413418482009124
8877,-0.16913556628173154
8878,-0.19759972364217188
8879,-0.19181424054519136
8880,-0.11737078436570031
8881,0.02383744816284783
8882,0.016740889021029437
8883,0.03924884624869651
8884,0.08815888866294308
8885,0.109625100314935
8886,0.1517871256713057
8887,0.10653005084410017
8888,0.1619345545491403
8889,0.25136777811499067
8890,0.21197449302505778
8891,0.2107184706633093
8892,0.22620482005297005
8893,0.13748216337726205
8894,0.09633177795506565
8895,0.10929326235487491
8896,0.13648933776961347
8897,0.12085673577936373
8898,0.14025986039354754
8899,0.1335056536611312
8900,0.10401944944929431
8901,0.05764654167608496
8902,0.05968467836282754
8903,0.06570266808695091
8904,0.09262936822954748
8905,-0.06644050781620192
8906,0.06280463622482269
8907,0.03692765811168375
8908,0.0960645464273322
8909,-0.01586183963188431
8910,0.10916910745867603
8911,0.12226112824224411
8912,0.08331645973201951
8913,0.023563625958295864
8914,0.03970281230005113
8915,0.0929237607463721
8916,0.08036319063176456
8917,0.1220132272075749
8918,0.13817881754242656
8919,0.19161030400785273
8920,0.1908039094297178
8921,0.18474983247901522
8922,0.17105756213894363
8923,0.17318454599527
8924,0.17605387280598161
8925,0.16584435735554393
8926,0.15823931162047822
8927,0.15915077853959203
8928,0.15619702543011627
8929,0.15693366588933377
8930,0.1636673899491199
8931,0.16541139325279186
8932,0.17537571216017267
8933,0.17425593935696948
8934,0.16075636199019727
8935,0.14204550895602797
8936,0.16949336312519825
8937,0.1602481846676359
8938,0.15783572565982118
8939,0.1900316996995287
8940,0.1915535484590316
8941,0.16567426620564185
8942,0.15027249111341723
8943,0.12275730705612486
8944,0.13224252629837918
8945,0.08014071422550484
8946,0.008288791898659498
8947,0.036035602469631334
8948,0.06557349913972743
8949,0.0171788837488549
8950,-0.02254449852278151
8951,-0.07980567265075866
8952,-0.09161411002407888
8953,-0.06717979025145054
8954,-0.05412404676573335
8955,0.020185573498157416
8956,0.02694148777373695
8957,0.03698372788551063
8958,0.05615710266195062
8959,0.09154020321843004
8960,0.09159984482296102
8961,0.16322292728838428
8962,0.015546504085991009
8963,-0.005159057269112033
8964,-0.010515359284866743
8965,0.059544910929259176
8966,0.04700973914379125
8967,0.05482340701978283
8968,0.07744200255874967
8969,0.14863376793582872
8970,-0.007029134149335925
8971,-0.0005055543614213565
8972,0.02314421451298465
8973,0.03626959480476888
8974,0.022448369421577352
8975,0.05270897950200215
8976,0.07718577287517014
8977,0.07385586712142445
8978,0.10439303185495041
8979,0.08996688922855522
8980,0.0921179361693466
8981,0.12521439483698826
8982,0.11257260515160006
8983,0.09284013363927035
8984,0.0990802553620509
8985,0.0861342527448522
8986,0.003638280715367981
8987,0.05272873555975588
8988,0.008004049346299724
8989,0.012395595991412378
8990,-0.05811595071723863
8991,-0.08254409862383338
8992,-0.11097387995131036
8993,-0.1276830321004257
8994,-0.10448992886714664
8995,-0.12124986796389392
8996,-0.14273596122638105
8997,-0.16702989511283078
8998,-0.2125939765905855
8999,-0.21965904322297175
9000,-0.33142387482273616
9001,-0.34654999930922437
9002,-0.3002240905964468
9003,-0.2981935901814858
9004,-0.33038780455349825
9005,-0.29432926778616786
9006,-0.2011312912893154
9007,-0.21937296587784721
9008,-0.2516685017769041
9009,-0.15849777203466514
9010,0.009625334074833347
9011,-0.0784131451913107
9012,-0.11344452606386002
9013,0.011071100504820186
9014,0.0010175663511106103
9015,0.02311417854168707
9016,0.047518195485005355
9017,-0.010022148283249988
9018,-0.0211469442841265
9019,-0.05440974284743605
9020,-0.0388903103078867
9021,-0.021142474589681715
9022,-0.011867289618853138
9023,0.024601756985177747
9024,0.03490122890159175
9025,-0.02021692998450908
9026,-0.02543644737588968
9027,0.0015624824915134727
9028,0.17607069131311903
9029,0.08936324561375508
9030,0.22219438157480575
9031,0.20743942732060028
9032,0.23344668088043385
9033,0.12867663289798126
9034,0.1777903800703876
9035,-0.017872090933684803
9036,0.059542088200690846
9037,-0.04788102791432314
9038,-0.027636104660395122
9039,-0.05126884203515675
9040,-0.11344069302082688
9041,-0.08844715158528621
9042,-0.11036772152609092
9043,-0.01446996419116664
9044,0.01781238386143691
9045,-0.10084489279485875
9046,-0.14968012797379548
9047,-0.0452342400547453
9048,0.04254802369584232
9049,0.024944015265783714
9050,-0.11028748099969732
9051,-0.09006645939719171
9052,-0.08070551624802025
9053,0.015394968091819505
9054,0.1884261468823082
9055,0.12792350245923811
9056,0.12122996143301268
9057,0.11480995783150494
9058,0.14636321664440355
9059,0.15607632505551172
9060,0.19100249817249126
9061,0.1643175778471948
9062,0.08970960337993639
9063,0.06435709068146023
9064,0.05952489384154713
9065,0.15339054991263834
9066,0.08876643118184813
9067,0.05069992384627042
9068,0.04696264262601979
9069,0.03743425513462062
9070,0.02897798085820713
9071,0.015430826639639683
9072,-0.13197238990461568
9073,-0.017377574563940512
9074,-0.010820265749745428
9075,-0.20049110122858904
9076,0.03399478774606224
9077,-0.0267048110335108
9078,0.05394120587934892
9079,0.02164712127596191
9080,0.09971442521247897
9081,0.022304744592380965
9082,0.03477725145693733
9083,0.05926071194942917
9084,0.06983610529301143
9085,0.019047792540349384
9086,0.05097405542030686
9087,-0.0066043999830959765
9088,0.07078615764778706
9089,0.08022294488237613
9090,0.08650035685395241
9091,0.10345481020663916
9092,0.08130431047420694
9093,0.04294135627642626
9094,0.010261569605589438
9095,0.08587096424278762
9096,-0.03128196967432595
9097,-0.04821463555421246
9098,-0.08473732390459021
9099,-0.06932001904110746
9100,-0.016346658759440302
9101,0.007505449627461691
9102,0.09696599533309413
9103,-0.0414758741256554
9104,-0.0773915966740189
9105,-0.02675855578254327
9106,-0.026119329467669483
9107,-0.017052946513024636
9108,0.017143488601582435
9109,0.027362400155873545
9110,-0.06689822788526556
9111,-0.009038096856238742
9112,0.028798366729900327
9113,0.08345835535566593
9114,0.14487765837916577
9115,0.09049035236720293
9116,0.07480162002673141
9117,0.06916329275128763
9118,0.14149048638944728
9119,0.12137144626553487
9120,0.12283151106552914
9121,0.1469549687611167
9122,0.16246731809000914
9123,0.14947204991032437
9124,0.14203898904773526
9125,0.11715802346344573
9126,0.14537910934805642
9127,0.1502847521293772
9128,0.11780628426566986
9129,0.05440637736477316
9130,0.05336241426277977
9131,-0.007698191275306243
9132,0.0660344184382311
9133,-0.038977614938185856
9134,-0.04742958090605248
9135,-0.025708920324703566
9136,0.012573952555899215
9137,-0.07272911116534003
9138,-0.01313172437929877
9139,0.054834315386745325
9140,0.081026466699618
9141,0.08635135521229198
9142,0.05417365712537803
9143,-0.0517837926148193
9144,-0.02784351078354763
9145,-0.07137443537032573
9146,-0.045638043761948854
9147,-0.05978962313671099
9148,-0.05030731243936576
9149,-0.10770282021608746
9150,-0.28842205686396366
9151,-0.33187272832789894
9152,-0.3697443750824705
9153,-0.384414898128375
9154,-0.38721680172400474
9155,-0.3918342118736282
9156,-0.3548075391941897
9157,-0.3814608924665851
9158,-0.36547150373241916
9159,-0.37591253228721416
9160,-0.3695009933107909
9161,-0.24304285731999709
9162,-0.3454410573480709
9163,-0.35427591632855027
9164,-0.36064266116914784
9165,-0.332776860575717
9166,-0.30768537078163344
9167,-0.2533790355906188
9168,-0.22175108447494352
9169,-0.1266553529355105
9170,-0.07952490777674076
9171,-0.05402805979771885
9172,-0.1048787475893368
9173,-0.03015109558512752
9174,-0.08226680703394196
9175,-0.044482236761178684
9176,0.0013279938088925913
9177,0.11683117381106667
9178,0.08805979380911566
9179,0.03802582115910702
9180,0.04226103135285153
9181,0.056665626369067135
9182,0.07953520877425846
9183,0.04157372080047783
9184,-0.07192482438610781
9185,-0.033789300377844
9186,0.027773083709688673
9187,0.01421247059623798
9188,-0.014010852006602126
9189,-0.11950846788210512
9190,-0.057099323867360774
9191,-0.0392032184181087
9192,0.04170228179489954
9193,0.01591074356358302
9194,0.06401692742136567
9195,-0.007361364459833986
9196,0.05746962464145278
9197,0.09168474848910635
9198,0.0906220863834839
9199,0.10783039917907067
9200,0.14091455653283314
9201,0.16857956846281552
9202,0.16183095966448824
9203,0.11903281803973065
9204,0.15083874079759796
9205,0.15668428852873617
9206,0.017479151812824445
9207,-0.20543783801261167
9208,0.10868686063221833
9209,0.1377987553038068
9210,0.04483983643696554
9211,0.00863922429016628
9212,0.07155131010429483
9213,0.021391450431918924
9214,0.151065790741711
9215,0.16115790946297304
9216,0.18719765482754913
9217,0.20863567205718891
9218,0.21794067051499932
9219,0.22063064353777717
9220,0.19721200279241846
9221,0.19646146717453128
9222,0.19389746301392852
9223,0.18426616807055374
9224,0.1506977986769824
9225,0.1323273972725587
9226,0.15175229697838133
9227,0.155843413628584
9228,0.17919813776449378
9229,0.15950140079509034
9230,0.06280022904268823
9231,0.06331958198924781
9232,0.04639400550202799
9233,-0.08481799363923415
9234,-0.03086926413214658
9235,-0.006145101299736833
9236,0.017068469652846252
9237,-0.16874959197101835
9238,-0.2004937777736634
9239,-0.2033679155250075
9240,0.0612114132370527
9241,0.03864724184760171
9242,-0.06355782689670708
9243,-0.08093504650322175
9244,-0.14155452631915655
9245,-0.28431300084279537
9246,-0.36804116948145205
9247,-0.3591875943899873
9248,-0.3598039577492689
9249,-0.35496186665632207
9250,-0.36813745149363086
9251,-0.3244019261039931
9252,-0.32456520061261235
9253,-0.2827753478348612
9254,-0.2998304938342922
9255,-0.2753715440295421
9256,-0.20356830115311764
9257,-0.25391995296572223
9258,-0.19193380230808443
9259,-0.12609690788916283
9260,-0.029804083361565148
9261,-0.11566941116055529
9262,-0.24675444659194756
9263,-0.2157895274959155
9264,-0.25130702728095766
9265,-0.1641951885039461
9266,-0.24324167577983308
9267,-0.14039107916479548
9268,-0.1382660826583721
9269,-0.1654216519694467
9270,-0.1750168905634255
9271,-0.20373176528793113
9272,-0.21726176958596677
9273,-0.1782884466993268
9274,-0.15688605765341335
9275,-0.14161674194209656
9276,-0.15310223120644811
9277,-0.1449885619113208
9278,-0.16753722476817223
9279,-0.1589679073344571
9280,-0.14434202505310934
9281,-0.12850851122721907
9282,-0.11121474586932806
9283,-0.07854932223757916
9284,-0.09284618131014649
9285,-0.07063020440309786
9286,-0.06232399606670497
9287,-0.07177011683567025
9288,-0.09005313191683395
9289,-0.10174672622462
9290,-0.07495191063516027
9291,-0.09786790323709288
9292,-0.09178175165704072
9293,-0.062134805905373014
9294,0.011493341644614796
9295,0.04897718399411588
9296,0.026323086825168263
9297,-0.005190605773960022
9298,-0.05456922366588818
9299,-0.058407440217863094
9300,0.012602703745598687
9301,-0.043174292340842246
9302,-0.012261325257199307
9303,-0.014839542963422936
9304,-0.014240956558408069
9305,0.06165031666632548
9306,0.11477798652764148
9307,0.06905698369982294
9308,0.06002039479823107
9309,0.06947982809504116
9310,-0.03260650732480447
9311,-0.0096867253355305
9312,-0.0034541866149273015
9313,0.09825743745239768
9314,-0.02933912801286631
9315,0.0058194208106917555
9316,0.021782697605240986
9317,0.013551019023039568
9318,-0.02911073662539787
9319,-0.004678696440028385
9320,-0.01737924573860672
9321,0.004741846396549287
9322,-0.02712123293710106
9323,-0.10802613711403697
9324,0.18789582280671202
9325,0.0043736189850521745
9326,-0.060558109540884975
9327,0.1662365616295658
9328,0.18683703473905677
9329,0.1842296054393351
9330,0.19965814262017756
9331,0.1888790960646547
9332,0.15770767498706562
9333,0.20666686182566774
9334,0.21858468754515215
9335,0.24431891941591277
9336,0.2778673011395443
9337,0.2741103505280845
9338,0.2716937744865012
9339,0.2639179254184336
9340,0.18195032522544896
9341,0.1991760385308594
9342,0.1748253938628348
9343,0.1772999614801991
9344,0.06330504999330944
9345,-0.0696162127980654
9346,-0.10500909512941592
9347,-0.23824663064762147
9348,-0.2709282338398642
9349,-0.24883932646823714
9350,-0.2486629930508895
9351,-0.2557228200024818
9352,-0.3112114301258484
9353,-0.2497494081015943
9354,-0.29917897975640473
9355,-0.30457443566699227
9356,-0.28112858868350266
9357,-0.2604915214223758
9358,-0.09209263924466365
9359,-0.09861646712612471
9360,-0.08316350445108789
9361,0.002373407851980258
9362,-0.03871419021833955
9363,0.06907739682495373
9364,0.06601789822302673
9365,0.06008514015186428
9366,0.07299033238066444
9367,0.00927756577581429
9368,-0.028239081396508492
9369,0.15222393684128344
9370,0.16093912259958898
9371,-0.15452391667818038
9372,0.06693715769208453
9373,0.08264370779559949
9374,0.030307696144091012
9375,0.00917560646779958
9376,0.027729081936198385
9377,0.008023796946161621
9378,-0.042454039014889755
9379,-0.002193518016787077
9380,-0.09197043476363104
9381,-0.0932977891645369
9382,-0.07457699093219972
9383,-0.0404419766063846
9384,-0.07644562812211042
9385,-0.055991615835439656
9386,-0.08993554311314422
9387,-0.07425979415482081
9388,-0.08272351390154303
9389,-0.10534860638545662
9390,-0.057033738805167544
9391,-0.020936740420978317
9392,-0.042532880867436784
9393,-0.09564415806550103
9394,-0.1264116020023025
9395,-0.11539220038172143
9396,-0.024312337577414467
9397,0.021084616499647213
9398,0.13720616671610963
9399,0.1306371810382314
9400,0.13005437767353178
9401,0.13224829882842992
9402,0.1442244782867036
9403,0.12978850746056592
9404,0.12701435829133412
9405,0.1351272726893531
9406,0.16902970977727616
9407,0.16982555688153644
9408,0.1899815901335008
9409,0.21861856205614827
9410,0.20479666046187073
9411,0.2274873298777378
9412,0.21879001868796877
9413,0.23138872571174662
9414,0.2208957187443925
9415,0.2210706099560119
9416,0.2314986562458763
9417,0.23223519494513944
9418,0.15531188023043474
9419,0.12039559218137974
9420,0.06887129573335649
9421,0.06157463829947096
9422,0.1375675758529109
9423,0.06415408628163666
9424,0.04570897364225768
9425,-0.054765994656051475
9426,-0.12047215324299454
9427,-0.07985068496881614
9428,-0.11569706786364453
9429,-0.15333367066610087
9430,-0.13680704341076516
9431,-0.1817152383129127
9432,-0.12400170103824593
9433,-0.10166919283999121
9434,-0.08004482105959604
9435,-0.057932263923037186
9436,-0.12759381296746358
9437,-0.1770960086214532
9438,-0.1971034654434728
9439,-0.3474892225224474
9440,-0.35088994231492654
9441,-0.3889835480945597
9442,-0.3883970532958579
9443,-0.39736025001366954
9444,-0.39304508522808085
9445,-0.3745347050915467
9446,-0.3929721616382864
9447,-0.40423351403533214
9448,-0.39472472122659374
9449,-0.3603212933737071
9450,-0.3563456386561118
9451,-0.36800369088220486
9452,-0.3295541486724241
9453,-0.3532221848850439
9454,-0.3511884006111884
9455,-0.31407868489931856
9456,-0.3338567109098722
9457,-0.2841602646315943
9458,-0.2970633405434776
9459,-0.3189096308682818
9460,-0.2996310304604146
9461,-0.26880647407335573
9462,-0.3210410807170062
9463,-0.19387269348584824
9464,-0.21670297216686207
9465,-0.2486467429087792
9466,-0.21925705529042866
9467,-0.23048320961515983
9468,-0.2067720060746145
9469,-0.1976682407561307
9470,-0.21524042337472526
9471,-0.19575006820016028
9472,-0.15707712470195256
9473,-0.12321777227807917
9474,-0.09477502898833212
9475,-0.08567966223670054
9476,-0.05997448554685131
9477,-0.04984180721983156
9478,-0.0502749834039623
9479,-0.14379110376311194
9480,-0.27049443589379074
9481,-0.2762891007082048
9482,-0.24245840832633486
9483,-0.3231258353725852
9484,-0.33032161657317854
9485,-0.2982414604430987
9486,-0.2423992714332714
9487,-0.2516161981895454
9488,-0.30532322881342466
9489,-0.2780611771371904
9490,-0.23491425438332025
9491,-0.09917826791846684
9492,-0.059730766194902696
9493,-0.053871934346897354
9494,-0.14609743883271048
9495,-0.14187988913603417
9496,-0.1568696133111362
9497,-0.13443422185898146
9498,-0.0989246863301248
9499,-0.05368274557050412
9500,-0.12507914258450925
9501,-0.15111682524846637
9502,-0.12607788011910764
9503,0.08895287958361686
9504,0.09605375537916183
9505,0.11492599057253627
9506,0.11547901756396639
9507,0.0755936497529206
9508,0.025211539477275058
9509,-0.04789922533721985
9510,-0.10411553205161106
9511,-0.03922584923764205
9512,-0.14928621614164062
9513,-0.19089848696323852
9514,-0.19789036280400712
9515,-0.17744518143979493
9516,-0.16865431801154623
9517,-0.17573457333183629
9518,-0.16249197740229165
9519,-0.2064758632352287
9520,-0.14875169760470197
9521,-0.21357910050196122
9522,-0.2496676455155365
9523,-0.23057342002543513
9524,-0.10578055637591505
9525,-0.155116564112055
9526,-0.11582060344555739
9527,-0.06281872180819786
9528,-0.11896805877195366
9529,0.016717761839165513
9530,0.03193571967422959
9531,0.1422281157565366
9532,-0.10850305918727987
9533,-0.13664063795534853
9534,0.028623459372577376
9535,0.05114839510304092
9536,0.21832253078776387
9537,0.2505308811534611
9538,0.029601359516642
9539,-0.002265903201434938
9540,0.26178553788155623
9541,0.0954392224015882
9542,0.053524529412926514
9543,0.1762077364551209
9544,0.21631748210193757
9545,0.30020842437588535
9546,0.1768257879330154
9547,0.048942041783166856
9548,0.010061264248714896
9549,0.08983129482775276
9550,0.18198252796862002
9551,0.22174111146613718
9552,0.24939703410598157
9553,0.2734082051631467
9554,0.24778679858835717
9555,0.1750517679717014
9556,0.14594791268624108
9557,0.18105988026948128
9558,0.16459806478171124
9559,0.15765469373583696
9560,0.1735564330127164
9561,0.24204950345310183
9562,0.11090781810709571
9563,0.012782409548166784
9564,0.11361304926400273
9565,0.1262534344320725
9566,0.1071907527217697
9567,0.09758738608020834
9568,0.12721189871220362
9569,0.11109609245333418
9570,0.060851819168976196
9571,0.06757369592942564
9572,0.04140754799827229
9573,-0.04064075043900017
9574,-0.07532038336341412
9575,-0.11126576192625526
9576,-0.11197923491796868
9577,-0.054595881456960704
9578,-0.18243530794484253
9579,-0.21434965247906507
9580,0.12574435886413815
9581,-0.0653980275838929
9582,0.1403580820901864
9583,0.05952233339638002
9584,0.025367269915556045
9585,-0.007773935944745847
9586,-0.007456789044575363
9587,0.052674515676965905
9588,0.12440946889192983
9589,-0.004832318846181682
9590,0.025020148458697933
9591,-0.06614981722271185
9592,0.01044712877691878
9593,0.045883518471773965
9594,0.09626404294438695
9595,0.06015828814374369
9596,0.07889993847336652
9597,0.06276097553763504
9598,0.16222152025865588
9599,0.16359449626464373
9600,0.1607614126378134
9601,0.10765687938809565
9602,0.15383791145243764
9603,0.15848366876823328
9604,0.17331022259005313
9605,0.1778538307316454
9606,0.1325013878902228
9607,0.13813453144407295
9608,0.1627468410040087
9609,0.16174031953235857
9610,0.15010916263146756
9611,0.009506406356563413
9612,0.013921280636724598
9613,0.007878493220411675
9614,-0.08081658167231681
9615,0.04673652157757402
9616,0.005838984119095558
9617,-0.017805863178528003
9618,-0.06927256160636841
9619,0.0481006146125138
9620,0.09002377190043764
9621,0.08799769496449417
9622,0.03773722530210022
9623,-0.03450372240285632
9624,-0.10370846564556152
9625,-0.14048296745703592
9626,-0.1798679435765006
9627,-0.19956564145948874
9628,-0.19892720802062303
9629,-0.20495917910291672
9630,-0.22051247476160807
9631,-0.18806574233956574
9632,-0.17015306530673846
9633,-0.13394780294649455
9634,-0.17611690673146235
9635,-0.25821327491492696
9636,-0.31360608569863224
9637,-0.31181364414643353
9638,-0.3178075211472247
9639,-0.24616703939598328
9640,-0.304582354255077
9641,-0.28603983333884825
9642,-0.2873397160707576
9643,-0.31898459574542815
9644,-0.21773739846490564
9645,-0.2562564377354696
9646,-0.3111125912782418
9647,-0.2779499480618878
9648,-0.29841177353859843
9649,-0.29768623730404464
9650,-0.3050857639434957
9651,-0.21816581293984222
9652,-0.2854348136291004
9653,-0.16575016228122746
9654,-0.17860090077099805
9655,-0.1524823872649802
9656,-0.17328140279224136
9657,-0.13745577402214415
9658,-0.1523836026562252
9659,-0.1381221349454516
9660,-0.1278628636353722
9661,-0.11499495720507469
9662,-0.04317732037437905
9663,-0.05488559681510974
9664,-0.06062670307485607
9665,-0.06737441410826106
9666,-0.07002304254143243
9667,-0.028795557060637134
9668,-0.03219067406539455
9669,-0.08327692868579123
9670,-0.059309964660354264
9671,-0.05212319592801745
9672,-0.08438393184867332
9673,-0.108218761871193
9674,-0.12002511925158571
9675,-0.12036804763312803
9676,-0.09310261341640247
9677,-0.19220483634115582
9678,-0.13067814411542922
9679,-0.10250485460857905
9680,-0.20697946809619788
9681,-0.25568442108934375
9682,-0.3085413960566558
9683,-0.31919911097011666
9684,-0.32744999299514044
9685,-0.3284849539030865
9686,-0.21906835778103423
9687,-0.2992827529907698
9688,-0.2324560537072261
9689,-0.2420973532429883
9690,-0.2499999935966591
9691,-0.2248118364557355
9692,-0.13666430146825903
9693,-0.0887857264088927
9694,-0.06597889103622323
9695,-0.04193291399799398
9696,-0.05547070416355682
9697,-0.0510020978136958
9698,-0.0390371004306278
9699,0.06949564917683082
9700,0.08746246061663787
9701,0.10678911870459573
9702,0.10550728824114564
9703,0.02634807516038007
9704,-0.05881213388641371
9705,-0.05889094896335639
9706,-0.08596006807246787
9707,-0.1136615662164554
9708,-0.12386888303220611
9709,-0.1659672503608417
9710,-0.11741264841765198
9711,-0.1788216862219486
9712,-0.1857210185030862
9713,-0.18661975434404643
9714,-0.16738638781095616
9715,-0.09189637293592534
9716,-0.04684612135561084
9717,-0.06899036957893456
9718,-0.07020121085764719
9719,-0.0475590375557805
9720,0.024146450945089493
9721,-0.012925207916674952
9722,-0.045490914242621916
9723,-0.11065255556444387
9724,-0.1672126689653643
9725,-0.20214900764519755
9726,-0.34731881855627916
9727,-0.3732947115356879
9728,-0.3347968500367511
9729,-0.3689771130985348
9730,-0.32383440520248935
9731,-0.35251934825906955
9732,-0.31306377313158
9733,-0.3087345560456834
9734,-0.31810574638459727
9735,-0.28818336640443587
9736,-0.24756792067887934
9737,-0.25598606590106454
9738,-0.31334527815684426
9739,-0.3190467532680449
9740,-0.23269089581724278
9741,-0.3302918986409495
9742,-0.2491381659238004
9743,-0.32522535104370376
9744,-0.25889734597904956
9745,-0.22058614220575723
9746,-0.2359202908261508
9747,-0.25313131505531083
9748,-0.27729004697224957
9749,-0.2635409754251041
9750,-0.10108837030623086
9751,-0.07860151441644075
9752,-0.18010185160597886
9753,-0.10060930811701557
9754,-0.08377337404651569
9755,-0.11465083715119001
9756,-0.05463760613094576
9757,-0.05459213961126802
9758,-0.09319861831293003
9759,-0.0954896565797666
9760,-0.06998415280698661
9761,0.018728295166270725
9762,0.04853880202843164
9763,0.1033961800241765
9764,0.10617622037905527
9765,0.13400942738307187
9766,0.11040466138553362
9767,0.12855055546012062
9768,0.06127561835727102
9769,-0.022977465472805658
9770,0.021828535276318894
9771,0.007842903635040255
9772,0.002039233932939255
9773,-0.03644090068036593
9774,-0.01263905969119683
9775,-0.025520816960349524
9776,-0.0009429086041529144
9777,-0.053742112693014654
9778,-0.04531815472816536
9779,0.027517091460104504
9780,0.034536163231746686
9781,0.013455222467256944
9782,0.025271335128829397
9783,0.036593025540424096
9784,0.04935567989663647
9785,-0.03926896274822678
9786,-0.05575337944855174
9787,0.015933599112024743
9788,0.01826575737670988
9789,0.028560393530523087
9790,0.016581047118043868
9791,-0.030848212722230373
9792,-0.023612402431156476
9793,-0.012348991747655969
9794,-0.011895609179734368
9795,-0.01050757334864516
9796,0.043662210867334794
9797,-0.0007890701765191355
9798,0.046073823694589566
9799,0.02310702984849844
9800,-0.0886925810311312
9801,-0.07386162555979753
9802,-0.13107416511587983
9803,-0.12048668617363051
9804,-0.10015455905199788
9805,-0.11888111271687596
9806,-0.05272240276704532
9807,-0.07753845325523773
9808,-0.18330257970760327
9809,-0.16508364923691377
9810,-0.18163988803419218
9811,-0.1404128793097868
9812,-0.18602499304478393
9813,-0.1751740146829931
9814,-0.23728595109685907
9815,-0.27685724687849955
9816,-0.3325887727457636
9817,-0.326899213558952
9818,-0.30258367967696065
9819,-0.2982429440661697
9820,-0.2670476719600673
9821,-0.2845890059780681
9822,-0.2868026371498119
9823,-0.3436706035321243
9824,-0.3496382117192357
9825,-0.3544101200865175
9826,-0.38271246651359647
9827,-0.3227031442231454
9828,-0.30935704047620005
9829,-0.3363287932948333
9830,-0.3342896724703036
9831,-0.35755782044077383
9832,-0.3721759247621912
9833,-0.3442412600755658
9834,-0.36819198957877186
9835,-0.3722878876443666
9836,-0.4019407675651119
9837,-0.4204200723302042
9838,-0.40910711815983003
9839,-0.3502898365748875
9840,-0.35605348466923004
9841,-0.3715898455172587
9842,-0.3184941317486796
9843,-0.28764582710536396
9844,-0.31711280557229327
9845,-0.31615092829660263
9846,-0.3370400332180503
9847,-0.3303467648274635
9848,-0.20055683331184737
9849,-0.23006084495991375
9850,-0.18861462048380745
9851,-0.13417680880258792
9852,-0.10401422267471394
9853,-0.09409067275878635
9854,-0.12084358235402282
9855,-0.11491469400434484
9856,-0.09733560704397515
9857,-0.04418579948734236
9858,-0.0053385231011938705
9859,-0.01326946176644217
9860,-0.11842531571731663
9861,-0.12447909705613525
9862,-0.07291046230294063
9863,-0.04341058231086192
9864,-0.07743776740244801
9865,-0.12447012790560791
9866,-0.11908521359828311
9867,-0.08474878182779372
9868,-0.0967033432707442
9869,-0.06171874073638711
9870,-0.054183441231894114
9871,-0.0656848174817023
9872,-0.21010547447480027
9873,-0.18326781918709623
9874,-0.2557221595752553
9875,-0.12150370373585034
9876,-0.08818929646492862
9877,-0.04331991055369777
9878,-0.1752387930059111
9879,-0.13838822607147006
9880,-0.1244153966354552
9881,-0.02171150885662565
9882,-0.07412561430279252
9883,-0.11839197590912637
9884,-0.11806182441041452
9885,-0.08956229311091135
9886,-0.08199557040124184
9887,-0.11680315688541343
9888,-0.06856381382768972
9889,-0.09998225841472907
9890,-0.054970663167931366
9891,0.019985631893853717
9892,0.01414374571624466
9893,-0.07734469380980646
9894,-0.06487353172480609
9895,0.042210567788561804
9896,0.011806228683473696
9897,0.039495789604728104
9898,-0.036762104302906606
9899,-0.08449994837418567
9900,-0.07179111032862429
9901,0.020354375485227116
9902,-0.12801291925072783
9903,-0.09856528809463205
9904,-0.14566699244378944
9905,-0.013242401885372068
9906,0.0918079103852254
9907,0.1330873111879758
9908,0.12184271367396671
9909,0.019473672254541774
9910,0.07495135346302306
9911,0.095683425886528
9912,0.11509652728118036
9913,0.06578303929576712
9914,-0.2576314493953633
9915,-0.2289058738881839
9916,-0.3464115913722927
9917,-0.32176489249511664
9918,-0.41910862040553964
9919,-0.4097379046569736
9920,-0.4184587032770921
9921,-0.4157546642676972
9922,-0.4049538657352707
9923,-0.37988051092821834
9924,-0.3431643050336383
9925,-0.381825571323397
9926,-0.3441014254704597
9927,-0.341369394459708
9928,-0.32733336904904775
9929,-0.21655250426784345
9930,-0.31676787451906374
9931,-0.3142394987819164
9932,-0.2418684554730225
9933,-0.1803060410519743
9934,-0.17109560244406374
9935,-0.17970082384625513
9936,-0.1859488676850362
9937,-0.242115965215217
9938,-0.13278538193662304
9939,-0.17070234702100917
9940,-0.3090264553759257
9941,-0.28689384380982685
9942,-0.20690182069011742
9943,-0.25092525615430955
9944,-0.17817167691818403
9945,-0.14164309590168556
9946,-0.07825128417479893
9947,-0.030345522414442272
9948,-0.26665044067849814
9949,-0.08230900157319693
9950,-0.12176728407143439
9951,-0.10836021911439042
9952,-0.15034462722632824
9953,-0.08875847970704509
9954,-0.10888762785667877
9955,-0.02883082705670892
9956,-0.05552721242334774
9957,-0.04468718283134354
9958,-0.1440864579025003
9959,-0.2345875981852466
9960,-0.35604529686572783
9961,-0.36340140907358204
9962,-0.36972538377983744
9963,-0.36604331516569355
9964,-0.36527941820292625
9965,-0.294103376895431
9966,-0.25256283265925245
9967,-0.25957445286743697
9968,-0.33540742908440985
9969,-0.277047313552173
9970,-0.30516590580344516
9971,-0.2009595910651637
9972,-0.22485460280479813
9973,-0.11890717132824757
9974,-0.18412431283288555
9975,-0.07257155587844782
9976,-0.10262325709197978
9977,-0.007590485734413677
9978,-0.08255871844488671
9979,-0.06591021176268941
9980,0.024060995984557798
9981,0.029012389997000843
9982,0.18034997608079806
9983,0.17647591332514367
9984,0.13542485541941185
9985,0.17758404834949004
9986,0.17350270234436604
9987,0.18754366273999246
9988,0.1830393676120311
9989,0.16536426796027792
9990,0.0917733404476423
9991,0.11611000543363625
9992,0.183197604204139
9993,0.1823926750197179
9994,0.1027046372190934
9995,0.1714162306097875
9996,0.1613607279082827
9997,0.17281778501986655
9998,-0.02863746164006642
9999,0.09056222075514575
10000,0.15628801246062785
10001,0.16881793390965638
10002,0.15312010831407374
10003,0.16060862835058887
10004,0.003198871012243254
10005,-0.012479409501057526
10006,-0.11370636225530406
10007,-0.03363373194996455
10008,0.18204606404462742
10009,0.026570923423712034
10010,-0.20534327891583842
10011,-0.16647828810981136
10012,-0.04340951641602597
10013,-0.09634314540271582
10014,-0.18640921742728878
10015,-0.22132383071484973
10016,-0.2668956594146411
10017,-0.18600318876964644
10018,-0.2567110107235514
10019,-0.36594673786713783
10020,-0.37298236368127
10021,-0.34088919864288025
10022,-0.3948265869313392
10023,-0.29315969151373167
10024,-0.332869848026678
10025,-0.34945389708575536
10026,-0.3442479203088625
10027,-0.32731732385840434
10028,-0.26734688692170705
10029,-0.3273534485668889
10030,-0.32799337877478885
10031,-0.32369734136990236
10032,-0.30947575669270233
10033,-0.2195179682767358
10034,-0.19086194983802196
10035,-0.2655583044128942
10036,-0.17457885481939783
10037,-0.21287831223523318
10038,-0.2701293268529499
10039,-0.262894612221223
10040,-0.1603131976690445
10041,-0.0853459078443512
10042,0.11586801524658719
10043,-0.1594729271501435
10044,-0.11748735398245186
10045,-0.1257123950789995
10046,0.08905419313093721
10047,0.04190661782631622
10048,0.0604470016485783
10049,0.01416405558241074
10050,0.018903110858973227
10051,0.028435472640304882
10052,0.02446156325950921
10053,0.005517843547816592
10054,0.01626199755287283
10055,0.050269809322378234
10056,0.10635727025167863
10057,0.11014240726614877
10058,0.1070361541504552
10059,0.16744411923263447
10060,0.19191598278159794
10061,0.19135649407146293
10062,0.1947468106873972
10063,0.18055273187888032
10064,0.18919037566958186
10065,0.19297841808478955
10066,0.1279555090230895
10067,0.21789076417057696
10068,0.22893711623038737
10069,0.22858133072316578
10070,0.20049401572847414
10071,0.17781549460375834
10072,0.10253604372965397
10073,0.10440605177983642
10074,0.13031783099459548
10075,0.05078383146657539
10076,0.10222303916613162
10077,0.06586071916109237
10078,0.02445164139655498
10079,0.02360654452034705
10080,-0.012694875467095357
10081,0.008147914576676074
10082,-0.010005767618759265
10083,-0.0016454396007576366
10084,-0.023264480832645762
10085,-0.024495841168695687
10086,-0.013961102591413255
10087,0.00018423789678911895
10088,0.021915419744480302
10089,-0.0020726968593463013
10090,0.005126764741403722
10091,-0.005712051619398806
10092,-0.017807444721750554
10093,-0.003252729299011381
10094,0.06061317588070314
10095,0.009507921292652877
10096,-0.06776359764162027
10097,-0.04576532638347752
10098,-0.11850705450213911
10099,-0.0761872957740482
10100,-0.08641236515687495
10101,-0.12201840111659956
10102,-0.11555468901321586
10103,-0.06169185716198139
10104,-0.021737190855603772
10105,-0.01728102549101429
10106,-0.14198606190748714
10107,-0.11192668240382331
10108,-0.18961725221894982
10109,-0.24091991871426222
10110,-0.2680485232776241
10111,-0.2813084744503317
10112,-0.27933322775299707
10113,-0.24875692395383758
10114,-0.22458133397255942
10115,-0.11985938149311298
10116,-0.21672170406613778
10117,-0.2062756611854587
10118,-0.21079969227183826
10119,-0.05922033702189966
10120,-0.14236355389750488
10121,-0.00046767309369838417
10122,-0.14998085629291136
10123,-0.1766919158008139
10124,-0.13139424354761475
10125,-0.10639205269549923
10126,-0.23793411685020116
10127,-0.09495041597651549
10128,0.009907775203805813
10129,0.040772873180341285
10130,0.09693696458267476
10131,0.10772599328349042
10132,0.11864009588348501
10133,0.06187375561737751
10134,0.07817266594893169
10135,0.10523330633546102
10136,0.10640984284472632
10137,0.17964047036876907
10138,0.027873481221262653
10139,0.055122443196523596
10140,-0.0573626906338342
10141,0.04523568455126714
10142,-0.03824040898653819
10143,0.0043694389665056566
10144,0.02144494453450041
10145,-0.13182591668949417
10146,-0.14183881634048218
10147,-0.12442994548941072
10148,-0.13705055335017136
10149,-0.13957739741875852
10150,-0.14200043586305794
10151,-0.2560027187506707
10152,-0.18264308342668856
10153,-0.162857929107791
10154,-0.0710862826155168
10155,-0.2127133519202774
10156,-0.28270237465295417
10157,-0.1545040793500112
10158,0.11794254406834859
10159,-0.06331005468984935
10160,-0.21730804560784833
10161,-0.16250303625004758
10162,-0.2231677866696854
10163,-0.17778900751169519
10164,-0.07670889482084159
10165,0.013345069891903205
10166,-0.0852994765225189
10167,0.013462229017296545
10168,0.052328807214980344
10169,0.08672533511026015
10170,0.07654202195537496
10171,0.051248084826951534
10172,0.09428411071959586
10173,0.16359466364249797
10174,0.08709540214905576
10175,0.18832201155690775
10176,0.21813462695424335
10177,0.22777390395526864
10178,0.18462823170985143
10179,0.058911386293083345
10180,0.10409401465386103
10181,0.0830066616610643
10182,0.19170704548596385
10183,0.18482560333274822
10184,0.1811935781942362
10185,0.19590771985057853
10186,0.19173929212749208
10187,0.17326068403637263
10188,0.13411128478547485
10189,0.17020753587743964
10190,-0.0482781488362633
10191,0.02201789370399232
10192,0.04986445707610121
10193,0.03649408834993084
10194,-0.016775410043627925
10195,-0.057699717796081795
10196,-0.08491808254367428
10197,-0.07308736435899366
10198,-0.14100154355152672
10199,-0.11088810389971865
10200,-0.10448546581335849
10201,-0.04128986014541258
10202,0.10224279161700955
10203,0.2261405992830886
10204,0.10012419308554155
10205,0.13772122391547592
10206,0.08793741141306521
10207,0.044247218236679875
10208,0.14890875543275617
10209,0.1436672110566135
10210,0.12662213045813797
10211,0.13641183939868406
10212,0.1579561442023245
10213,0.14556273908640682
10214,0.14247286956171
10215,0.14347483763989977
10216,0.20458284031265705
10217,0.1814141474335611
10218,0.06996344018620504
10219,0.07084262993653945
10220,-0.021420081081274134
10221,0.07240448051267745
10222,0.056213562111282256
10223,0.034101963197596286
10224,0.007174294405463022
10225,0.12374478155182356
10226,0.12598405427310833
10227,0.07134948288154264
10228,0.12316468086062327
10229,0.16379383723933516
10230,0.15405398097277812
10231,0.14518363790561017
10232,0.16039508982993733
10233,0.14653861065074625
10234,0.12865561302988526
10235,0.10850824111205326
10236,-0.0030072807694769277
10237,-0.02859337794419997
10238,-0.05212988214269504
10239,-0.029754411686329196
10240,0.02879092569339403
10241,0.025354871704511672
10242,0.017029136148303703
10243,-0.04843713556403906
10244,-0.033835711240327804
10245,-0.026932661026278393
10246,-0.03257987805650797
10247,-0.04713876753721069
10248,0.013361497689550639
10249,0.0007287685255850107
10250,0.09222073953099608
10251,0.13465587883934127
10252,0.08156009547586152
10253,0.0996997913369212
10254,0.1437684697371877
10255,0.0968167372791302
10256,0.11447305304174182
10257,0.09686290347296034
10258,0.1288485816456515
10259,0.1729409743088508
10260,0.19025123867879845
10261,0.13435042195265456
10262,-0.03250551935996937
10263,0.016679877111285824
10264,0.10594193069721514
10265,0.12886958110401192
10266,0.13826319210932736
10267,0.1490763885531694
10268,0.1145441024641436
10269,0.14547724015544683
10270,0.13576044486718497
10271,0.10663695010184826
10272,0.1033285077958831
10273,0.05148530313228805
10274,0.12140468395029269
10275,0.14195245724726635
10276,0.20186780197274234
10277,0.20887447376143908
10278,0.20570714255253997
10279,0.1830900011722767
10280,0.19816064466507188
10281,0.20139919298799347
10282,0.1729436323893795
10283,0.18191663985012174
10284,0.08887950123334487
10285,0.04917484648770698
10286,0.12397583307040605
10287,0.0577236532340164
10288,0.04118140869279041
10289,0.04595928029267227
10290,0.04423297043606811
10291,0.012744211803814354
10292,-0.07401229707557971
10293,-0.032416580524799066
10294,-0.0343327851835622
10295,-0.08626330279434102
10296,-0.138556802248747
10297,-0.10363088291213962
10298,-0.13025408823789875
10299,-0.1649435405043841
10300,-0.10958666261072197
10301,-0.12886741742104474
10302,-0.17641150980567655
10303,-0.2103506526564799
10304,-0.18639265823282247
10305,-0.2544268510446748
10306,-0.2532594371643926
10307,-0.2728785995220599
10308,-0.30040488082129696
10309,-0.2971775382711649
10310,-0.3211511832546564
10311,-0.2864164803185185
10312,-0.2826112207613557
10313,-0.3019479491839294
10314,-0.29688247148431973
10315,-0.26619128601512065
10316,-0.27316897198027107
10317,-0.2791713389206668
10318,-0.27200214249548244
10319,-0.2513729210856165
10320,-0.23347006722237995
10321,-0.15180878557459404
10322,-0.17659940113450334
10323,-0.13134783284804946
10324,-0.10994981804443238
10325,-0.1161106456413804
10326,-0.1257383116192466
10327,-0.1392666993444044
10328,-0.13793502111091366
10329,-0.10869708659649008
10330,-0.13633964407778548
10331,-0.11328324016605773
10332,-0.1773149945980777
10333,-0.1663659552298865
10334,-0.1895417255688635
10335,-0.17103819374004542
10336,-0.14490131053326988
10337,-0.12770999277638084
10338,-0.15063268114625022
10339,-0.17542966874954236
10340,-0.17242030661749375
10341,-0.15515311426699063
10342,-0.1757870929903606
10343,-0.1699993568030932
10344,-0.10486609581022233
10345,-0.05308195712783437
10346,-0.07604457204375936
10347,-0.09612769136389526
10348,-0.08394653365092236
10349,-0.09995079412520241
10350,-0.08604952963201373
10351,-0.04753768558470206
10352,-0.045824376578964876
10353,-0.09614852397884643
10354,-0.12510886942860228
10355,-0.06975711817505986
10356,-0.07012469796380383
10357,-0.056451200773887655
10358,-0.09246279834346954
10359,-0.06923183673182703
10360,-0.047211041916734975
10361,-0.061600418074140184
10362,-0.05046730573111996
10363,-0.08092235336188819
10364,-0.07010506756037238
10365,-0.06815849944714375
10366,-0.07565348821794782
10367,-0.10917435438837386
10368,-0.08726288843098401
10369,-0.06496334407917742
10370,-0.0897883490682364
10371,-0.09432677737169187
10372,-0.08322494413320836
10373,-0.09795263500199314
10374,-0.06816277364242901
10375,-0.05072524170115528
10376,-0.04920058230574087
10377,-0.17035906979563908
10378,-0.10957112702032762
10379,-0.10619749802036693
10380,-0.12121479883153136
10381,-0.17157902687544152
10382,0.014155292135838216
10383,-0.10562501600640661
10384,-0.18628965693914656
10385,-0.1994737881635295
10386,-0.21214734300011695
10387,-0.2360366636702116
10388,-0.21065042564298442
10389,-0.18825806027633896
10390,-0.1327173413169342
10391,-0.17925943007504647
10392,-0.13818550136413055
10393,-0.21140762170740446
10394,-0.2324135986506095
10395,-0.21040043370177347
10396,-0.26405462798027457
10397,-0.3244348990572994
10398,-0.3282076727164682
10399,-0.280306782549335
10400,-0.3077024330329604
10401,-0.26326829762144566
10402,-0.32048840538924916
10403,-0.29652538527966893
10404,-0.25581449334866535
10405,-0.25453090949806495
10406,-0.25774338747006886
10407,-0.2341183038305611
10408,-0.2409620707626875
10409,-0.24571965466918416
10410,-0.33285332187486155
10411,-0.3170407957964045
10412,-0.3330026857610385
10413,-0.3477776198382671
10414,-0.3307713990956116
10415,-0.34894996365289055
10416,-0.37707824850741267
10417,-0.3062448447276564
10418,-0.2750646780258522
10419,-0.2869179090857149
10420,-0.29838525404572735
10421,-0.27757388036347574
10422,-0.27229969672048954
10423,-0.2184667788011384
10424,-0.2455283988141036
10425,-0.2289133906616646
10426,-0.1879678864179063
10427,-0.22785206501694538
10428,-0.26179044004059193
10429,-0.11347956066988318
10430,-0.12497707442750083
10431,-0.1658817868971002
10432,-0.1090965989237534
10433,-0.00937683282334556
10434,-0.012227147457774035
10435,0.04440735871427459
10436,0.06214664402737813
10437,-0.01615871467424751
10438,-0.010414582589834243
10439,0.006995909311798387
10440,-0.009636412849334808
10441,-0.022153055315017156
10442,0.0013975856091383854
10443,-0.036112250500145826
10444,-0.031863875208114734
10445,-0.01586601912898261
10446,-0.012445438995688174
10447,-0.0581240487261227
10448,-0.0877740597764306
10449,-0.17718754194536485
10450,-0.23595490135479386
10451,-0.13243558117092524
10452,-0.09098494476677088
10453,-0.07380272014153422
10454,-0.16534476891787397
10455,-0.11408933024802481
10456,-0.2107119093769999
10457,-0.22779691821601628
10458,-0.22225213728803872
10459,-0.1696195654898605
10460,-0.07881516587636489
10461,-0.12543186551060997
10462,-0.1153933487373317
10463,-0.18203932119301974
10464,-0.20727759529720435
10465,-0.15957392698586148
10466,-0.16442410511713168
10467,-0.1631988635713223
10468,-0.13165917523541304
10469,-0.1353873912081296
10470,-0.13085899898949727
10471,-0.07934222686681947
10472,-0.06278542668560039
10473,-0.06411722755030247
10474,-0.09464619834759908
10475,-0.06770361026202137
10476,-0.062245824836190955
10477,-0.0732168290121119
10478,-0.05619157581359974
10479,-0.10254874323304547
10480,0.02145554389591653
10481,-0.019493304076858287
10482,-0.0010937476967759485
10483,0.06227407851942768
10484,0.07156751611891665
10485,0.07080867030700633
10486,0.20338713120534302
10487,0.14547400567120183
10488,0.1514464563481286
10489,0.1465571770891858
10490,0.11930021695107562
10491,0.11321877052853091
10492,0.17103407315520192
10493,0.18939701275468512
10494,0.18043097491649185
10495,0.2366799888173836
10496,0.2405477641531113
10497,0.28818233269919236
10498,0.3112640339601611
10499,0.23753934914062103
10500,0.3144108867520765
10501,0.29061729584107465
10502,0.27294272100826755
10503,0.27577197598302505
10504,0.2795778598384844
10505,0.27468933670368245
10506,0.2465388553832546
10507,0.12684999506989847
10508,0.20952719474008608
10509,0.21252383022619492
10510,0.20217892514134994
10511,0.1143404862407934
10512,0.1293204735238649
10513,0.21625140725571845
10514,0.151686451969946
10515,0.14949894795734753
10516,0.19557202012502095
10517,0.18484943149776156
10518,0.13462428565122353
10519,0.20466373112570557
10520,0.24631847384214745
10521,0.22956909384368007
10522,0.05884849554514093
10523,0.03813077773744977
10524,-0.016819520149188805
10525,0.03938883946558669
10526,-0.02976911656100717
10527,-0.010409959612207753
10528,-0.038893808682140096
10529,-0.06756380537552342
10530,-0.07705863224548065
10531,-0.04663359624830443
10532,-0.07945417961219114
10533,-0.0869729174288561
10534,-0.051943215859848735
10535,-0.05684221499836717
10536,-0.01744899027886293
10537,-0.013031550331154995
10538,0.021838977131438897
10539,0.046098918669906674
10540,-0.035847308572626246
10541,-0.03325775152577376
10542,0.05216330493313526
10543,-0.0907721478014068
10544,0.03480373541737458
10545,0.026115606461622365
10546,0.015806692051619997
10547,0.05128322225294857
10548,0.03296744274903218
10549,0.08412086265725549
10550,0.0613875760511563
10551,0.16011426774357718
10552,0.1536567051442399
10553,0.10004552037481196
10554,0.1248426489436848
10555,0.08637428498435795
10556,0.07496492319658143
10557,0.0496790392016796
10558,0.17301725021901293
10559,0.17994288939579728
10560,0.15092650577786682
10561,0.09685503392180617
10562,0.08899385462981313
10563,0.0767857427071661
10564,0.1342083196319701
10565,0.2037978454225654
10566,0.2070504749872507
10567,0.18845017379693074
10568,0.1906394336415148
10569,0.17383209562149182
10570,0.18356471384718032
10571,0.19963134669214522
10572,0.19296552620656227
10573,0.18568615465493432
10574,0.14312349760117693
10575,0.16386822775823373
10576,0.1724185398428969
10577,0.18048331705890808
10578,0.19735149440221744
10579,0.14169478962699877
10580,0.16227825260395679
10581,0.14953803288180467
10582,0.14413806212471125
10583,0.12030101237893542
10584,0.05458287152608765
10585,0.06769987534069433
10586,0.039757269377635684
10587,0.010015007142235355
10588,-0.04931544733871168
10589,-0.005911355870483248
10590,-0.05378093942090023
10591,-0.04061529159887689
10592,-0.0711167548856717
10593,-0.07435976797955457
10594,-0.08188138712592641
10595,-0.11613773436518726
10596,-0.14132471899787974
10597,-0.2442713812028533
10598,-0.252540114603651
10599,-0.24513949394175139
10600,-0.2873411879434834
10601,-0.2915180805736094
10602,-0.3213823932627223
10603,-0.28873125164420665
10604,-0.3069416504560057
10605,-0.284584767369246
10606,-0.2963570312576769
10607,-0.2598939901997014
10608,-0.2525334925387076
10609,-0.25415146472756456
10610,-0.251763074403749
10611,-0.23862026011602422
10612,-0.1593924199335106
10613,-0.07758133211712392
10614,-0.06684963072076044
10615,-0.052025214022752564
10616,-0.03325578334279278
10617,-0.004164799336050629
10618,-0.03002825462433989
10619,-0.019723079729536963
10620,-0.050475521984131966
10621,-0.02204891056464886
10622,-0.05240151946690297
10623,-0.06701592713071064
10624,-0.10021225104789938
10625,-0.06114369066963016
10626,-0.09644377660478859
10627,-0.09153836551633698
10628,-0.08275185311729605
10629,-0.049630326797972024
10630,-0.0290221787505322
10631,-0.05595255232398044
10632,0.03154819599646963
10633,-0.029689626642731448
10634,0.017538944523466382
10635,0.05524676350805491
10636,0.1420309615077413
10637,0.21771762584231014
10638,0.17875150797571915
10639,0.19282774002340797
10640,0.1477610316720399
10641,0.03207496269494514
10642,-0.05279043695469615
10643,0.0004780849582354252
10644,0.05606076376681479
10645,0.09070795686382827
10646,-0.04117914529917943
10647,-0.08846386885357849
10648,-0.014795065887978964
10649,-0.0385399187413073
10650,-0.039202147135481535
10651,-0.0011241269267474041
10652,-0.07570683407259182
10653,-0.07406886486564651
10654,-0.09749695441694162
10655,-0.08379381589888518
10656,-0.04867037828058213
10657,0.13532454036218355
10658,0.008005245148503759
10659,-0.014874121926282957
10660,-0.022431877289395774
10661,-0.08601375031271308
10662,-0.05572947667092859
10663,0.0701568230303341
10664,0.06201434944597495
10665,0.0037231273325011305
10666,0.03228308040510086
10667,-0.018305354507992977
10668,-0.03773475039891877
10669,-0.08846338353678995
10670,-0.13392254684291177
10671,-0.13321495514898418
10672,-0.013285262502486295
10673,-0.06468960611537844
10674,-0.09741896465065353
10675,-0.03133784702535791
10676,0.06334364005957605
10677,0.09898799021444771
10678,0.09568985225759685
10679,0.02236320658792068
10680,-0.04374405183108426
10681,-0.07179704545067167
10682,-0.06898696219340639
10683,-0.23471322723558785
10684,-0.1265395813714454
10685,-0.2870483933113822
10686,-0.31653964680822944
10687,-0.2571334810942371
10688,-0.23614302634110929
10689,-0.2840721857842248
10690,-0.29100246892840576
10691,-0.2738144319868995
10692,-0.2496824940018455
10693,-0.29000971396441394
10694,-0.29293902527442567
10695,-0.2977212362046568
10696,-0.27926222717757876
10697,-0.3044814871972531
10698,-0.28082996055359843
10699,-0.28104293046732065
10700,-0.28418690231082555
10701,-0.23833228496397685
10702,-0.28671567163008
10703,-0.25205631255179745
10704,-0.24209666590351203
10705,-0.17859553922057309
10706,-0.11009015604753347
10707,-0.10292349378711801
10708,-0.08796542137032642
10709,-0.06626849474890956
10710,-0.03218140894972865
10711,-0.09704383777202191
10712,-0.06566662467525991
10713,-0.10866294515064762
10714,0.015087083588952055
10715,0.03343262293963245
10716,-0.16642151419412865
10717,-0.09358990341680257
10718,0.07498408208971197
10719,-0.012025463630205402
10720,0.05696342416515898
10721,0.008014071262928413
10722,-0.0228924786643388
10723,0.0610514587922536
10724,0.0883631643245466
10725,0.06232836558059973
10726,0.07427882173582379
10727,-0.12276981261720371
10728,-0.02313296916044083
10729,-0.02067873062638892
10730,-0.021173577212785122
10731,-0.009352469204366609
10732,0.01797844088693623
10733,0.07138636558940381
10734,0.048837295302874284
10735,0.0032033174397214648
10736,6.325019518271802e-05
10737,-0.010906266821545774
10738,-0.043646838856779335
10739,-0.04716989715317438
10740,-0.03175732113150592
10741,-0.035232638259876936
10742,-0.06186136186393104
10743,-0.0014060425139572064
10744,0.001497894134936173
10745,0.06586440008049388
10746,0.05068563110807267
10747,-0.044376021392781184
10748,-0.0015883739339921377
10749,0.018421699643476286
10750,0.020946520382109424
10751,0.11273975904269806
10752,0.1168924475094546
10753,0.09883529531132607
10754,0.056675230610607974
10755,0.11843283986710218
10756,0.12517701691653016
10757,0.14251056296711473
10758,0.017467796827709048
10759,0.03555228039671454
10760,0.032956426845691
10761,0.03889880660909484
10762,0.05059741272040519
10763,0.06940419660316677
10764,0.04417942158338506
10765,0.02237034615282185
10766,0.0759770917200765
10767,-0.007959071579423216
10768,-0.044700459504306456
10769,-0.07232738599518573
10770,-0.14849723967995687
10771,-0.1901018830541622
10772,-0.21900171682011005
10773,-0.2201882033525483
10774,-0.16658468996832881
10775,-0.2017655417776532
10776,-0.18400599174433185
10777,-0.23568763698361178
10778,-0.34327600369787215
10779,-0.3531058052727378
10780,-0.3435961219153922
10781,-0.350909992389798
10782,-0.3676650576603259
10783,-0.34068595689314785
10784,-0.3284106162238022
10785,-0.2779852217383213
10786,-0.336312057211655
10787,-0.27681256688293704
10788,-0.30538379998158954
10789,-0.30618703218424825
10790,-0.3366486724735183
10791,-0.29854935506802893
10792,-0.22398429566646227
10793,-0.31588606104616224
10794,-0.269932213040502
10795,-0.2948688715980158
10796,-0.3782299631109865
10797,-0.29966006527911604
10798,-0.33971004391693405
10799,-0.31932490373865047
10800,-0.3010315588824667
10801,-0.280215538928751
10802,-0.26670046115356455
10803,-0.3193539841468039
10804,-0.28126452577979677
10805,-0.20976302530834623
10806,-0.12356633787775173
10807,-0.11349288932867868
10808,-0.17171838452720278
10809,-0.1374610036868258
10810,-0.09217693658834653
10811,-0.11690524982689776
10812,-0.11115687780940037
10813,-0.15371406184106912
10814,-0.15069736974616738
10815,-0.1255953864821479
10816,-0.11304365786928827
10817,-0.13195569212095692
10818,-0.10285973185424618
10819,-0.07736008365044345
10820,-0.11439038356715575
10821,-0.10156186758746821
10822,-0.11504757912324537
10823,-0.13560782049710074
10824,-0.06763520288007568
10825,0.023375320117395293
10826,-0.012919264573380385
10827,0.02310841524094165
10828,0.010584245341685006
10829,0.002433805325682048
10830,0.04155016728157934
10831,0.03866618697908797
10832,0.00030122234785390223
10833,-0.09332127514686678
10834,-0.13251921113873766
10835,-0.0558054769767356
10836,-0.05930678858020383
10837,-0.0278169546328913
10838,-0.0681389430852043
10839,0.02946630069219547
10840,0.0009485666559089223
10841,0.021489312043484032
10842,0.04584569489195056
10843,0.07253862935508903
10844,0.08133324535544328
10845,0.07724256331981283
10846,0.07380381270789882
10847,0.04110414221174663
10848,-0.0016074919595889803
10849,0.04588150301745597
10850,0.010118920459746272
10851,0.026708143240489535
10852,-0.01056531343855649
10853,0.04813375455160296
10854,0.016721928176360423
10855,-0.01408556373389197
10856,-0.022197888661856235
10857,-0.04279428596584689
10858,0.01615571554218287
10859,-0.047651008616325374
10860,-0.07429255629764542
10861,-0.10105559977091783
10862,0.024003801319267493
10863,-0.1410057651362558
10864,-0.20303216785009193
10865,-0.22744774998652795
10866,-0.26183708027198793
10867,-0.24825531310618715
10868,-0.2519216599813911
10869,-0.23321881960767837
10870,-0.18425685368561173
10871,-0.1649390385757612
10872,-0.151262651942852
10873,-0.17153115264745122
10874,-0.271635031097264
10875,-0.3293028581690868
10876,-0.3432778987150296
10877,-0.36706705822051766
10878,-0.41085845174785773
10879,-0.40744865138966657
10880,-0.39971870947244936
10881,-0.35147553999706926
10882,-0.3839542157875947
10883,-0.20268367045553015
10884,-0.19983032105355059
10885,-0.17614309832224262
10886,-0.20446281293547058
10887,-0.12869312564865665
10888,-0.2105392971976287
10889,-0.17926713805297523
10890,-0.2009699607538079
10891,-0.1516997555092795
10892,-0.13577253426856267
10893,-0.1031440271183906
10894,-0.13352934173976322
10895,-0.16246187777453763
10896,-0.17653271977871948
10897,-0.10990695442163623
10898,-0.034470896454365074
10899,-0.02161168597441876
10900,-0.0005485010741145824
10901,-0.013779668036309645
10902,-0.04013679228737849
10903,0.01856452640307693
10904,-0.008250964910520131
10905,-0.058667953098401504
10906,-0.09189782597182061
10907,-0.0965968134952856
10908,-0.07689963252030374
10909,-0.07982021820852092
10910,-0.10790891001703984
10911,-0.13493116611701594
10912,-0.13496933824321822
10913,-0.10750712832475262
10914,-0.10644514780255582
10915,-0.10701608738955204
10916,-0.07619236063256551
10917,-0.04829132721138529
10918,-0.06538126527706944
10919,-0.05390426521866559
10920,-0.021737697083855978
10921,-0.0021592268368397782
10922,-0.024882107584832003
10923,-0.07750043977997578
10924,-0.07122913061763841
10925,-0.10378427149223146
10926,-0.045440837601052775
10927,-0.05638913964647818
10928,-0.14616549823096087
10929,-0.23365170770788757
10930,-0.2649543216240494
10931,-0.07830556706310138
10932,-0.11914768569733847
10933,-0.09556384731933232
10934,-0.15796287953374322
10935,-0.13241821044311075
10936,-0.20770684477769796
10937,-0.1253249690075081
10938,0.05804646464450891
10939,-0.004429250551954644
10940,-0.005920664331548919
10941,0.02362425674522073
10942,-0.054663757447709016
10943,-0.07636746337194011
10944,-0.0891612918065558
10945,-0.04014487827735713
10946,0.08792017023429799
10947,-0.04086697558414282
10948,0.007481575584202704
10949,0.003126438599309056
10950,0.0832730038747117
10951,0.039391045773153555
10952,-0.016346297962280876
10953,0.04503262923215856
10954,-0.010778809226942854
10955,-0.06234043863527072
10956,-0.031197467137763557
10957,-0.059597394527470704
10958,-0.012272145827382452
10959,-0.0773708259551461
10960,-0.12601878719384663
10961,-0.10662621626453012
10962,-0.10652736233341209
10963,-0.13362565224985112
10964,-0.11096708812377842
10965,-0.054234941402521664
10966,0.03827203385281641
10967,0.051820768008999485
10968,-0.01796686865494107
10969,0.06400253947856127
10970,-0.0800457258142428
10971,-0.10954918908320688
10972,-0.12736430705237972
10973,-0.2081771502893982
10974,0.0017915974805273738
10975,0.09447054003290967
10976,0.164409464012236
10977,0.1287544338677329
10978,0.14120341495663358
10979,0.15388487498667902
10980,0.14088198415580977
10981,0.16431606246381414
10982,0.10868560719278597
10983,0.053343614755337
10984,0.02320019581004651
10985,-0.18495486317285825
10986,-0.1404342555598374
10987,-0.14381115926799448
10988,-0.1364086239854967
10989,-0.20478531043563858
10990,-0.18675767321927478
10991,-0.2195726300315023
10992,-0.09887836824696017
10993,-0.10938756794056498
10994,-0.07446571091697518
10995,-0.06626281731052347
10996,-0.08219661759761837
10997,-0.020883093622202142
10998,-0.04908548527553186
10999,-0.070124521154174
11000,-0.06938512172202849
11001,-0.02348498678695571
11002,0.06185126051568601
11003,-0.012377205926364099
11004,-0.05569755564240869
11005,-0.1075049524521593
11006,-0.18451012120078436
11007,-0.1476597583293473
11008,-0.12773703509492718
11009,-0.03258758174059856
11010,-0.16781118430668968
11011,-0.10624621787234495
11012,-0.08868393263278856
11013,-0.08033829605546722
11014,-0.1192055436309345
11015,-0.08303035532083414
11016,-0.07883435151521612
11017,-0.08028842749879639
11018,-0.06423441515997014
11019,-0.08529091053830234
11020,-0.09506564167172088
11021,-0.07442843437515734
11022,-0.04238145823832751
11023,-0.056170622009851456
11024,-0.05626055460335405
11025,-0.13831133204002416
11026,-0.2122545508387051
11027,-0.1915127774131452
11028,-0.11032208184695663
11029,-0.05296882688679716
11030,-0.09921681519957881
11031,-0.005699017802538453
11032,0.01050457044773867
11033,-0.03372407028882629
11034,-0.012324578150784304
11035,0.01977453352778935
11036,-0.02367319622480818
11037,-0.036766858661256674
11038,-0.02962468137747376
11039,-0.004572278720243017
11040,-0.07062680096538365
11041,0.010874449070706227
11042,0.03711850863954469
11043,0.05185633324671346
11044,0.04559231342629444
11045,0.021017126527147267
11046,0.013713972602131586
11047,-0.029755427275328206
11048,0.007057309547903179
11049,-0.009555323349075717
11050,0.009818096570088253
11051,0.039237584181879726
11052,-0.039395194326112826
11053,-0.05032925764665597
11054,0.011179854175326964
11055,0.0012278417760694937
11056,-0.06832087346671878
11057,-0.13146428026355433
11058,-0.12566204188563213
11059,-0.12768102045084173
11060,-0.16127229528700843
11061,-0.1601002143518938
11062,-0.14707140999152662
11063,-0.13308931850019812
11064,-0.11795320472249093
11065,-0.09949605505260617
11066,-0.08967396915934184
11067,-0.08063945473045397
11068,-0.10083712565531561
11069,-0.17262950256709825
11070,-0.23582783281208014
11071,-0.2937029584065107
11072,-0.28337387073800646
11073,-0.2908226060518456
11074,-0.20722066961330954
11075,-0.29628932890081006
11076,-0.31635805835562725
11077,-0.3036094661915563
11078,-0.31477490168199557
11079,-0.2922527374553666
11080,-0.2652901817986263
11081,-0.18607746027539307
11082,-0.24115082907670776
11083,-0.27233488709547915
11084,-0.23169881862408853
11085,-0.2138075747865279
11086,-0.2337508778344336
11087,-0.18360172765868227
11088,-0.2233033310880731
11089,-0.19849648068640413
11090,-0.22068064862599546
11091,-0.23467942604251424
11092,-0.18856334331097319
11093,0.0004477035127548046
11094,0.010699464865070007
11095,-0.0001919192178632123
11096,-0.02862568147051653
11097,0.0031276981315950803
11098,0.018239055126108683
11099,0.057506683099626366
11100,-0.11863183605409805
11101,-0.021937341829788515
11102,-0.09808512196306457
11103,-0.14435333887957558
11104,-0.1352117643710703
11105,-0.13852578826154194
11106,-0.1105936297754902
11107,-0.006425598136077959
11108,-0.08152565014124669
11109,-0.015262513503873865
11110,-0.045392277600605435
11111,-0.03666271139186178
11112,-0.03694309800752266
11113,-0.007090706349397569
11114,-0.08378647486459806
11115,-0.11089534652438393
11116,-0.2738531728964538
11117,-0.23926157101381718
11118,-0.2316565859395311
11119,-0.31481704360754664
11120,-0.23589272418995522
11121,-0.23030366123412938
11122,-0.2634159601819547
11123,-0.2732247329718324
11124,-0.2021098452271986
11125,-0.1686982488811961
11126,-0.1296107507621066
11127,-0.12303788397060672
11128,-0.07281153533954055
11129,-0.04659655078981739
11130,-0.05771172729914398
11131,-0.06822246114399355
11132,-0.04973084366208258
11133,-0.012637389071232241
11134,0.027241155623139224
11135,-0.0034835588997703115
11136,-0.018567281783147038
11137,0.009003357447062155
11138,0.06708493358419321
11139,0.09794508874615648
11140,0.14085338691202542
11141,0.23040668179807666
11142,0.2132728597107587
11143,0.19700060206065528
11144,0.08076789886012858
11145,0.09761737168176965
11146,0.08283129707848502
11147,-0.016128330062053553
11148,-0.06372108813981037
11149,-0.07963993337571146
11150,-0.08014028006269935
11151,-0.07796724853388659
11152,-0.07202249918257442
11153,-0.045784076681050334
11154,-0.037817733714419266
11155,0.027648525704595306
11156,0.07283108763651103
11157,0.1938237795467923
11158,0.1871117882705089
11159,0.20265241289599412
11160,0.1231623842547922
11161,0.052287693702153026
11162,-0.14950234296939902
11163,-0.15428250377068414
11164,-0.15785619374751203
11165,-0.24105572396274816
11166,-0.29395741936493874
11167,-0.2946140040944032
11168,-0.34201559191194725
11169,-0.3255913399647443
11170,-0.3426371950497839
11171,-0.2977330528700196
11172,-0.1365442090087735
11173,-0.19188248627926846
11174,-0.19783089937201292
11175,-0.11839250119635947
11176,-0.15359531852242075
11177,-0.22996919704464275
11178,-0.22657485585977832
11179,-0.12126136122158393
11180,-0.3083151239016278
11181,-0.16110494940505887
11182,-0.1689719706388353
11183,-0.13252414451884215
11184,-0.16850065616994125
11185,-0.16259945847331542
11186,-0.15164866145793637
11187,-0.17360394332057683
11188,-0.03770395332786752
11189,-0.0044443474477832146
11190,0.01521266719678993
11191,0.02845893204785832
11192,0.050353556789668685
11193,0.1388132881685904
11194,0.10950026861284035
11195,0.053616370305005545
11196,0.06939854170145732
11197,0.06908887025456056
11198,0.03685544382839545
11199,-0.00016338551419536884
11200,-0.015689631973252016
11201,-0.022753640408627096
11202,0.020875747855265248
11203,0.0686289769739622
11204,0.10962210208328249
11205,0.10964664257612122
11206,0.03008808978177724
11207,0.036572757154429536
11208,0.05681155048423858
11209,0.0038582409660843364
11210,-0.024792768445608515
11211,-0.08086903585258776
11212,-0.06386814098195848
11213,-0.11344358602541676
11214,0.017902309186635046
11215,0.0018182061323178678
11216,-0.05159638937177069
11217,-0.11209144826614859
11218,-0.080072411505974
11219,-0.07467105864513934
11220,-0.040211278374191306
11221,-0.0013866559697016667
11222,-0.09678426555424913
11223,-0.062099285115779446
11224,-0.08132015034384815
11225,-0.009714919697052349
11226,0.027235622722647457
11227,-0.018002012721059057
11228,-0.0010174969609001439
11229,-0.002219107431684353
11230,0.011380544002303483
11231,0.013446239819964179
11232,0.016642288146143325
11233,-0.00897930608876657
11234,0.012280361492985392
11235,-0.002896542571543148
11236,-0.02233261180715046
11237,-0.022992357819262288
11238,-0.015494454446919714
11239,-0.10950821580559966
11240,-0.06158031904878475
11241,-0.05294072668242433
11242,-0.0836301524065603
11243,-0.10216121902830161
11244,-0.10517356724328775
11245,-0.10403202030717223
11246,-0.14082359004779338
11247,-0.173491485361495
11248,-0.19119358603743225
11249,-0.20845286793096524
11250,-0.2336414050318572
11251,-0.23691230387494122
11252,-0.315609947243066
11253,-0.1828900953303884
11254,-0.08686796194957314
11255,-0.06308510331258621
11256,-0.08209824482408445
11257,-0.15240817560219622
11258,-0.11860525703839997
11259,-0.305599434940754
11260,-0.333901016166642
11261,-0.39315417814773124
11262,-0.4038861626610661
11263,-0.4242153878664961
11264,-0.4197489052251724
11265,-0.4206779522317529
11266,-0.42556304438516157
11267,-0.4247425082089944
11268,-0.4121733953340609
11269,-0.4091980377968252
11270,-0.4080251406686942
11271,-0.4133253392908778
11272,-0.4060020759454859
11273,-0.40582482550975163
11274,-0.41922291783701354
11275,-0.40298269698576494
11276,-0.39043845590760967
11277,-0.3994158299431025
11278,-0.41063889042222396
11279,-0.409696068315755
11280,-0.3889458811322696
11281,-0.3901155023058955
11282,-0.350051520112577
11283,-0.35473006519363004
11284,-0.3724114919450247
11285,-0.37213187659976693
11286,-0.3293998256046986
11287,-0.35108554784514745
11288,-0.36490981296965463
11289,-0.3747852985892398
11290,-0.2233505151321234
11291,-0.2449692736761842
11292,-0.2110617835671476
11293,-0.1142001472630042
11294,-0.1600045474845096
11295,-0.1245312525201051
11296,-0.17244552190210644
11297,-0.15447487552862837
11298,-0.1416455108271692
11299,-0.0722894774282502
11300,-0.09210680818568856
11301,-0.11867905319727384
11302,-0.10985769950631791
11303,-0.22092017263536884
11304,-0.18395322171939565
11305,-0.2482845557649827
11306,-0.27845930098088645
11307,-0.3136207839809815
11308,-0.33470330126574205
11309,-0.35615383450835253
11310,-0.3584438780498086
11311,-0.3812728883722279
11312,-0.38271452235689185
11313,-0.3257102106666319
11314,-0.3136390245019857
11315,-0.30855611934808913
11316,-0.28029041865494897
11317,-0.2730416713748091
11318,-0.18370826183989747
11319,-0.16991867520504206
11320,-0.11490879512736607
11321,-0.04798512734425364
11322,0.013374401839092998
11323,-0.002181863731686995
11324,-0.0634811223210976
11325,-0.024398463631909117
11326,-0.0678064577945312
11327,-0.08056375336211435
11328,-0.06641904145477151
11329,-0.01821719541228084
11330,0.1432737782108917
11331,0.1714280109821804
11332,-0.047515290521050524
11333,-0.05126196950501749
11334,-0.07798908283779121
11335,-0.08568034956511728
11336,-0.02595882215109624
11337,-0.06726728977743923
11338,-0.09725785115399405
11339,-0.10066031881747095
11340,0.04500979192490839
11341,0.026702881083797814
11342,-0.13507843235707218
11343,0.05633602083118272
11344,0.12450075831618879
11345,0.14540071628024598
11346,0.16542965553018885
11347,0.14002348329467673
11348,0.18098231902595407
11349,0.25359668389039924
11350,0.29601150787746056
11351,0.3018192628466053
11352,0.28306977052047133
11353,0.30159324115601915
11354,0.28196060505505016
11355,0.15950435558081355
11356,0.15416772637997023
11357,0.1430304304161364
11358,-0.08356445155936854
11359,-0.14021359143367185
11360,-0.21344361014220264
11361,-0.2928844595865502
11362,-0.3632553075856093
11363,-0.34402293731698436
11364,-0.3828044574640335
11365,-0.39810459958838923
11366,-0.39303914233551407
11367,-0.37850425070923077
11368,-0.37213256224134555
11369,-0.34186636532969183
11370,-0.339888535739581
11371,-0.324729872954087
11372,-0.29469640254544227
11373,-0.28983953528495887
11374,-0.27161023674294504
11375,-0.179622026984323
11376,-0.19139872489543908
11377,-0.2757168499815428
11378,-0.18350165960498788
11379,-0.17668228746397358
11380,-0.17615694894991946
11381,-0.13898187653071492
11382,-0.05447919831379533
11383,-0.08621463843119148
11384,-0.009768937887787488
11385,0.03930928776916287
11386,0.05368228139581843
11387,0.022146828527769502
11388,0.0016327168193356334
11389,-0.07153536685265616
11390,0.14855329893416935
11391,-0.08130501815962604
11392,-0.052203745921467426
11393,0.08873636333013146
11394,0.08996381176766122
11395,0.11538587504681219
11396,0.09998947061743557
11397,0.08415066357652101
11398,0.058518437537636414
11399,0.03708470880575354
11400,-0.12117379681210566
11401,-0.12786766234499047
11402,-0.03203238255529761
11403,-0.0344632447118246
11404,-0.13320312840284004
11405,-0.1625672023784125
11406,0.055804157220644024
11407,-0.07306713699712564
11408,0.08886054028315926
11409,0.09562502554161367
11410,0.11796200343078989
11411,0.12618005648487607
11412,0.13197673568046397
11413,0.1488695981734225
11414,0.15702744990524198
11415,0.10716097877579434
11416,0.1089554284478943
11417,0.0883546832533153
11418,0.08402464173852531
11419,0.05794581183036773
11420,0.06164191881050174
11421,-0.036150224862195324
11422,0.01766671054898372
11423,0.012607965031932844
11424,0.1153086880676838
11425,0.13691995609735874
11426,0.14372294030610633
11427,0.14316733611278587
11428,0.16920745640229395
11429,0.1885483926594702
11430,0.17145194527674645
11431,0.2052518365722218
11432,0.18890175218290328
11433,0.177317106305806
11434,0.1725762811285304
11435,0.17093131372614467
11436,0.022591484826093966
11437,-0.026433972951603546
11438,0.04350545124157412
11439,-0.025308378186159275
11440,-0.006241255925456213
11441,-0.04151374174650169
11442,-0.19193995326864777
11443,-0.21451399832794427
11444,-0.24716785176923006
11445,-0.21001537048287278
11446,-0.18539311730475883
11447,-0.17318886188510885
11448,-0.18062694782346211
11449,-0.22932829233947088
11450,-0.26001382932198025
11451,-0.2296063758856114
11452,-0.37996254861533285
11453,-0.37930489453750027
11454,-0.3930021161152108
11455,-0.39165862998292067
11456,-0.40951870585085104
11457,-0.4104901244742739
11458,-0.4137643660524668
11459,-0.4051836927319165
11460,-0.3990839324652606
11461,-0.3943530766497734
11462,-0.40318363235722154
11463,-0.39143572408515537
11464,-0.3906323923900516
11465,-0.3678922860882938
11466,-0.3460005428247861
11467,-0.37611175557125215
11468,-0.33455818583543584
11469,-0.38181940874261305
11470,-0.34825042178825993
11471,-0.38332738830498475
11472,-0.3423395843133697
11473,-0.34693133695200107
11474,-0.3406946550264879
11475,-0.33542296869333554
11476,-0.3583854312059022
11477,-0.34223479851215083
11478,-0.35380155716197736
11479,-0.33484466387697837
11480,-0.37139775696935906
11481,-0.3638748284070048
11482,-0.3296663647305261
11483,-0.29741962001847155
11484,-0.27826343270337134
11485,-0.27582855411014445
11486,-0.2555386725530703
11487,-0.2150295733331234
11488,-0.1571771209724433
11489,-0.09550126478567966
11490,-0.07638330149908967
11491,-0.05000340621876109
11492,-0.03209645150919427
11493,-0.01382483338336249
11494,-0.018693003653852902
11495,-0.026867836385318866
11496,-0.09256668390334744
11497,-0.11132431346506716
11498,-0.15599655812484825
11499,-0.28960324780475993
11500,-0.30270003238207355
11501,-0.32948361746657856
11502,-0.33447906810233174
11503,-0.3016855701956235
11504,-0.29152212456997917
11505,-0.34148777146930503
11506,-0.26252704816995537
11507,-0.20793543915244278
11508,-0.12397010151457633
11509,-0.09484222093370204
11510,-0.17669797858488356
11511,-0.05299310692256365
11512,-0.023435528452908028
11513,-0.002854728862290823
11514,0.04933590136503807
11515,0.04928998283058539
11516,0.10597995809221705
11517,0.10322405407129909
11518,0.09071851258787167
11519,0.024975815328040496
11520,0.025977272109612537
11521,0.05931817658142935
11522,0.13067938733398632
11523,0.08846403541907144
11524,0.03079812155138817
11525,0.10229278449444001
11526,0.11413437777321078
11527,0.09815837883555356
11528,0.06798675344649396
11529,-0.0002567264580417006
11530,-0.02932025818835582
11531,-0.020425947822527657
11532,-0.07591994825649062
11533,-0.11881564928083377
11534,-0.16427181728795348
11535,-0.14118706072635095
11536,-0.10745130070085629
11537,-0.24543545667616756
11538,-0.21304106009144136
11539,-0.173035828214595
11540,-0.16212320871086056
11541,-0.15131576124335738
11542,-0.12974233503365917
11543,-0.1323500852159435
11544,-0.16560959538441533
11545,-0.20988438575191892
11546,-0.27811451844312707
11547,-0.32284567339960796
11548,-0.3724155863805558
11549,-0.3761133937265156
11550,-0.42063400995046046
11551,-0.4038379011203502
11552,-0.42244483502143665
11553,-0.41574313725060064
11554,-0.4206019953177633
11555,-0.41589939688525746
11556,-0.39564738356142054
11557,-0.38924633724747204
11558,-0.42591088211244865
11559,-0.42104366463503984
11560,-0.39623128455729395
11561,-0.3979676972413049
11562,-0.3793816593627358
11563,-0.3996384839224514
11564,-0.34102703751993574
11565,-0.36549592310620943
11566,-0.36405157857191184
11567,-0.3469517500184588
11568,-0.35891200497126335
11569,-0.3265435115156134
11570,-0.3727915369758494
11571,-0.34459180266650047
11572,-0.3458872496434163
11573,-0.38553423624992267
11574,-0.3678050262035988
11575,-0.2934823216147725
11576,-0.33859512131539493
11577,-0.3307486053697472
11578,-0.3518239279417126
11579,-0.27634566101634495
11580,-0.28285666407513255
11581,-0.26069749943414167
11582,-0.2673972008477914
11583,-0.24911927478483314
11584,-0.23627326088590483
11585,-0.18275054126682916
11586,-0.11325942711604264
11587,0.008486259735246415
11588,0.07773824513881977
11589,0.14356388026005829
11590,0.15056489875098988
11591,0.07493813240704361
11592,-0.04197641845467759
11593,-0.16390991174223768
11594,-0.188943527121038
11595,-0.3193368363591332
11596,-0.29092279024262996
11597,-0.351689069419553
11598,-0.3112855257390794
11599,-0.2558398328995432
11600,-0.26570678704511713
11601,-0.26508099646903405
11602,-0.22279249607266816
11603,-0.15306467774342347
11604,-0.13602972321473467
11605,-0.11499851013120771
11606,-0.12042064067189057
11607,-0.10756829753692632
11608,-0.10382212615962016
11609,-0.01712534766593371
11610,-0.032450110821632516
11611,-0.013032039665461348
11612,9.139497360322046e-05
11613,0.01837708707757213
11614,0.050881646006982084
11615,0.10225150575955166
11616,0.09179657595331547
11617,0.04291608630722865
11618,-0.014367942473036799
11619,0.033318186158675545
11620,-0.044688902340899894
11621,-0.08557139109428469
11622,-0.11350433888992734
11623,-0.10697897904837289
11624,-0.07168149208931068
11625,-0.10191972469716681
11626,-0.11086996799493576
11627,-0.10431003836510949
11628,-0.10161747477065664
11629,-0.12580235329603334
11630,-0.16833320854432482
11631,-0.037041914551168786
11632,-0.056013797503220886
11633,-0.11431692150292933
11634,-0.14748845532562638
11635,-0.09018302484581459
11636,-0.031453001338165254
11637,0.0031665886727934023
11638,0.10020688454760229
11639,0.17659954594047944
11640,0.03382096598700657
11641,-0.015410964392705673
11642,-0.20880568776716008
11643,-0.23200595799871482
11644,-0.25760572253588343
11645,-0.21316666433370807
11646,-0.2651589957524042
11647,-0.2825053268533814
11648,-0.32409504128905786
11649,-0.22945911107147676
11650,-0.17338815505450444
11651,-0.2214442526780016
11652,-0.24268594253643505
11653,-0.2466309281717528
11654,-0.18657079329225285
11655,-0.16394790554698047
11656,-0.22869353322707597
11657,-0.18602649461863718
11658,-0.2371830304645865
11659,-0.3327413074052047
11660,-0.1094381313538757
11661,-0.19200953059411685
11662,-0.16563675338369038
11663,-0.16294516198846382
11664,-0.2197672406077188
11665,-0.16931154472387971
11666,-0.20194746790701668
11667,-0.2143507202478932
11668,-0.1844455272868657
11669,-0.2174947955067874
11670,-0.14710033156633334
11671,-0.2500378983723045
11672,-0.18987842601074034
11673,-0.1656561268178428
11674,-0.21360459783874008
11675,-0.1462289812989651
11676,-0.17938407883134172
11677,-0.17565592057828716
11678,-0.13241928098399658
11679,-0.19463649115926562
11680,-0.21614426599029674
11681,-0.12442007898046975
11682,-0.14732582456147147
11683,-0.10438210972487538
11684,-0.046780378578413995
11685,-0.04068879425157973
11686,-0.18647271127965048
11687,-0.2058873911062135
11688,-0.23702641065926028
11689,-0.2614262163171237
11690,-0.2735173832566149
11691,-0.22090949620682654
11692,-0.21453794223187628
11693,-0.1779380276609791
11694,0.015930218304503807
11695,-0.10089283789031617
11696,-0.0630597037887749
11697,-0.025750989462390295
11698,-0.042418209585581235
11699,0.003089723442927683
11700,0.10097692160431615
11701,0.10371206237591868
11702,0.02719189113681908
11703,0.06062381588426413
11704,0.08109721454106789
11705,0.12649160571065954
11706,0.11754547199758336
11707,0.07223901359079554
11708,0.027980352721422075
11709,-0.09200097167077115
11710,-0.030553003190502803
11711,0.02276061079009728
11712,0.01074031640985873
11713,0.044231621748016536
11714,0.12284329286084505
11715,0.09714101872989378
11716,-0.09601519199854414
11717,-0.05821054951236315
11718,-0.05804751374441264
11719,-0.048805701165342774
11720,-0.01716823700082326
11721,-0.05045452787917365
11722,-0.02249455564455144
11723,-0.05344052834844665
11724,-0.1137313060699724
11725,-0.14073775820607765
11726,-0.12842705366686963
11727,-0.043010687926278046
11728,-0.028790077429181715
11729,-0.07918374147959917
11730,0.07719516945763716
11731,0.07821773396500831
11732,0.1030051838213788
11733,0.12333715998301586
11734,0.1250791488047398
11735,0.010478934735664636
11736,-0.05516420029898261
11737,-0.10633119975727601
11738,-0.20896078543137842
11739,-0.2232718160336068
11740,-0.19873259468789128
11741,-0.27034263062200425
11742,-0.2915856300226455
11743,-0.25441628190659293
11744,-0.28782686990198614
11745,-0.11625751759887687
11746,-0.09715049070167037
11747,-0.07618569432240835
11748,-0.1048360109240809
11749,-0.007914242469954924
11750,-0.08132117370779035
11751,-0.09211400080182897
11752,-0.11684517767355362
11753,0.014288828761325312
11754,-0.043883123548217384
11755,-0.05415730737198776
11756,-0.031587056341674746
11757,0.015096360808673603
11758,-0.03346646180868407
11759,-0.04662390861755944
11760,0.0064355423483756224
11761,0.03295818339000778
11762,0.11015079532435368
11763,0.1537633928974459
11764,0.14194717417013636
11765,0.13294919687549567
11766,0.10772027678262663
11767,0.044391545745465555
11768,0.015516929783683908
11769,0.013466252679341317
11770,0.026409335618276297
11771,0.04180288517828057
11772,0.051787521730943475
11773,0.014733651406423465
11774,-0.04483453381268587
11775,-0.1241971730715844
11776,-0.1434641128021325
11777,-0.06990083095393584
11778,-0.09949999329231163
11779,-0.09182897059158368
11780,0.002627881157606815
11781,-0.060268338700840196
11782,-0.046301411365844036
11783,-0.07215012558776701
11784,-0.033811624948040186
11785,-0.028080878412608645
11786,-0.027041147557614387
11787,-0.050854425863446795
11788,-0.16948053922520695
11789,-0.11629555115810364
11790,0.025062505261946755
11791,-0.025575237017560926
11792,-0.011363748147921737
11793,0.004770161700753173
11794,-0.0383438023553172
11795,0.10306516758791506
11796,0.16118827918616674
11797,0.1770419830255161
11798,0.11846515441728012
11799,0.12835700142022222
11800,0.12331122203533074
11801,0.16813215030339135
11802,0.14888657021280616
11803,0.11713217539702625
11804,0.13104890754728393
11805,0.15066952402266343
11806,0.10181130403183358
11807,0.175013212175547
11808,0.19344201450579224
11809,0.18168507832559533
11810,0.07525034633699801
11811,0.017736798815853105
11812,0.07451332757326956
11813,0.07599297177375208
11814,0.04447742955885148
11815,0.0711075427159149
11816,0.05916893182005911
11817,0.06712272938810693
11818,0.06615753697485127
11819,0.029748220072797316
11820,0.008469116865277071
11821,-0.07600673175238404
11822,-0.0009345465520811946
11823,0.013778553061548293
11824,-0.05307327577154142
11825,-0.1056974094623544
11826,-0.030119133972679513
11827,-0.05118616222643685
11828,0.009913507542976374
11829,0.04004951486106778
11830,0.04561778242108616
11831,0.008006412683803199
11832,0.03468739175739921
11833,0.07620532033206362
11834,0.0767643489862706
11835,0.08829642939632654
11836,0.15242949973430586
11837,0.2017657917650475
11838,0.23639442693269985
11839,0.21076271402657165
11840,0.226704581337145
11841,0.25093994381664264
11842,0.2712918843185974
11843,0.3326987758375356
11844,0.2926446952990588
11845,0.2938996992492784
11846,0.2945207869014632
11847,0.2865826899267192
11848,0.3081460298187073
11849,0.3222894779933029
11850,0.2707127496778883
11851,0.25957063442590633
11852,0.24225644655169076
11853,0.23592839323737924
11854,0.2457951610226291
11855,0.2669891861565996
11856,0.2546618062822954
11857,0.2833432993747076
11858,0.2602672692649346
11859,0.23573717689971363
11860,0.17684604443467988
11861,0.2265003471166992
11862,0.20992616422743415
11863,0.2135553053731345
11864,0.20579223355864973
11865,0.17948180286414372
11866,0.1289254517073709
11867,0.09057530976392825
11868,0.07510144997993873
11869,0.03906895983253278
11870,-0.07603711287950682
11871,-0.08235250929527727
11872,-0.004850033846806767
11873,0.01810114071893476
11874,0.004215952985804794
11875,0.014332113297609972
11876,-0.004630526579159855
11877,0.007864990640943592
11878,-0.03871486143344127
11879,-0.042032552426817194
11880,-0.0697621218402591
11881,-0.055548248108414744
11882,-0.005514497171157928
11883,0.06658249213648681
11884,0.12775010566021927
11885,0.10374205184696805
11886,0.08383613170399062
11887,0.013538291545063474
11888,0.008892927984819443
11889,0.060748998926525966
11890,0.06270280351649338
11891,0.030466099704940075
11892,0.021906389542934113
11893,0.018100968721887267
11894,-0.0187281894131906
11895,0.0850452165188822
11896,0.05993297246005025
11897,0.03423048240459492
11898,-0.0005262857316816749
11899,-0.04215684219844362
11900,0.03489359863384256
11901,0.04264048570759249
11902,0.07514613911157064
11903,0.024336013505046772
11904,0.03902135798229678
11905,0.047122436332151074
11906,0.06977788715870037
11907,0.03337083589519063
11908,0.02055835413834739
11909,0.02139610628469657
11910,-0.03876190206180857
11911,0.03238495980929046
11912,0.006184460790903623
11913,0.047064650543931164
11914,0.06381062375266233
11915,0.060245702532658374
11916,0.04317972807256398
11917,-0.07467528738836282
11918,-0.08596693024779378
11919,-0.0385837781105246
11920,-0.02761435000467305
11921,-0.03272537898098549
11922,-0.09428063511103169
11923,-0.08028228911981578
11924,-0.10042365308102336
11925,-0.10652978915389422
11926,-0.13382738808539313
11927,-0.10622031774865098
11928,-0.10262556490849567
11929,-0.16996335629162124
11930,-0.17309921703970443
11931,-0.18408758823611038
11932,-0.20601242584867868
11933,-0.2246152880277859
11934,-0.3142392301229143
11935,-0.316930460677864
11936,-0.3061907663978459
11937,-0.30276901216369134
11938,-0.3111590860377996
11939,-0.27360470092721334
11940,-0.2424835831462142
11941,-0.25978104305678706
11942,-0.2836999729916787
11943,-0.3383914744589269
11944,-0.32038036253511876
11945,-0.253952278331005
11946,-0.2768394521624421
11947,-0.28728484875259064
11948,-0.3241602831126098
11949,-0.3280779630532521
11950,-0.28287032725070865
11951,-0.3051956509506425
11952,-0.3182029345382966
11953,-0.24793145809284
11954,-0.2801569608318901
11955,-0.3106202982354818
11956,-0.32511622256869327
11957,-0.3174150482485114
11958,-0.2557898299649241
11959,-0.32057681897490187
11960,-0.27047457573448014
11961,-0.2664260286208972
11962,-0.1306387083519308
11963,-0.29618446928212216
11964,-0.2305976731900506
11965,-0.24792912722125682
11966,-0.20922477267894496
11967,-0.2663150270736575
11968,-0.2197462267766787
11969,-0.1650726166147507
11970,-0.0624111456535994
11971,-0.1517828731030274
11972,-0.08828311160358038
11973,-0.1146145447789525
11974,-0.0910989512138719
11975,-0.08106938784987872
11976,-0.0643851349778145
11977,-0.03988136568194378
11978,0.00019696117383449785
11979,-0.05252751980339748
11980,-0.1760876535132998
11981,-0.26162835314865285
11982,-0.21207453484698963
11983,-0.1705072186085887
11984,-0.1659452295840026
11985,-0.18135849109508834
11986,-0.15847414610796284
11987,-0.1393801157901765
11988,-0.18365453643788543
11989,-0.20914769497891933
11990,-0.19347836717340716
11991,-0.08937967567172611
11992,-0.0987997622181978
11993,-0.088460301266438
11994,-0.0581892341426804
11995,-0.12829876832311954
11996,-0.14200767528775088
11997,-0.13994588271451713
11998,-0.1281334318724917
11999,-0.08852056559944532
12000,-0.08391460499143377
12001,-0.05948152171082721
12002,-0.06668340697770236
12003,-0.08228442152436433
12004,-0.07377177307039495
12005,-0.05523707568918779
12006,-0.06321486726553821
12007,0.029961687962271277
12008,-0.028996012836480456
12009,-0.03856962795759511
12010,-0.0665501993775714
12011,-0.08519225458004687
12012,-0.0953151248096143
12013,-0.11873540963782742
12014,-0.16119103995937845
12015,0.03335493678351953
12016,-0.09344934678812294
12017,-0.1348691777500431
12018,-7.930618390811217e-05
12019,0.0007374608173826847
12020,0.13228787668216624
12021,0.09859802127754247
12022,-0.06938856234180202
12023,0.053836853624688485
12024,0.17272323332952588
12025,0.13287590096080149
12026,-0.013470372022750865
12027,-0.036310554787062244
12028,-0.019714990445243163
12029,0.15213354403978585
12030,-0.02343695077228397
12031,0.07465118252362801
12032,0.007079879826651259
12033,0.06354746393547239
12034,0.08119185750467817
12035,0.0059939021636754575
12036,0.011026404093747666
12037,0.012589854283965862
12038,-0.06825494469106763
12039,-0.07911906559353099
12040,-0.10645339932758269
12041,-0.08367737386972979
12042,-0.13797749929126435
12043,-0.24119839998546871
12044,-0.09286048179667167
12045,-0.02201275056047214
12046,-0.02362957529416132
12047,-0.025804192827175387
12048,-0.019629110823684015
12049,-0.1479067428559846
12050,-0.07747510198311458
12051,-0.06397961233765848
12052,-0.13664273019682216
12053,-0.09629045928580338
12054,-0.02862301632071451
12055,-0.05017806404339209
12056,-0.10646483648798516
12057,-0.022199824567237347
12058,0.032417908610780755
12059,-0.14729743351084063
12060,-0.2062216066697477
12061,-0.22016040691395422
12062,0.06086194225672337
12063,0.021555237476708733
12064,-0.042336221855769185
12065,-0.03193175754234068
12066,-0.013044500912383572
12067,0.06044575170133526
12068,0.09399373943336209
12069,0.1217852921471152
12070,0.07230053870912356
12071,0.09836481949250897
12072,0.11141826875004301
12073,0.14393762752753292
12074,0.16024282790050948
12075,0.12562101842896545
12076,0.13173102940604609
12077,-0.08893364682551502
12078,0.13998794406894888
12079,0.15255760702326948
12080,0.05181617830102758
12081,0.07062467309852605
12082,0.011379090016260363
12083,0.025429862028336414
12084,0.06727462160760611
12085,0.13684274659899764
12086,0.15239888641562194
12087,0.14151604826720043
12088,0.06295426014716554
12089,0.054704351139417295
12090,0.024241964477353273
12091,0.04596924017439685
12092,0.06685963825785946
12093,-0.002142689449903923
12094,-0.019398310221578285
12095,0.00992366428621394
12096,0.0963539575169271
12097,0.15134275661284646
12098,0.2099567865472639
12099,0.2237524250930697
12100,0.2319794490012257
12101,0.23487884767126332
12102,0.2396240564917853
12103,0.22452470867030905
12104,0.15037913103936984
12105,0.10777652693331974
12106,0.04685150773707536
12107,0.0911264437523146
12108,0.022999461234975538
12109,-0.06411328055754761
12110,-0.0513021756740345
12111,-0.06043834389046843
12112,-0.03342885180663552
12113,-0.03811996892549685
12114,-0.16392842501874388
12115,-0.19296248267493754
12116,-0.20765954296004246
12117,-0.19506108375989184
12118,-0.1959644439622356
12119,-0.15882785368303248
12120,-0.16285250324047018
12121,-0.11539375311795658
12122,-0.10096746741594381
12123,-0.10006337371977497
12124,-0.15182985612330407
12125,-0.14097911021069803
12126,-0.21845611389875852
12127,-0.1717407349107717
12128,-0.1581157613073379
12129,-0.2444272857778626
12130,-0.29835278831485745
12131,-0.2835488923403696
12132,-0.28449416473947686
12133,-0.32007659027422064
12134,-0.31577538377063696
12135,-0.29099553020240965
12136,-0.2906257040167685
12137,-0.13625614511208817
12138,-0.23643355261885607
12139,-0.1287692102890161
12140,-0.1347518809817811
12141,-0.09615593786783955
12142,-0.09917468778856076
12143,-0.1371806990801841
12144,-0.11683907237572366
12145,-0.10537072413813187
12146,-0.08868189433074258
12147,-0.018026313352204948
12148,0.010004642711676337
12149,-0.002411949265880786
12150,-0.025760666939268984
12151,-0.021227724991559227
12152,-0.018650376040015015
12153,0.04701054289388451
12154,0.016900875154685413
12155,-0.024743279788502437
12156,-0.042362258673073305
12157,-0.07507120432201164
12158,-0.08914364503501337
12159,-0.07494178356845305
12160,-0.06235525542818887
12161,-0.07505862365817328
12162,-0.12483401631202556
12163,-0.1451752322551444
12164,-0.1575265206764423
12165,-0.1467614439498472
12166,-0.16443864479291603
12167,-0.19374770144607012
12168,-0.22550798605893235
12169,-0.18118012828814234
12170,-0.03134757306537728
12171,-0.10486681569256201
12172,-0.12903532830297937
12173,-0.2147950502856658
12174,-0.20651307622926146
12175,-0.18425729251229128
12176,-0.15838697939223956
12177,-0.1988922609835213
12178,-0.13906377301907025
12179,-0.10980196823211469
12180,-0.08359312713068395
12181,-0.051253942805354835
12182,-0.13788722872746312
12183,-0.039997974459790586
12184,-0.07986671268978351
12185,0.005733165214720781
12186,-0.012140755593783747
12187,-0.0769608137516804
12188,-0.05735009396763402
12189,-0.08401992835208583
12190,-0.0769728166982449
12191,-0.0007719330395816182
12192,0.004317855108046276
12193,0.012629962295243713
12194,0.0032230846474662345
12195,-0.0681415964879265
12196,-0.04158254511748788
12197,-0.0035280361385601755
12198,0.08102643825011602
12199,0.15279675991210406
12200,0.15205014529606908
12201,-0.030845925316557943
12202,-0.04823108554772826
12203,-0.12123206652234447
12204,-0.15741566319468203
12205,-0.2192175552399221
12206,-0.15109840440935557
12207,-0.1723932993457401
12208,-0.2063703832910776
12209,-0.20397211265973392
12210,-0.17294032956022298
12211,-0.1125442111542247
12212,-0.038386359122663805
12213,-0.03941895310812937
12214,-0.05108643352756148
12215,-0.03380610575559484
12216,0.02795566652195136
12217,-0.034470884237134736
12218,-0.04249635864262091
12219,-0.062197916305088974
12220,0.07858826018641751
12221,0.034727167773817014
12222,-0.019191848751294205
12223,-0.004475391423510611
12224,0.03295732032114951
12225,0.008461151841492542
12226,-0.03552473647842219
12227,-0.019288626185446855
12228,0.02984128911620476
12229,0.1174349364687638
12230,0.09670709171045355
12231,0.12156470529609864
12232,-0.0035202390940788364
12233,0.16913924652197398
12234,0.04499976580484988
12235,0.09640965638168164
12236,0.03318457774408157
12237,0.06966957504828997
12238,0.043141672476886606
12239,0.019413492694415724
12240,0.037107905739209635
12241,0.02547915007999424
12242,-0.0007617166585094926
12243,0.014757123139995443
12244,0.07266108305193586
12245,0.028322871684542505
12246,-0.003472181471444624
12247,-0.008490145557757178
12248,0.011232104023232714
12249,0.007948250815970614
12250,-0.006489629025924315
12251,-0.02631813746967976
12252,-0.030732540701679856
12253,-0.07107418079839095
12254,-0.1335820125237805
12255,-0.13750311496665524
12256,-0.16354090418709144
12257,-0.17145224178946283
12258,-0.1947223621236739
12259,-0.17100806995074597
12260,-0.1675760831111503
12261,-0.12060667955120385
12262,-0.13174083083201982
12263,-0.1212838658194832
12264,-0.20159227155182818
12265,-0.19061307898316826
12266,-0.0715190881279753
12267,-0.04202892990513207
12268,-0.06067007384366241
12269,-0.09965139952539082
12270,-0.05724474085937892
12271,-0.10071939824213866
12272,-0.10505373448051192
12273,-0.14880239506749487
12274,-0.2077262501628117
12275,-0.11873501484378257
12276,-0.015486544899798615
12277,-0.018240363838774254
12278,-0.08896523454613875
12279,-0.03784251666460231
12280,-0.02613449902509457
12281,-0.0035757270290486254
12282,0.02586288403300241
12283,0.026597927955847256
12284,0.013915172986184943
12285,0.030780631860364283
12286,0.07034280238418888
12287,0.07533952894934326
12288,0.11381916857480401
12289,0.11393215305216464
12290,0.10111910722115092
12291,0.03611312966216462
12292,0.07017553703653068
12293,0.0019969410422927547
12294,0.07180531195281203
12295,0.06143890357722637
12296,0.09380408237695093
12297,0.057553713642679805
12298,0.03432773498011199
12299,0.04259597911059809
12300,-0.05796309781095099
12301,-0.10886543866608295
12302,-0.024936512101059072
12303,-0.008738363608547572
12304,-0.047481473744436564
12305,-0.06359251776535696
12306,-0.002211420648532414
12307,0.02939652602962628
12308,0.05159918789239837
12309,0.014094045611910633
12310,0.003969641808357349
12311,-0.08197665452291397
12312,-0.07138512481402681
12313,-0.1544160989901322
12314,-0.18197749167408234
12315,-0.14643181476672218
12316,-0.16430296049360138
12317,-0.21106255342940916
12318,-0.2056401260110397
12319,-0.18981656058110374
12320,-0.2283135046409016
12321,-0.21744829122315779
12322,-0.17365552473394302
12323,-0.15840395613142955
12324,-0.1405983948667736
12325,-0.06701809698635869
12326,-0.1814663975183804
12327,0.04393679072920276
12328,-0.10819015413552369
12329,0.09579096901289708
12330,-0.026659468335006153
12331,-0.03932600440629308
12332,-0.12451386261319025
12333,-0.05513719228876529
12334,-0.13715879183993224
12335,-0.11095974504197981
12336,-0.11154845885815096
12337,-0.09859772439373049
12338,-0.12888834470357147
12339,-0.1371604417446804
12340,-0.15976151371212266
12341,-0.08498085078999751
12342,-0.06538635198453724
12343,-0.011560072158448675
12344,0.01999493914835715
12345,-0.0334044076641023
12346,-0.05929321812079935
12347,-0.050058733139356826
12348,-0.05463050075949394
12349,-0.06817696354484931
12350,-0.12711883359639176
12351,-0.10853850062654635
12352,-0.10461091509346748
12353,-0.13997514701516267
12354,-0.1468019178221937
12355,-0.12552618277928274
12356,-0.12844818592562846
12357,-0.11844068015220105
12358,-0.10396276465526266
12359,-0.10405566378336861
12360,-0.17805970421288903
12361,-0.1174318280808706
12362,-0.06919595971281467
12363,-0.0795980436698911
12364,-0.0710437059043037
12365,-0.14938963521183896
12366,-0.14694497421128394
12367,-0.25578610559421805
12368,-0.1596834539585371
12369,-0.14416943494972279
12370,-0.06040413976887937
12371,0.03601320007019315
12372,0.08027839530429826
12373,0.07725274344132438
12374,0.028772890113192395
12375,0.13857260108069425
12376,0.2250229866884491
12377,0.2690337549056896
12378,0.2740173680689427
12379,0.25059493823609835
12380,0.2326233285893855
12381,0.19564390318509317
12382,0.26470403724261793
12383,0.24760037652772682
12384,0.16475648717556945
12385,0.12119299155818264
12386,0.12233728822636014
12387,0.14310126360365027
12388,0.16215620348143367
12389,0.15619191792602516
12390,0.16757986639050537
12391,0.17458269307249963
12392,0.14428973129797862
12393,0.1525093847673018
12394,0.11989871541556574
12395,0.1229559218108549
12396,0.06786651692291135
12397,0.043364734379791825
12398,0.0601744693961036
12399,0.029247149672181116
12400,-0.032926186611598296
12401,-0.11232733343986923
12402,-0.14549055158340662
12403,-0.13455565842981765
12404,-0.1402269024392533
12405,-0.09958380651180632
12406,-0.03601096132987702
12407,-0.0504488434682126
12408,-0.07830554695848191
12409,-0.13857508090428594
12410,-0.28109260770788114
12411,-0.2829079643580054
12412,-0.3069443605353053
12413,-0.28041875656417803
12414,-0.3116715687314592
12415,-0.35098095073249364
12416,-0.3491020005765916
12417,-0.3405700607966449
12418,-0.35145302946748475
12419,-0.2771032755365875
12420,-0.3419326501733901
12421,-0.32932858067442244
12422,-0.3296737755968358
12423,-0.30942263418740673
12424,-0.33741543658295003
12425,-0.2798325652222061
12426,-0.2676421852182654
12427,-0.3029274979590962
12428,-0.3213824601411979
12429,-0.32120441644682457
12430,-0.3273185912390979
12431,-0.28497499566642726
12432,-0.3393491329214688
12433,-0.3443005536193707
12434,-0.266532415242303
12435,-0.27782499869358945
12436,-0.26118373282208196
12437,-0.3076755838080153
12438,-0.20783135250810247
12439,-0.2483622064756863
12440,-0.29979374971916545
12441,-0.30617119655548586
12442,-0.25280153833330665
12443,-0.21105667546514273
12444,-0.2429080068634637
12445,-0.23795198623107106
12446,-0.20674590453998143
12447,-0.26740335863635817
12448,-0.2342227695939202
12449,-0.2086643280160153
12450,-0.13987835102875834
12451,-0.07920505592302651
12452,-0.02928654515996143
12453,0.0055949238167631865
12454,0.0432176351424608
12455,0.10475970838978432
12456,0.1327574313494413
12457,0.11326500154608321
12458,0.18679827365041535
12459,0.14102984264626905
12460,0.1604356947433303
12461,0.0781272229780422
12462,0.16056968967121155
12463,0.14013683571405777
12464,0.0608294661570008
12465,0.04326624452400962
12466,0.06719472422006445
12467,0.03003314933387935
12468,0.04133067195466489
12469,0.09089777335309346
12470,0.08012170652506145
12471,0.1308181648912028
12472,0.1769584418336767
12473,0.1832214471756165
12474,0.12058442183012053
12475,0.18233454244209613
12476,0.1991248826572214
12477,0.20662172910569654
12478,0.19584149151901775
12479,0.19177968485583397
12480,0.18392516410840865
12481,0.1946357297174124
12482,0.22204411340394326
12483,0.19150082574279004
12484,0.19224687327357237
12485,0.14121541958880346
12486,0.1466572073474185
12487,0.19899532297460154
12488,0.15090755456659655
12489,0.1857867718830688
12490,0.1916715181137929
12491,0.2407088328832636
12492,0.18836487864025364
12493,0.11207357588381106
12494,0.07504205438612888
12495,0.004039270009815743
12496,-0.031275566381916864
12497,-0.06477807508624861
12498,-0.09320793708511399
12499,-0.13007904516945462
12500,-0.11954126661435804
12501,-0.13965921152022098
12502,-0.1708388005526486
12503,-0.15292237062967579
12504,-0.11702079636024942
12505,-0.16192068846698698
12506,-0.2163096801261284
12507,-0.21418399395121246
12508,-0.20115836347800742
12509,-0.19872824900387048
12510,-0.23907778254027506
12511,-0.20510027582923934
12512,-0.19280572937497453
12513,-0.12377769334661004
12514,-0.23291908917195558
12515,-0.17280058603022824
12516,-0.18725989947562327
12517,-0.18298943903650738
12518,-0.20563155113023057
12519,-0.09081816018648164
12520,-0.21677184819236162
12521,-0.1066540752541773
12522,-0.1984915655740654
12523,-0.1360920666971871
12524,-0.14075742962950716
12525,-0.06633940756991319
12526,-0.1286594024422924
12527,-0.12880542201994072
12528,-0.07196842817337795
12529,-0.07978921077759848
12530,-0.08337998333395158
12531,-0.10259825381835241
12532,-0.08401980792214658
12533,-0.14751376181435621
12534,-0.10463331989861563
12535,-0.14288824791291577
12536,-0.16568230081073015
12537,-0.13347127388775604
12538,-0.0672063250257996
12539,-0.045213834306434664
12540,-0.054875834447489946
12541,-0.13182828822858172
12542,-0.15080077394351188
12543,-0.14746883474139905
12544,-0.13669836546163744
12545,-0.14310678794045806
12546,-0.156205800172401
12547,-0.11417643369954711
12548,0.0009784924830966713
12549,0.11112091867429408
12550,0.1256587007895884
12551,0.1047927962175732
12552,0.12507628632692191
12553,0.02626507771708997
12554,0.10095490570969257
12555,0.02676594945075783
12556,0.00012608707017780496
12557,-0.1249364998004685
12558,-0.05917023819249667
12559,-0.06921557357289931
12560,-0.08055124897262395
12561,-0.11048701153234947
12562,-0.08691755968877973
12563,-0.01581874947331502
12564,0.032290414713773474
12565,0.06622360238025027
12566,0.0065549020169543
12567,0.007980300906428428
12568,0.034277271634016615
12569,0.14746080477624512
12570,0.06190678930277138
12571,0.1153224138140937
12572,0.13141527114729334
12573,0.1745055573638602
12574,0.1745009836615109
12575,0.17024454123302812
12576,0.1833008776759325
12577,0.12609917377132385
12578,0.14303234755528482
12579,0.08743746921293782
12580,0.13404910924465274
12581,0.1016541112559044
12582,0.1356938150979191
12583,0.09345030614061456
12584,0.02625432657804372
12585,-0.0020232545910946476
12586,-0.020558853300034652
12587,-0.005423517782200293
12588,-0.051621987003828196
12589,-0.11051249856801204
12590,-0.08771270333666592
12591,0.023675234045236637
12592,-0.022263267435278067
12593,-0.060724912617623084
12594,-0.04897737576240235
12595,-0.1410278562829912
12596,-0.10973485472419497
12597,-0.05925875727925545
12598,-0.07592483691210888
12599,-0.0639223538192139
12600,-0.054064141738697225
12601,-0.008570870939616781
12602,-0.11443139329275037
12603,-0.13524936363732432
12604,-0.20829832110589158
12605,-0.1804561786984319
12606,-0.22139973961207016
12607,-0.2937723101941077
12608,-0.299019453894087
12609,-0.28021200834829874
12610,-0.31379887619721464
12611,-0.32712206428388435
12612,-0.3268799866704752
12613,-0.3217452735512622
12614,-0.30116384662892437
12615,-0.32142410290783513
12616,-0.29895855477312033
12617,-0.16109906421464187
12618,-0.2983259082963017
12619,-0.2625800186660457
12620,-0.31554294360967416
12621,-0.2916292300062312
12622,-0.2979874452745872
12623,-0.26780490409135016
12624,-0.2815351882636609
12625,-0.2794181812211301
12626,-0.2587924711678444
12627,-0.25411196310405904
12628,-0.2427676717343928
12629,-0.24437061300175128
12630,-0.2443441597885978
12631,-0.22302168838856556
12632,-0.2381488977610111
12633,-0.24774154093456957
12634,-0.14152924917165366
12635,-0.19939165915869383
12636,-0.21891404960764338
12637,-0.28599966948298433
12638,-0.28870523934494396
12639,-0.2656365123651738
12640,-0.2435063316391597
12641,-0.23713642230373966
12642,-0.24525220856065688
12643,-0.21348891566526373
12644,-0.1174087244708143
12645,-0.10206592764862132
12646,-0.04091708151282758
12647,-0.07088672459712991
12648,-0.11067185615620356
12649,-0.17484901843523076
12650,-0.20807671518797327
12651,-0.23271634202527036
12652,-0.3052406540600007
12653,-0.30242332014614937
12654,-0.2478565489103436
12655,-0.17452120517018266
12656,-0.21092156823566077
12657,-0.22206022978451234
12658,-0.20287297279490668
12659,-0.17575392502437281
12660,-0.11553608894508954
12661,-0.08679674174287078
12662,-0.09510580093158555
12663,0.001696057917609406
12664,0.06975616592957246
12665,0.07339113290212229
12666,-0.015341628620010872
12667,0.011125080115580888
12668,0.028151645699476924
12669,-0.07792760959405481
12670,-0.02262588139691496
12671,0.0020641516730977028
12672,0.08421397120027618
12673,-0.04263461673943397
12674,-0.03969135352033748
12675,-0.013899307169724318
12676,0.1160014469135523
12677,0.13509564265667384
12678,0.17203033062135298
12679,0.1468903394530361
12680,0.15722365773382174
12681,0.0430699592577658
12682,0.12734513179889295
12683,0.12073281059507124
12684,-0.0672046063684058
12685,0.018078926718803623
12686,-0.011260967385269272
12687,0.0914442178947319
12688,0.10473623954781708
12689,0.12226507204665316
12690,0.1461769205805914
12691,0.10500115185635583
12692,0.11471267206580882
12693,0.09321903722045177
12694,0.08210787452697299
12695,-0.02308552359107391
12696,-0.06781520068176905
12697,-0.17812496937650157
12698,-0.35448201598157836
12699,-0.30402230365895727
12700,-0.31520135779685216
12701,-0.29054507756684267
12702,-0.3573687484494421
12703,-0.3349102754198781
12704,-0.32989202335539614
12705,-0.3340310899688578
12706,-0.2569081630705315
12707,-0.27912211527809244
12708,-0.3151716510705532
12709,-0.33708754249929773
12710,-0.3423976251625422
12711,-0.2657072136357208
12712,-0.3199158616636417
12713,-0.2766327551368023
12714,-0.33942891011391607
12715,-0.34424231228924557
12716,-0.3190503754830428
12717,-0.2921088517030373
12718,-0.25678624920824333
12719,-0.23385599117261252
12720,-0.25903093716714304
12721,-0.20354988206297914
12722,-0.13627071161683058
12723,-0.12147211133640995
12724,-0.12553841010878053
12725,-0.17149717528972103
12726,-0.12460256483826065
12727,-0.22457407794004458
12728,-0.14267223808878915
12729,-0.16472052933627512
12730,-0.20246724985719167
12731,-0.26028997975362533
12732,-0.2086824231282684
12733,-0.2397079053096171
12734,-0.27065560242070175
12735,-0.3062190348392452
12736,-0.2949178948050051
12737,-0.3258367105098156
12738,-0.31037690928709116
12739,-0.24603893669244775
12740,-0.09484918362278422
12741,-0.060871252260531694
12742,-0.0234342847016486
12743,-0.14516667059058203
12744,-0.15071735084797389
12745,-0.2573262654359131
12746,-0.3099639440228229
12747,-0.36447765299938645
12748,-0.33166689783007663
12749,-0.3211128977627143
12750,-0.1783570371759523
12751,-0.23340128194685628
12752,-0.19235533669206756
12753,-0.2287042897623658
12754,0.09094977825672068
12755,-0.039140143392720206
12756,-0.005193457482946751
12757,-0.019221636956343435
12758,-0.030353869550823476
12759,0.015454324081548121
12760,0.06311024274590571
12761,0.12696876731018836
12762,0.0059826877584781
12763,0.09581649022328365
12764,0.016787434106110832
12765,0.011053428187041137
12766,0.0062989226516319
12767,0.0413992991128157
12768,0.11989579296649033
12769,0.0959548181976182
12770,0.09489881219248708
12771,0.015036823119382037
12772,0.004473635521250796
12773,0.04511284950188632
12774,0.09010222900063491
12775,0.07147267853213612
12776,0.06686482670475302
12777,-0.013930863263642401
12778,-0.050339230344342845
12779,-0.026470111052810275
12780,-0.1255127807316797
12781,-0.1508642715356821
12782,-0.1131180067171364
12783,0.06253433538675246
12784,-0.20849956692447896
12785,0.0002015048134154096
12786,0.021680513439711446
12787,0.12708438870015593
12788,0.1699231259094961
12789,0.18795482063602598
12790,0.16358309033544027
12791,0.09546768138910489
12792,0.056221039006068674
12793,-0.05051180148603435
12794,-0.1284917635839813
12795,-0.16366549542466668
12796,-0.2149685185526412
12797,-0.27464287383870445
12798,-0.3320774809172609
12799,-0.34200667391525386
12800,-0.3338474073521367
12801,-0.3474503587761667
12802,-0.35673772870917964
12803,-0.36514654265884994
12804,-0.3090935207159947
12805,-0.19205746671567137
12806,-0.2313467732589206
12807,-0.2341104497866201
12808,-0.2700664327928318
12809,-0.24723681305668938
12810,-0.2557826356501639
12811,-0.2289092453670925
12812,-0.16848059659437858
12813,-0.14655348713316985
12814,-0.14079998685518652
12815,-0.09612286035593287
12816,-0.06652510077135287
12817,-0.07028002880596473
12818,-0.04336934142271548
12819,-0.08400597534891485
12820,-0.07453402713867446
12821,-0.08658658335104541
12822,-0.0514724280187937
12823,-0.03469625996197445
12824,-0.0612517681764726
12825,-0.10815212938109886
12826,-0.14392598090018183
12827,-0.190987259893585
12828,-0.19508951544091502
12829,-0.21186471126469347
12830,-0.2571667411395251
12831,-0.2512538125367763
12832,-0.21805579585266133
12833,-0.16885257175041313
12834,-0.14827426290538187
12835,-0.15854803571004167
12836,-0.10026237943214944
12837,-0.06378404889491385
12838,-0.06342479223798253
12839,-0.05928742390371733
12840,-0.12259091852811832
12841,-0.15951666467516112
12842,-0.1819513345966835
12843,-0.25506743751892313
12844,-0.3146872402326911
12845,-0.34791578814400587
12846,-0.253733022000054
12847,-0.2963606379227053
12848,-0.3166210051179233
12849,-0.2767341451776924
12850,-0.22504732318118448
12851,-0.1500590646123055
12852,-0.025982661820948494
12853,-0.09750631633913709
12854,-0.0326642341603362
12855,-0.03045116689692018
12856,-0.012504045801418395
12857,0.03642945994830271
12858,0.03301455704183065
12859,0.09472812286436882
12860,0.13163257682329277
12861,0.09667183273975588
12862,0.15386889291225514
12863,0.14799786834237083
12864,0.159098588251405
12865,0.1399765081207871
12866,0.147865645610332
12867,0.08293884470868984
12868,0.08864770335195904
12869,0.13211883969057736
12870,0.030493100418460983
12871,0.017589148946389743
12872,0.0006554377713485771
12873,-0.06772277375335084
12874,-0.07936246347876413
12875,-0.04822382154433302
12876,-0.1768668844544824
12877,-0.19325400196212322
12878,-0.15623668111597044
12879,-0.07104210275964257
12880,-0.1425706659387888
12881,-0.11211509028030908
12882,0.05896779501027272
12883,0.11285152997809789
12884,0.13377642015180724
12885,0.07356681406266274
12886,-0.0021594347293174
12887,-0.05680544849936109
12888,-0.15842883474768044
12889,-0.24904180953430066
12890,-0.26200630124655966
12891,-0.30220091387408216
12892,-0.3206094749918238
12893,-0.23974886237526077
12894,-0.3555410557979623
12895,-0.37923568940339536
12896,-0.374178995851779
12897,-0.3778487444472743
12898,-0.3996776411871833
12899,-0.3490063463420173
12900,-0.3235155812067937
12901,-0.25290758509817296
12902,-0.21853728822279983
12903,-0.21234191941828995
12904,-0.2094826376691457
12905,-0.1114530446121873
12906,-0.15059658990200042
12907,-0.13423644098393078
12908,-0.08605654829575576
12909,-0.09129117269512765
12910,-0.049106181825948725
12911,-0.029948599955407662
12912,-0.0640452576497969
12913,-0.03652483437288667
12914,-0.029228273693319373
12915,0.0002228276228672943
12916,-0.006823158414700881
12917,-0.010618874669236944
12918,-0.041281721558812934
12919,-0.05598143162225122
12920,0.010339161643033057
12921,-0.11468569519179939
12922,-0.039426258778918144
12923,-0.217271439777383
12924,-0.17286472059368502
12925,-0.2100693008790434
12926,-0.24547225104361636
12927,-0.2024670652478625
12928,-0.2727219666796083
12929,-0.2573525461471964
12930,-0.23967608211034375
12931,-0.1589913292495782
12932,-0.06010159819840144
12933,-0.02952655813408045
12934,-0.03244369450827794
12935,-0.06826969790341647
12936,-0.14894396893836487
12937,-0.21359945675705033
12938,-0.2336557409487361
12939,-0.31017540290445766
12940,-0.3642884550233572
12941,-0.2963897752963444
12942,0.001582792034210856
12943,-0.17755930978497741
12944,-0.16315823662941675
12945,-0.23266851387308674
12946,-0.134934568215188
12947,-0.07307659185753373
12948,-0.0022816109118629635
12949,0.012029232054746597
12950,-0.045726424331679005
12951,-0.08371635375237985
12952,-0.014669987918409233
12953,0.10779851832502663
12954,0.13293174693513687
12955,0.09755796219700563
12956,0.13369249524295446
12957,0.0897451410132355
12958,0.17234485710082847
12959,0.17759635707258492
12960,0.1533785265105615
12961,0.14832265221890872
12962,0.13339883887453918
12963,0.10329705799375988
12964,0.05502475140796659
12965,0.1132083615348296
12966,0.12077424142386595
12967,0.024224231065664625
12968,0.04036029964864141
12969,-0.0391602150524058
12970,-0.08895187306731545
12971,-0.10814264274735091
12972,-0.09379581405897214
12973,-0.1363924360112414
12974,-0.0932063507386518
12975,0.01486510561742349
12976,-0.1137266189410715
12977,-0.0912559428731109
12978,0.021928414842816712
12979,0.14389834924249356
12980,0.1500176925663692
12981,0.1733943047143176
12982,0.1019432684885484
12983,0.042084349943156685
12984,-0.0052237037963805966
12985,-0.16413436018753458
12986,-0.15912866316807273
12987,-0.072687945708522
12988,-0.2364190478640325
12989,-0.26013704728534115
12990,-0.30378019476576507
12991,-0.31144281514348204
12992,-0.21476445597677885
12993,-0.15437977846181689
12994,-0.11116356279881112
12995,-0.10314749510121712
12996,-0.07523771331853107
12997,-0.04578484836842611
12998,-0.04823406117530399
12999,-0.015063099083761855
13000,0.002353625481356536
13001,-0.005517574275847981
13002,-0.07124746498403678
13003,-0.06590817674635463
13004,0.0010678281141569546
13005,-0.059282853172268724
13006,0.026341742746523567
13007,0.04482150419509445
13008,0.04915898980903133
13009,0.0785282997562835
13010,0.10404815100366105
13011,0.06191035317306559
13012,0.1297069025680102
13013,0.13854956316184686
13014,0.1562548824858374
13015,0.12578198233150306
13016,0.1477617144460226
13017,0.1358191995668705
13018,0.0066834000002018445
13019,-0.013197000924326019
13020,-0.04963053754090102
13021,-0.0588893321909138
13022,-0.09389963152755065
13023,-0.08049127444787718
13024,-0.10372061611813022
13025,-0.1571154571025144
13026,-0.15186655491704654
13027,-0.12151181200029099
13028,-0.0878718364996448
13029,-0.0697960967055774
13030,-0.06941825377725575
13031,-0.05468885013060876
13032,-0.12417522874434506
13033,-0.2306447456688751
13034,-0.2533317838811104
13035,-0.07583347556784331
13036,-0.17607862818459685
13037,-0.156152223896453
13038,0.04044960845668244
13039,-0.0703623046291536
13040,-0.0686794503295145
13041,-0.05456207467609586
13042,-0.047433958740008386
13043,0.06914098919138845
13044,0.018913320784345933
13045,0.06405042071547051
13046,0.04241512166540684
13047,0.13993474266294847
13048,0.13500312083739485
13049,0.1679834078710637
13050,0.14551743481690127
13051,0.04841191090287589
13052,0.013425027076721885
13053,-0.016340456461051478
13054,-0.02059468277248433
13055,0.0677016634664871
13056,0.04049324164803614
13057,0.06368882597295267
13058,0.04928241264802724
13059,0.06902956615313693
13060,0.08034115249257823
13061,0.07891885141928101
13062,0.08695081501619395
13063,0.08375943128251895
13064,0.06871534465015039
13065,-0.010024024940563092
13066,0.014364025978897521
13067,-0.06535467793462935
13068,-0.14193192198479893
13069,-0.1363805648651264
13070,-0.14498405602178066
13071,-0.0651934791913531
13072,-0.12416315128066041
13073,-0.08519369824265705
13074,0.005267072307480691
13075,0.027372238386292436
13076,0.11134410134484296
13077,0.0558963161473075
13078,0.018401137214032914
13079,0.03993711228104224
13080,-0.07899074375746568
13081,-0.14356461516530994
13082,-0.09032037503102258
13083,-0.1624201033704794
13084,-0.23603137645289252
13085,-0.15302545555466407
13086,-0.16503957478861508
13087,-0.15206711596906347
13088,-0.09587077747702122
13089,-0.21758083134268802
13090,-0.1302757134677356
13091,-0.0675511859584021
13092,-0.09447858746780585
13093,0.04518329306601976
13094,-0.04833888267727071
13095,-0.008135868557757386
13096,0.0689954756545379
13097,0.08805040961485178
13098,0.027383734683606553
13099,0.03978930766968669
13100,0.0882165702966825
13101,0.06750528637436981
13102,0.13745074691704728
13103,0.12416230480349366
13104,0.168789702220152
13105,0.18682923300710708
13106,0.12437271707160602
13107,0.16768271389794387
13108,0.13451461935915654
13109,0.016757026283003684
13110,0.07587689209869886
13111,0.10153641662727109
13112,0.16500707780759882
13113,0.15708680867979719
13114,0.05708293178413815
13115,0.03594664710463924
13116,0.1135915961006515
13117,0.02168570208745535
13118,-0.04354155150405664
13119,-0.032647988402854544
13120,-0.08579301685041463
13121,-0.1051887654761145
13122,-0.1331728067031897
13123,-0.05580194915565306
13124,0.0014219320788931844
13125,0.0313440764847448
13126,-0.0530386073220378
13127,-0.057192528488942684
13128,-0.038993701892494126
13129,-0.032994797027183775
13130,-0.05594037691132969
13131,-0.056780423202281605
13132,0.01262231218264187
13133,-0.04011436154734016
13134,-0.027263965626806552
13135,-0.013333490113475566
13136,0.0021139779744544507
13137,-0.05805307405938853
13138,-0.06150954106632034
13139,-0.023194740901438415
13140,-0.0035692707083571085
13141,0.04048533224993067
13142,0.026480244148358922
13143,0.05235264692982189
13144,0.028903193569746244
13145,0.040513825527656366
13146,0.03817423414005783
13147,-0.016881684061655577
13148,0.017749090972643766
13149,-0.026905021460565837
13150,-0.023322735534161587
13151,-0.03743498012947055
13152,-0.026134857208173823
13153,-0.04425542253075376
13154,-0.05153632350792964
13155,-0.0625406370933489
13156,-0.045718613340896386
13157,-0.008105421748817843
13158,-0.05412807186465096
13159,0.01853389077707468
13160,-0.017170238691822715
13161,-0.04739990957755058
13162,-0.07754928321587523
13163,-0.07742899369120726
13164,-0.11899510378998251
13165,-0.159024209994659
13166,-0.15579372715884365
13167,-0.16203702754400917
13168,-0.13041192865775597
13169,-0.1156441909546625
13170,-0.03356940319665486
13171,0.04421895256574915
13172,0.017901411975478232
13173,0.12410984801453151
13174,0.08004545385999617
13175,-0.05664762931939127
13176,-0.09496408763085684
13177,-0.16181552824260792
13178,-0.04408510974167329
13179,-0.08312883595341242
13180,-0.0938892513944275
13181,-0.179910672941892
13182,-0.17131863322241225
13183,0.08170023503551715
13184,0.10444262282506178
13185,0.19119963122364725
13186,0.1297104011582284
13187,0.16652324048850387
13188,0.22969606151499877
13189,0.2591389897433052
13190,0.23676571662680446
13191,0.22584843486410788
13192,0.22615020686717124
13193,0.2708216543538896
13194,0.2258874574101326
13195,0.19508780328477626
13196,0.2373707682452929
13197,0.23899227670071355
13198,0.21380303313018045
13199,0.23965860777831538
13200,0.26753327971942975
13201,0.25468932210772544
13202,0.21523182837418753
13203,0.17512409595811107
13204,0.18842781493723892
13205,0.08563881378863591
13206,0.21258071558560065
13207,0.1966186952093112
13208,0.1922570386209319
13209,0.17403106800245094
13210,0.04309951457139971
13211,0.009300667128084639
13212,-0.009138915684422322
13213,-0.06455680058526425
13214,-0.02579998153699742
13215,-0.11907326217782144
13216,-0.11337065931811863
13217,-0.09595755528313771
13218,-0.07351320449423265
13219,-0.05887519457576784
13220,-0.033202776967213576
13221,-0.015912204480505454
13222,-0.045562953728038535
13223,-0.04149973662686213
13224,-0.061976609143912675
13225,-0.15039206389163062
13226,-0.1591514215568688
13227,-0.09149465290285308
13228,-0.04130749931080385
13229,-0.014707904705439034
13230,-0.03971370534192353
13231,-0.037490534052828095
13232,-0.06026389586759101
13233,-0.06631253426604244
13234,-0.07749267499948786
13235,-0.056587480591293926
13236,0.009815249383325897
13237,-0.006483603123637327
13238,-0.07749698715933295
13239,0.0927522629137103
13240,0.08160047136775483
13241,0.08043440416033387
13242,0.07792410362206448
13243,0.12261774597786501
13244,0.13339770183117705
13245,0.009567547257304687
13246,0.03215436099984781
13247,0.02693568477498498
13248,-0.01889020098384736
13249,0.014910511318351638
13250,0.04626235516313615
13251,0.08107808795364535
13252,0.14160935445899914
13253,0.13241182227297332
13254,0.08339406951498163
13255,0.06547274524146585
13256,0.04865872112394276
13257,0.018643217537115397
13258,0.047371540893529795
13259,0.009897965298008016
13260,-0.051404240043211036
13261,-0.019230966781856096
13262,0.008894266010404439
13263,0.0752717499465626
13264,0.06398053026325257
13265,0.06137499032512195
13266,0.12095681288508442
13267,0.14724874581725955
13268,0.13061557362918852
13269,0.11992690491176572
13270,0.12390182805405414
13271,0.14502442224159218
13272,0.055438478048633
13273,-0.04615992011881148
13274,-0.10096159863423526
13275,-0.13443065535368537
13276,-0.13573993540052776
13277,-0.18118199657807954
13278,-0.19618287123246925
13279,-0.27222989143199894
13280,-0.26449969421363073
13281,-0.26453942177314366
13282,-0.31837448811403657
13283,-0.23614358192363138
13284,-0.22024743041014105
13285,-0.1838108127205948
13286,-0.2189236184993678
13287,-0.1732667995088416
13288,-0.2395545063811046
13289,-0.07885794664416218
13290,-0.24243341700168547
13291,-0.23065459222305074
13292,-0.16967981833305573
13293,-0.09416162605451212
13294,-0.1386665444647011
13295,-0.14023659298284102
13296,-0.18881235417267578
13297,-0.17080953093850426
13298,-0.20449600305611104
13299,-0.21092946758059544
13300,-0.20555617412798777
13301,-0.18800037255355995
13302,-0.12081221231808625
13303,-0.06759414428627686
13304,-0.054049582883097025
13305,-0.049584749312891474
13306,-0.06391600527658337
13307,-0.10180032790756516
13308,-0.1190586580299044
13309,-0.12086334055475312
13310,-0.15861245799013507
13311,-0.12690294631663995
13312,-0.1410312319148942
13313,-0.09120211055940375
13314,-0.08044953191673515
13315,-0.02063224631937438
13316,0.009691675078135953
13317,0.0604918005931695
13318,0.03151010970209833
13319,0.09105727840600286
13320,0.04995931251567298
13321,-0.05256822509777548
13322,-0.040557165640510984
13323,0.01423703812009669
13324,0.007946047520688726
13325,0.054424983532446736
13326,0.03426645043563614
13327,0.005064527933059226
13328,0.031330739255121975
13329,0.004414940329409589
13330,-0.004966414635018901
13331,0.0014687432713272885
13332,0.034189761596887136
13333,0.004064568030635485
13334,-0.0023148465208581714
13335,-0.003423069643506693
13336,-0.018739576162296323
13337,0.005581243727310614
13338,0.01946106023714711
13339,0.014034027642309432
13340,-0.0031694599436170035
13341,0.024051405923849467
13342,0.006908093447087205
13343,-0.0473494924975415
13344,-0.02250017410208549
13345,-0.0012947595547426194
13346,0.058313302353111385
13347,0.08268098520695444
13348,0.04566259242607429
13349,-0.017215565470817762
13350,0.023412912186135615
13351,-0.005772801913277725
13352,-0.00020564735745798313
13353,-0.019612580639331356
13354,-0.00958010456021291
13355,-0.06170461488717083
13356,-0.07046146582043367
13357,-0.0049492053760199495
13358,-0.10565020190462482
13359,-0.08786821360264174
13360,-0.03493716896681276
13361,-0.0164169211625097
13362,0.007999422540616474
13363,-0.008833150629230069
13364,0.08202643388921771
13365,-0.04670642305826006
13366,0.10165791328475293
13367,0.010768616788962238
13368,0.07314694654719578
13369,-0.04506649382642597
13370,-0.08269335647354631
13371,-0.035551622758525525
13372,-0.025761044663979937
13373,-0.04720329782182758
13374,-0.12453070536149985
13375,-0.17815895845399182
13376,-0.0781886375897165
13377,-0.06675612167830386
13378,-0.06551600032308202
13379,-0.0024833201628803314
13380,-0.10074498053848824
13381,-0.02938346335827441
13382,-0.15410093542374753
13383,-0.17997739479641234
13384,-0.19549224545839777
13385,-0.03463193923883112
13386,-0.07041399149048677
13387,-0.18392074393649788
13388,-0.2169034068657258
13389,-0.06978819812551462
13390,-0.14668758707354507
13391,-0.12295740144174927
13392,-0.21994904349913852
13393,-0.2675423338077974
13394,-0.18964568864268228
13395,-0.20362506824462345
13396,-0.21642683436344667
13397,-0.21175563882437343
13398,-0.22737101541091448
13399,-0.12455535877858315
13400,-0.013934809243562107
13401,-0.061428341251517526
13402,-0.039183748401733554
13403,-0.15964592382179144
13404,-0.10102401439890257
13405,-0.16097944965540428
13406,-0.09420167653591538
13407,-0.07679181617200487
13408,-0.1011881477359734
13409,-0.041804258597026855
13410,-0.051454926295821324
13411,-0.03932112904827367
13412,0.04562599174642967
13413,0.08892299468529774
13414,0.11457124957275644
13415,-0.04502609068206531
13416,0.045374720833417204
13417,0.05802330239908271
13418,0.08350355657366437
13419,0.17129323879275504
13420,0.2341361433528928
13421,0.12771461414225838
13422,0.19060579622116758
13423,0.19381485218749805
13424,0.20083840365029737
13425,0.1672757094163997
13426,0.10244647025513154
13427,0.08587797218397653
13428,0.147067698126788
13429,0.12106229490443077
13430,0.15294303342445714
13431,0.13227839560310672
13432,0.06905252333558243
13433,0.07360320650236407
13434,0.03967038433740422
13435,0.06258542964082703
13436,0.05884796848409768
13437,0.05507321649863095
13438,-0.03636597438995548
13439,0.002646557022419005
13440,0.0007979218264673182
13441,0.0751251528088428
13442,0.09572007902389679
13443,0.10194145988534342
13444,0.10665507555131692
13445,0.09098179550216945
13446,0.11437545679659311
13447,0.10864318555910746
13448,0.041178705535909854
13449,0.03826784074055978
13450,0.077772424345249
13451,-0.030911733149613485
13452,-0.028870773924364268
13453,-0.08058939386041342
13454,-0.09965380672651036
13455,-0.13138024851552366
13456,-0.1362397676950785
13457,-0.11696806094863843
13458,-0.11298285338688563
13459,-0.11424659663993636
13460,-0.09781319621680751
13461,-0.10717189216048467
13462,-0.10686811817323061
13463,-0.09988931482228347
13464,-0.1375190287320553
13465,-0.19579876774654692
13466,-0.19983715287404558
13467,-0.26763599246045067
13468,-0.2777794314132157
13469,-0.29657669969600486
13470,-0.315723600586825
13471,-0.31544442237377224
13472,-0.3071607513538638
13473,-0.2965339806556649
13474,-0.2992113588965059
13475,-0.3025564192387764
13476,-0.2802096476004402
13477,-0.2620385814698652
13478,-0.26102202660063945
13479,-0.26613084418800925
13480,-0.2576401507627217
13481,-0.16449082456510167
13482,-0.20652601489121492
13483,-0.20480242307960078
13484,-0.2355337765613042
13485,-0.19309964809918134
13486,-0.22529347014963585
13487,-0.09568015268305513
13488,-0.17777209855890047
13489,-0.13215739574357227
13490,-0.1433944198207704
13491,-0.11422651884978657
13492,-0.1312057966121583
13493,-0.19029401187638972
13494,-0.24163135369074717
13495,-0.2436002940005933
13496,-0.23584935882077562
13497,-0.2702967124244605
13498,-0.2236036485945685
13499,-0.18005614407273368
13500,-0.18057193402999316
13501,-0.2695963213475694
13502,-0.2286441823913305
13503,-0.2280085032534182
13504,-0.24193954385806082
13505,-0.26102303851996933
13506,-0.2132219020411522
13507,-0.138430795584096
13508,-0.07682817268167164
13509,-0.06400421139264978
13510,1.0117788300512132e-05
13511,0.017992430850553687
13512,0.033100108780394155
13513,0.015483415436673309
13514,0.012870887290437505
13515,-0.012008266709332749
13516,-0.10747333366691042
13517,-0.1439505829966557
13518,-0.04642070614793309
13519,-0.23865591929361374
13520,-0.2580837176938305
13521,-0.27743844284399743
13522,-0.26441958436379626
13523,-0.29866167817842726
13524,-0.16090350150905597
13525,-0.1840429518508303
13526,-0.16116899441151078
13527,-0.1353946052245799
13528,0.04402191530066335
13529,-0.06794358287147961
13530,-0.08750962409516055
13531,-0.10834477231592521
13532,-5.5885012632650444e-05
13533,0.03991937865173223
13534,0.07978163921677539
13535,0.09140216513555655
13536,0.12825257410871904
13537,0.12031934025668145
13538,0.06567488143626832
13539,-0.004788883653601972
13540,0.023905640337547274
13541,-0.06087635822084431
13542,-0.11155418323360111
13543,-0.11304218867900723
13544,-0.092159354117957
13545,-0.0911103379014575
13546,-0.060171052742568176
13547,-0.22289960211040488
13548,-0.24268191705061848
13549,-0.13200716508496363
13550,-0.0453500225053059
13551,-0.008347941450878527
13552,-0.03432159247321548
13553,-0.05569725758577759
13554,0.053669568778457744
13555,0.12766597444764527
13556,0.18659372033519084
13557,0.19406000426179937
13558,0.06562611873224022
13559,0.02741778327908695
13560,0.07688185210574461
13561,0.04328585016187336
13562,-0.06446816744681527
13563,-0.08042919717420594
13564,-0.09368374692421277
13565,-0.15992174966630768
13566,-0.21180010276693978
13567,-0.17524254676121565
13568,-0.16949503644105784
13569,-0.09685776626938997
13570,-0.1088475694970023
13571,-0.02691637629607707
13572,0.06549538491342755
13573,0.07222246189978943
13574,0.049967746402926005
13575,0.02620804481198946
13576,0.16112032843683977
13577,0.21922162134308198
13578,0.1732417374767582
13579,0.20257153552584417
13580,0.2357884872646171
13581,0.251443101174164
13582,0.23305200270489568
13583,0.24731054458838997
13584,0.2704937325978971
13585,0.28797806058455133
13586,0.30634156371131716
13587,0.2815092595527653
13588,0.2764228178605288
13589,0.2841935103285851
13590,0.30632980282093436
13591,0.27824579228146473
13592,0.24948532294126624
13593,0.2517000640836087
13594,0.23956385092443255
13595,0.1380092381036646
13596,0.17866076151486832
13597,0.15253755360621268
13598,0.025933029205569946
13599,0.04895965182719242
13600,-0.040443101429385286
13601,-0.05012035324145081
13602,-0.04194227630984093
13603,-0.10120503065147884
13604,-0.11340078684975091
13605,-0.11142338326985579
13606,-0.12952294151643384
13607,-0.12800819109446
13608,-0.15910371184758237
13609,-0.1555709614741026
13610,-0.13878456492621227
13611,-0.05086308065074119
13612,-0.0556322532689858
13613,-0.026397786902624176
13614,0.051598150158432055
13615,0.006721084206354533
13616,0.004380163476815246
13617,-0.044730473287456385
13618,-0.08476676801911082
13619,0.001864018713805482
13620,0.007086723980835652
13621,-0.03568654674259886
13622,-0.07222671909970024
13623,0.03367961574916778
13624,0.004428813773357243
13625,0.021690273779914948
13626,0.07761579517364214
13627,-0.03452915922611732
13628,-0.06019675263948976
13629,0.015276163178786217
13630,0.043447392687814834
13631,0.061597706417643616
13632,-0.006546520672481404
13633,0.01017205233653129
13634,0.04057185756689341
13635,0.04200583309940842
13636,0.07872564761698175
13637,0.10603331118482939
13638,0.18785409372848627
13639,0.1860053388883085
13640,0.1782070274103409
13641,0.16438022381538897
13642,0.12193888784039053
13643,-0.08619449233932652
13644,-0.0661164034766683
13645,-0.04184234443170387
13646,-0.10467685961125961
13647,-0.06622048425282967
13648,-0.024838081019471492
13649,0.013605122209244813
13650,0.09524182249436175
13651,0.14358511311649802
13652,0.12295251745153934
13653,0.1583310521855309
13654,0.17615304177256574
13655,0.16932906337438403
13656,0.17361717454240455
13657,0.16672837122461726
13658,0.15827083066379344
13659,0.21317459741077205
13660,0.17944346810484268
13661,0.11523595397900688
13662,0.07117476563742431
13663,0.1376877368101722
13664,0.09644762500859261
13665,0.09067392739597513
13666,0.12636162473536383
13667,0.13022419830680976
13668,0.20780422522602315
13669,0.17799941163303024
13670,0.1745655683406233
13671,0.17403975211692413
13672,0.12852309465717215
13673,0.10653791615241148
13674,-0.05532072917078501
13675,-0.04326079836484703
13676,-0.07830253398939313
13677,-0.02281595826213012
13678,-0.04896166769241661
13679,-0.038867087795833144
13680,-0.03330088764142214
13681,0.010264499991900045
13682,-0.02848644446572185
13683,-0.04863407510943796
13684,-0.01645442969738642
13685,-0.010844364187656885
13686,-0.06895530757392104
13687,-0.04151603598246095
13688,0.012128193738470072
13689,-0.009383641797868214
13690,-0.02788742255359572
13691,-0.029114040649770412
13692,-0.018681999773971114
13693,-0.05186527679876374
13694,-0.0688286028482678
13695,-0.05682302421539093
13696,-0.019799175976104588
13697,0.02732030091650972
13698,-0.0027618817519121097
13699,0.0011148083343311965
13700,0.0349952706603035
13701,0.01479821454649588
13702,-0.01732507005837186
13703,-0.01123397862080544
13704,-0.006906089964207052
13705,-0.05788381555519917
13706,-0.021112074810958448
13707,0.07793357511909393
13708,0.14778000662333102
13709,0.02782059652669333
13710,-0.03069285324198462
13711,-0.06981322015231556
13712,-0.17130885122385953
13713,-0.19177336717658966
13714,-0.20381294537333355
13715,-0.20057739011644926
13716,-0.2032061633449413
13717,-0.19278324428044985
13718,-0.22179848527294654
13719,-0.18291149718635974
13720,-0.1610566631245029
13721,-0.1262310761161225
13722,-0.13989543131453624
13723,-0.13506344148117766
13724,-0.08780656478661408
13725,-0.0735299723968062
13726,-0.04708526587307793
13727,-0.009873380127782994
13728,-0.0069580628390585875
13729,-0.04725886923757405
13730,-0.06652009748323301
13731,-0.038736482411138085
13732,0.07188441304294635
13733,0.09022658230596003
13734,0.20617372526476252
13735,0.20643978291176202
13736,0.16289624581964945
13737,0.07079503382615826
13738,0.09489288784096561
13739,-0.11240957521386019
13740,-0.10123144795093142
13741,-0.1219928092618861
13742,-0.03045238134486211
13743,-0.004346154768362864
13744,-0.08032552516265701
13745,-0.04143865842904343
13746,-0.015306178109715352
13747,-0.03124908671923593
13748,-0.021013614290361027
13749,-0.12485606645581326
13750,-0.15975880271883092
13751,-0.2150934513749309
13752,-0.3126508889633078
13753,-0.31580484958165617
13754,-0.3051473005532319
13755,-0.33311701151184847
13756,-0.3543368390516061
13757,-0.37396695612458863
13758,-0.34512100789967604
13759,-0.3392904125349133
13760,-0.3239475212948967
13761,-0.3227660506736125
13762,-0.32620864177291675
13763,-0.2992962991923726
13764,-0.15753443377188192
13765,-0.2507429663818933
13766,-0.21561607056209842
13767,-0.24847593453473876
13768,-0.17201147932355848
13769,-0.08847068454302337
13770,-0.1560340386058126
13771,-0.14275886642683022
13772,-0.1302719840093456
13773,-0.19824730776847677
13774,-0.2110218526160147
13775,-0.19743654025067575
13776,-0.15568189718641545
13777,-0.14454225626937323
13778,-0.14055058312942315
13779,-0.1743416704097674
13780,-0.16744328856765872
13781,-0.17791375376634966
13782,-0.191703633357369
13783,-0.2229906795715071
13784,-0.13976085762312213
13785,-0.1440802586975377
13786,-0.1753367157789693
13787,-0.1569410425263561
13788,-0.13851085616818315
13789,-0.08852459348693492
13790,-0.12386837827768138
13791,-0.10264547501150806
13792,-0.11494662731057759
13793,-0.13452412414722648
13794,-0.15981224253459592
13795,-0.12697999763491957
13796,-0.08805242656634071
13797,-0.10545541141324455
13798,-0.1121712739820041
13799,-0.07978276926679406
13800,-0.017064631257572516
13801,0.014491722131099949
13802,0.016072270186511695
13803,0.04555608896063501
13804,0.09891470548436865
13805,0.09412294151792744
13806,0.09144835274217011
13807,0.08127567662359225
13808,0.032901971943222086
13809,-0.02809962244266878
13810,-0.014483164206718135
13811,0.018906867788942017
13812,-0.0334796058967074
13813,0.03181595359302425
13814,-0.02846557813386985
13815,0.04623103002568918
13816,0.01668660992218851
13817,0.046541685194200655
13818,0.052931059950582116
13819,0.06502521730529076
13820,0.06530628888768009
13821,0.06263593871557327
13822,0.05454069012752105
13823,0.04966191580657153
13824,0.05365280561158714
13825,0.04201491697271453
13826,-0.037325541869068
13827,-0.012658995475189616
13828,-0.009523400865367626
13829,-0.04657855198031707
13830,-0.05088105792993475
13831,-0.015535363120812218
13832,-0.01088870416204435
13833,-0.05851819136850933
13834,-0.09719239164417415
13835,-0.21939741783184702
13836,-0.2573999946314326
13837,-0.23100618833922404
13838,-0.1881319734277298
13839,-0.20596454929245211
13840,-0.2430847732590221
13841,-0.26480874033591906
13842,-0.20181476025484452
13843,-0.21135271160111513
13844,-0.1425336818901411
13845,-0.02163869575227173
13846,-0.015234852121076337
13847,-0.07346527618065546
13848,-0.02477384605234212
13849,-0.07722061389542018
13850,-0.19799196302645167
13851,-0.15303945425085103
13852,-0.1727387323321341
13853,-0.1544375433004827
13854,-0.12720464068585824
13855,-0.15602357114272386
13856,-0.09600585754748092
13857,-0.08026040977530968
13858,-0.11483600216685108
13859,-0.16423541647176798
13860,-0.1445840316683844
13861,-0.09142716606251894
13862,0.0064043464196664734
13863,-0.0014170762282306737
13864,0.004816008768899982
13865,0.028891474550103102
13866,-0.054602259404391784
13867,-0.02664513219821274
13868,-0.09401949877834415
13869,-0.03492286797343819
13870,-0.04331233469449691
13871,0.022541595842901052
13872,0.06493891219856418
13873,0.02862439329958788
13874,0.029492952444658216
13875,0.02885719260698616
13876,0.005488790643156438
13877,0.03527495283909299
13878,0.02369571288831618
13879,0.04964443051290712
13880,0.016403147964748843
13881,-0.02729901201272672
13882,-0.049294799719661
13883,-0.08638587987613472
13884,-0.1067476169072008
13885,-0.0436375125249408
13886,0.02543691887893451
13887,-0.03809231799167845
13888,-0.025503416465385953
13889,-0.02252940840672696
13890,0.008542007888437286
13891,0.08259602839285796
13892,0.08437034135755184
13893,0.0557215311922038
13894,0.003803478657609327
13895,0.04399827548727997
13896,0.05862901676643495
13897,0.06739298632839863
13898,0.08962385294756325
13899,0.12711994933543014
13900,0.13379628401670218
13901,0.06996517853535633
13902,0.13370968845937092
13903,0.1073558830621284
13904,0.021380871060923567
13905,0.0067100432627732465
13906,-0.1771199310123348
13907,-0.08485053107578439
13908,-0.09058422933551036
13909,0.028683466795995094
13910,-0.02230783948282883
13911,0.09010175422269917
13912,0.07527101615638343
13913,0.13474569602300224
13914,0.07130049377207781
13915,0.08752029245416681
13916,0.07100825873367778
13917,0.09474935532592199
13918,0.10850608204952461
13919,0.1472617181728395
13920,0.12485823598526635
13921,0.10132500092592922
13922,0.02655427233269947
13923,0.04498330195533906
13924,0.052559520764952405
13925,0.04859619211267385
13926,0.16092424799784966
13927,0.16196791258389898
13928,0.17403049416234928
13929,0.15336558451202564
13930,0.07502326574165663
13931,0.013120719625298927
13932,-0.0012852863671196646
13933,-0.004468285162426089
13934,-0.06252795209052531
13935,0.05124640999215102
13936,0.08490366516659731
13937,0.11981974060427858
13938,0.096841202531883
13939,0.1235045149976911
13940,0.12081656496561677
13941,0.07211719674550099
13942,0.1671811727009649
13943,0.0833076770491864
13944,0.14203566731011974
13945,0.04666784613591335
13946,0.007232409470202428
13947,-0.008082493923811829
13948,-0.024481789174286228
13949,-0.023805646199493213
13950,-0.06700384763108425
13951,-0.1549939394063547
13952,-0.12223187033934785
13953,-0.11198365798742793
13954,-0.20009484943747885
13955,-0.19715715903854425
13956,-0.15568960363376866
13957,-0.19954731554646077
13958,-0.23662610757169972
13959,-0.26701610827635874
13960,-0.2689330661709194
13961,-0.285013708678139
13962,-0.3243212548208385
13963,-0.3298687204074181
13964,-0.30144902877072977
13965,-0.23712556517644495
13966,-0.3131555547925562
13967,-0.29673300028715516
13968,-0.3299078264843558
13969,-0.27251705580860425
13970,-0.1976837143695277
13971,-0.23639910788362328
13972,-0.2178360744065726
13973,-0.2427758503365096
13974,-0.2733804940650022
13975,-0.27676441377332484
13976,-0.2922874474804454
13977,-0.25924861648667097
13978,-0.25786666126478985
13979,-0.2790957442414505
13980,-0.29435841020808706
13981,-0.2912254949130822
13982,-0.18832891948240782
13983,-0.21725175379625516
13984,-0.17266355338557504
13985,-0.16186044475629008
13986,-0.1592703566939052
13987,-0.10594459514770865
13988,-0.0803778531235923
13989,-0.027601247858034583
13990,0.0071894536083830785
13991,0.03037058733041076
13992,-0.03064754921577917
13993,0.0674246615674352
13994,0.07628624336242984
13995,0.09051041122525627
13996,0.1244753304405104
13997,0.0419170950746619
13998,0.0006064087432968712
13999,0.048700187482195734
14000,0.06123373291878076
14001,0.11188027530429212
14002,0.10000485489536282
14003,0.1172909947779408
14004,0.10742159952407682
14005,0.10469815652713266
14006,0.10911363796537288
14007,0.14740138768937028
14008,0.18667350298529073
14009,0.19784497765796472
14010,0.18212389976574428
14011,0.12672427097781558
14012,0.13704973441812984
14013,0.1581287251954765
14014,0.18953756404843125
14015,0.1963219568541339
14016,0.2160430995884931
14017,0.16910296417892434
14018,0.1747435800883419
14019,0.14760614673395256
14020,0.19626301774025812
14021,0.17009098376430243
14022,0.1824256259004382
14023,0.17873744715334816
14024,0.10796762311478925
14025,0.09225623119373894
14026,0.08749895760377879
14027,0.05084575756511778
14028,-0.07294669129220355
14029,-0.13998869998156166
14030,-0.10956432310579023
14031,-0.09298432457275252
14032,-0.13781851403589135
14033,-0.18582850708905319
14034,-0.2011058930679584
14035,-0.17923101361617033
14036,-0.14671095049390015
14037,-0.14433756073589954
14038,-0.07473853111154416
14039,-0.08866175188839415
14040,-0.039084177341505044
14041,-0.1730828786750544
14042,-0.300475884105681
14043,-0.3003888376056977
14044,-0.3446089930765251
14045,-0.33313051245921615
14046,-0.37677725431569137
14047,-0.3644272930068054
14048,-0.35311149751184834
14049,-0.3286374112104521
14050,-0.34284259934614875
14051,-0.299081603354482
14052,-0.24740952346280382
14053,-0.25722560169350317
14054,-0.2608025337984712
14055,-0.19724438676820577
14056,-0.22188411540456443
14057,-0.20362797270327476
14058,-0.16934234961852612
14059,-0.23992588794820374
14060,-0.1832921886699469
14061,-0.20687288835700596
14062,-0.2065102660189725
14063,-0.1840417664278337
14064,-0.25975024786717155
14065,-0.14539754349470524
14066,-0.12204707328845005
14067,-0.19784257681855322
14068,-0.14029237522848625
14069,-0.11652039829319705
14070,-0.06280492343830313
14071,-0.19769422140344273
14072,-0.23190425254954566
14073,-0.16517929031896633
14074,0.09621530772556441
14075,0.06315362692358095
14076,-0.2682156727944949
14077,-0.28472441583994595
14078,-0.2632061649150948
14079,-0.24982612529518755
14080,-0.19345513532403819
14081,-0.14063346898623347
14082,-0.21435259368629694
14083,-0.054923107514354974
14084,-0.1201969585535892
14085,-0.14824648958279923
14086,-0.052479883771869296
14087,-0.15074399692569213
14088,-0.07406633691415199
14089,-0.06677464213216433
14090,-0.09482142576866448
14091,-0.11406243171748465
14092,0.05964068530979061
14093,0.06446565470523935
14094,-0.018265595562677983
14095,-0.06326546294353214
14096,-0.01179126680961129
14097,-0.07463776921266313
14098,-0.11414708660189232
14099,-0.07541205077238844
14100,-0.05363165796020297
14101,0.07759685268877381
14102,0.0936541843509151
14103,0.08010790857593786
14104,0.1020798253819154
14105,0.0014802495529364634
14106,0.05703270871601007
14107,0.05934819163322813
14108,0.13393943040621958
14109,0.1311394329723219
14110,0.09990166133484091
14111,-0.012292895739405396
14112,0.04086353195685577
14113,0.04845039014789121
14114,0.10738585028306502
14115,0.0903884041197286
14116,-0.05507828986522301
14117,0.0019678888644328874
14118,0.09882280543705346
14119,0.18961159267064942
14120,0.16300277068369207
14121,0.1463053982046284
14122,0.13333772565017488
14123,-0.04159954907295449
14124,-0.003657494336292255
14125,0.024077609561919067
14126,0.08420677361375695
14127,0.10777556645895314
14128,0.10632274929486074
14129,0.06789126368092335
14130,0.1278900223141759
14131,0.15550244084804632
14132,0.2015149559988627
14133,0.19671701139714626
14134,0.2040059629662465
14135,0.23156389299387592
14136,0.1256348388536619
14137,0.11779888850467735
14138,-0.041913516954951546
14139,-0.1407266552926439
14140,-0.05674287403012712
14141,-0.04351559234586133
14142,-0.14407351974080002
14143,-0.1565861960084574
14144,-0.15999074845432004
14145,-0.0674913969339766
14146,-0.12296036327814724
14147,-0.08054893801295293
14148,-0.04205701931477329
14149,-0.06382005989622269
14150,-0.12522974989096353
14151,-0.10960748837562184
14152,-0.1403246384047136
14153,-0.050511650932311025
14154,-0.08245712085915191
14155,-0.11813924070924764
14156,-0.0659047558443917
14157,0.05147931540292494
14158,-0.04473455972678825
14159,-0.06553009269417209
14160,-0.008937348244728416
14161,0.04743923712558362
14162,0.05442284502643757
14163,0.052197167291017754
14164,0.048815995304197224
14165,0.04017070166091252
14166,-0.001979993567944205
14167,-0.13572094673394852
14168,-0.062014009844160056
14169,-0.02567939663086838
14170,-0.059018146342026234
14171,-0.14160086901715657
14172,-0.16717916949253758
14173,-0.12526173616465008
14174,-0.08719586153085812
14175,-0.10968155170298621
14176,-0.08705291275521188
14177,-0.09344428354841672
14178,-0.08880696722030146
14179,-0.10714089777268615
14180,-0.09696040864914901
14181,-0.11041587086722615
14182,-0.14399798496061106
14183,-0.1543715437439725
14184,-0.0919688054521785
14185,-0.09172147788638602
14186,-0.0660279029972437
14187,-0.03742386189700131
14188,0.03776968966050909
14189,0.009074448476242614
14190,0.047173051920916476
14191,0.025120953438100058
14192,-0.009268576451881838
14193,-0.07143250484380381
14194,-0.1099300582756792
14195,-0.1318204134106833
14196,-0.17413604043198883
14197,-0.1381962424092057
14198,-0.17735779054436396
14199,-0.10330899674735627
14200,-0.1201606727856554
14201,-0.11042026327900778
14202,-0.1118108054987742
14203,-0.12114765558373791
14204,-0.10967669293966892
14205,-0.09340145457324611
14206,-0.09356404678446228
14207,-0.08590429261037774
14208,0.020029503186583586
14209,0.02543491747537796
14210,-0.04495573068339809
14211,-0.05609346483136157
14212,-0.07359281902040626
14213,-0.03790298053845936
14214,-0.062179366496998234
14215,-0.08540368996896247
14216,-0.10086168299307863
14217,-0.06060353862318468
14218,-0.12794535052251294
14219,-0.16037416505114366
14220,-0.185459105881688
14221,-0.1956778009158443
14222,-0.1584886413479628
14223,-0.12968730466977296
14224,-0.19402355210663835
14225,-0.10458642780303229
14226,-0.10932970691612592
14227,-0.14809215853824947
14228,-0.13721441969410925
14229,-0.14252200236951934
14230,-0.14264223162998035
14231,-0.15049979654161566
14232,-0.1343025391012198
14233,-0.1303223887048402
14234,-0.2493648847059849
14235,-0.20416062700216353
14236,-0.12059690513575366
14237,-0.09258553079563231
14238,-0.1271981258235681
14239,0.01800829801771686
14240,0.006787624330875652
14241,0.025640490030786944
14242,-0.030987206751287633
14243,0.09233431643189083
14244,0.20110709537626603
14245,0.1763048925747358
14246,0.1565501094586862
14247,0.1275536244933928
14248,0.1118896691986947
14249,0.12924758922704127
14250,0.021062151849232102
14251,-0.02057855133733677
14252,0.024301920608659433
14253,-0.08487874976253257
14254,-0.09942120631420537
14255,-0.08889605538326001
14256,-0.09788842924313668
14257,0.03391588953609925
14258,0.0014187066134095927
14259,0.020940805592877143
14260,0.03994991248394897
14261,-0.02687132172466178
14262,0.012804024897021371
14263,-0.09713478173645501
14264,-0.13258679093591252
14265,-0.08099932177478764
14266,-0.059850212379394474
14267,-0.08410136615735364
14268,-0.10245918437879892
14269,-0.05741669493986068
14270,-0.11147742592839727
14271,-0.12373584417900829
14272,-0.18871708077372373
14273,-0.16692934500832152
14274,-0.16574800814541346
14275,-0.12532265016842625
14276,-0.10267288966766264
14277,-0.03670708134790768
14278,-0.06435105412323266
14279,-0.018473877147837936
14280,-0.017784749494352936
14281,-0.018544453842322894
14282,-0.05423311079840348
14283,-0.03242075347621898
14284,0.122326415601415
14285,-0.06092198076194133
14286,-0.15834215308024008
14287,-0.33658148259324505
14288,-0.3568635905309435
14289,-0.36300260068757045
14290,-0.3546634072100691
14291,-0.31164356974598406
14292,-0.3609877997109581
14293,-0.31095877820031453
14294,-0.2932283372104757
14295,-0.23713850779072487
14296,-0.18048133314454734
14297,-0.1315654326261348
14298,-0.045762062877975684
14299,-0.07950728853814787
14300,-0.04465487046980343
14301,-0.020555034624391233
14302,0.020312132965304208
14303,0.0226174716748615
14304,0.08266820856066759
14305,0.00429289965211932
14306,-0.011377702001047318
14307,0.003660743674103406
14308,0.05959992058587604
14309,-0.01584393838812337
14310,0.028655288930124145
14311,0.06471176603605544
14312,0.052188617942683035
14313,-0.01739388184790941
14314,-0.05124348045914562
14315,-0.139736164083758
14316,-0.16968740222545148
14317,-0.22489540909190342
14318,-0.12966020098883002
14319,-0.1210088343491314
14320,-0.16392979018897835
14321,-0.1751399658213908
14322,-0.14590770701761457
14323,-0.15159403487377132
14324,-0.07931621903150055
14325,-0.014665711508865698
14326,0.06708186821021989
14327,0.09632331003067518
14328,0.03960994441688337
14329,0.03865986496649343
14330,-0.16528765172965743
14331,-0.09697753350487626
14332,-0.09949957928928177
14333,-0.1038404800142011
14334,-0.1121162266735598
14335,0.06754333253695255
14336,0.06019052604214381
14337,0.005496224878687173
14338,-0.07439683229012184
14339,-0.024970588365680058
14340,0.08388046152270467
14341,0.168710009341123
14342,0.07153573925860957
14343,0.04626908385538431
14344,0.11655717837681778
14345,0.050947897923867336
14346,0.14853211894801333
14347,0.07791850531929312
14348,0.10404399546441234
14349,0.2048119422126744
14350,0.16144437063099848
14351,0.1497446142296026
14352,0.2055113165432203
14353,0.24693033102482798
14354,0.21698621716932454
14355,0.22007937938721933
14356,0.17977570721664704
14357,0.2114111968044814
14358,0.19160201244835573
14359,0.23412447945050163
14360,0.20080920591361096
14361,0.20810138326623828
14362,0.18210277447827594
14363,0.217309599502715
14364,0.18295312303564448
14365,0.17474824166785408
14366,0.10611425680929965
14367,0.11340661035181832
14368,0.07411808031718015
14369,0.02642754447153073
14370,0.04699983425979193
14371,0.10443927901502104
14372,0.09693448367526891
14373,0.08109755554755282
14374,0.045119540148261694
14375,0.01453373019542803
14376,-0.006312877242680259
14377,-0.03458945391647672
14378,-0.0452549200388927
14379,-0.03693926456473784
14380,0.04074300914303319
14381,0.0814129686563867
14382,0.0719851162673526
14383,0.07024898509786426
14384,0.0026868470410409406
14385,-0.045451792724188755
14386,-0.05217989451340693
14387,-0.03291451393292083
14388,0.0015214052100038788
14389,0.12195084329938821
14390,0.028343061717440277
14391,0.1674522709173285
14392,0.1530299543131406
14393,0.14211620247029777
14394,0.21622635059106288
14395,0.23097078463189535
14396,0.19153740611669867
14397,0.1503664353722548
14398,0.17294837558522425
14399,0.17390061834466974
14400,0.13682285811220773
14401,0.08328115170966677
14402,0.11641372647147386
14403,0.07887619981153082
14404,0.06820174589343297
14405,0.07050945301716327
14406,0.09821522711943464
14407,0.12112446038911917
14408,0.10679176341489527
14409,0.09285758209045514
14410,0.07556138127966172
14411,0.028158055765493684
14412,-0.019164308213342196
14413,-0.025041179307537298
14414,-0.11453352449243415
14415,-0.05003193637755815
14416,-0.03390652939971828
14417,-0.04789541271597625
14418,-0.05337364760157176
14419,-0.09109071023801718
14420,-0.1106439494244138
14421,-0.12140774469991439
14422,-0.09232632551116071
14423,-0.08267801376048312
14424,-0.09194882271138649
14425,-0.09787852126411078
14426,-0.1398997043010079
14427,-0.14995551567932186
14428,-0.14133478805293037
14429,-0.13453129935977187
14430,-0.13084643804635931
14431,-0.09241179008213357
14432,-0.1537394974313152
14433,-0.08123141442137571
14434,-0.16654527087925658
14435,-0.14707721381086436
14436,-0.15819923135321373
14437,-0.09371393431687025
14438,-0.14845621421327387
14439,-0.13195431303199812
14440,-0.13704767804273554
14441,-0.1464065156995002
14442,-0.142057424662693
14443,-0.08232656979864383
14444,-0.10298110267786137
14445,-0.10795637966635213
14446,-0.12128748314547066
14447,-0.11323925273811453
14448,-0.14265227860018764
14449,-0.10148327195519985
14450,-0.01257672043249175
14451,-0.014348170300994556
14452,0.0008843520154967477
14453,-0.0345523635685116
14454,-0.05333106283966932
14455,-0.10026152010377742
14456,-0.06628463169906196
14457,-0.1080753003618592
14458,-0.10295653902905116
14459,-0.10393605483401475
14460,-0.030736181973435805
14461,-0.03940607921490935
14462,-0.12818023079830243
14463,-0.12840681134552223
14464,-0.1236842159008803
14465,-0.1007465737954894
14466,-0.11960987514285315
14467,-0.11540867032753133
14468,-0.09070934056639696
14469,-0.0827594989610893
14470,-0.0879586237989004
14471,-0.032632697036729386
14472,-0.059042163246476875
14473,-0.06683715444862093
14474,-0.048996593988413106
14475,-0.046501382978131
14476,0.003970531933867427
14477,0.025790448638939645
14478,0.026890543338447204
14479,0.011099095806779147
14480,0.022153248158743755
14481,0.017516614265401076
14482,0.008458910741883763
14483,-0.047598736088521776
14484,-0.05790214725765541
14485,-0.05944225252646074
14486,-0.08442250592449563
14487,-0.010554965434798558
14488,-0.0302039730819188
14489,-0.009026976533582531
14490,0.0662149477795827
14491,-0.006097253471767705
14492,-0.0003240804044526979
14493,0.04169672144584957
14494,0.12068654512014876
14495,0.04525564529079795
14496,0.09840143776173205
14497,0.12898494380992165
14498,0.019886509667034424
14499,0.1061349112065284
14500,0.14349406212879223
14501,0.03354348551778097
14502,0.04129875878639522
14503,0.09252329302972773
14504,-0.0042606878628158595
14505,-0.003560208355502581
14506,-0.006812281827533628
14507,-0.05268896852510291
14508,-0.07002013404200796
14509,-0.1187206249381757
14510,-0.07068053131361002
14511,-0.016028532045829824
14512,-0.11066341202120211
14513,-0.08326250963895176
14514,-0.06697149492256838
14515,-0.025074652967841893
14516,0.05352440671126146
14517,0.04200665667291681
14518,0.0685005246467103
14519,0.0798391164849892
14520,0.0792774268738039
14521,0.059283389614705806
14522,0.017564978550942523
14523,0.10681790609548536
14524,0.13922436780430458
14525,0.12143464556232764
14526,0.1014057613281587
14527,0.056692835039517275
14528,0.17648039035789875
14529,0.10145062541042027
14530,0.071325994073975
14531,0.07801195552580154
14532,0.06603461527394694
14533,0.18715258908992993
14534,0.08607059077889578
14535,0.04934327604634592
14536,0.11612094353324787
14537,0.14433728200931306
14538,0.09598175915988016
14539,0.02794122023714518
14540,-0.004300865781544261
14541,0.05383261374434367
14542,0.004637054564568643
14543,0.052387855711406806
14544,0.07348373162449384
14545,0.09699831951114324
14546,0.0556835411115042
14547,0.05293727210774224
14548,0.06466914582205752
14549,0.08102378264227772
14550,0.09629514817284235
14551,0.06652393816651447
14552,0.05421706061102505
14553,0.07883776806815179
14554,-0.010862697628115314
14555,0.05987159205109582
14556,0.027224020565237317
14557,0.05166681737592482
14558,0.0033100198111284396
14559,-0.04224409979539551
14560,-0.02290874318102426
14561,-0.03942244723056926
14562,-0.08226733465954278
14563,-0.0840582634922285
14564,-0.08672543158636425
14565,-0.08073077769177273
14566,-0.09690910678270076
14567,-0.0739990252165672
14568,-0.09218190108457769
14569,-0.050820314078493634
14570,-0.07856467134440931
14571,-0.06686520802684087
14572,-0.00027765576443206097
14573,-0.010921413667482227
14574,-0.06308172687065677
14575,-0.08089185937068588
14576,-0.14063695359060358
14577,-0.137575811740682
14578,-0.0619263005869094
14579,-0.03868460869341811
14580,0.008867872595207826
14581,0.011189597177490906
14582,0.04281875502075816
14583,0.018104928743898463
14584,0.015099850228404987
14585,0.0021341486067375515
14586,0.06261803468452187
14587,0.0901882081209524
14588,0.026955574269316385
14589,-0.003378970012372917
14590,0.03024605571839034
14591,0.02609762381669356
14592,0.005739870008594439
14593,-0.008137395342614373
14594,0.04509648955265122
14595,0.03527941174730387
14596,0.10614832187475598
14597,0.11078590161431667
14598,0.06923734566772766
14599,0.08746884299131674
14600,0.08583883751155796
14601,0.07756414263145195
14602,0.027301336614431793
14603,0.04113343074746656
14604,0.08929861522903482
14605,0.053112999805928984
14606,0.08771564703294565
14607,0.06730573117522043
14608,0.06910848787210844
14609,0.09122653715908391
14610,0.12699837890807342
14611,0.17806603087015094
14612,0.16964919832314052
14613,0.15942596499854333
14614,0.17043053199321778
14615,0.16618710318823582
14616,0.1304016933386346
14617,0.16766212273649717
14618,0.15009587121162404
14619,0.07292688981569029
14620,0.15701181279497423
14621,0.029283543652092625
14622,-0.04392619213488669
14623,-0.08996765256336109
14624,-0.041817302730640216
14625,-0.041003019922103534
14626,-0.08066059681681548
14627,-0.08279939537469672
14628,-0.007761505933472912
14629,0.06518864175066885
14630,0.033515631516868316
14631,0.07494414346533707
14632,0.14754963860593018
14633,0.20131935533545475
14634,-0.07404088411967613
14635,-0.1259204724901985
14636,-0.19201065499538805
14637,0.029855750999867148
14638,0.15875009211501023
14639,0.15506688269957214
14640,0.20058222723902186
14641,0.18043872998672805
14642,0.1935232504401343
14643,0.14338861730051988
14644,0.09665126702133775
14645,0.13545714590720304
14646,0.10630441546415959
14647,0.10682829578719011
14648,0.08263991797263592
14649,0.0878803855197352
14650,0.06087545131636085
14651,0.045240167545666954
14652,0.022311733678309298
14653,-0.01336637528646617
14654,0.006456774075746408
14655,-0.0005680274789016115
14656,0.011386368520762358
14657,-0.0065725298520713515
14658,-0.01795400147854298
14659,-0.0060592343874327215
14660,-0.024649061511566484
14661,-0.03380664783188747
14662,-0.06713083552286808
14663,-0.03354780176971095
14664,-0.02078651995191505
14665,-0.00801797967961615
14666,-0.12108178415615617
14667,-0.13071123502154808
14668,-0.02211401937680585
14669,-0.06852218615991668
14670,0.004405206434191067
14671,-0.10163497697052087
14672,-0.08342776354198167
14673,-0.05254791441665824
14674,-0.02847072420537372
14675,-0.05143246200506296
14676,0.011177247474508212
14677,0.024069914293232908
14678,0.03427765538229077
14679,-0.03360036261023652
14680,-0.08245136853254564
14681,-0.012196510090515478
14682,0.04178087862026936
14683,0.04514898493930364
14684,0.05938417320911071
14685,0.06505659164375033
14686,0.0897843917500154
14687,0.02855951842384452
14688,0.049104195656550886
14689,0.05008293017191556
14690,0.11150398409707296
14691,0.09867256563519755
14692,0.06341894190276609
14693,0.06981338234180945
14694,0.021181588783110383
14695,-0.03909014760700069
14696,0.045529073625860006
14697,0.101837791309351
14698,0.0663765560804852
14699,0.05196672316855566
14700,0.08671014767564034
14701,0.08989721221078995
14702,-0.11242414713893717
14703,0.0553143348111057
14704,0.060909585320334414
14705,0.06801791782256594
14706,0.09516982763521298
14707,0.009921174066852112
14708,0.056508670195436705
14709,0.04882533131294775
14710,0.07605274942925466
14711,0.07339902566804835
14712,0.1122783521994104
14713,0.10492188467433305
14714,0.1626228640435774
14715,0.15148225785611802
14716,0.1838026935949597
14717,0.17082604063466156
14718,0.21146582284778292
14719,0.2251125976581585
14720,0.23634818638107646
14721,0.06748134640388836
14722,0.11721604317093903
14723,-0.06457906151214149
14724,-0.010153188260936585
14725,-0.09435995078833004
14726,-0.07974933609821144
14727,-0.08423601564472294
14728,-0.037682066268683534
14729,0.07412512480786837
14730,0.07350901127082399
14731,-0.06475244613941927
14732,-0.06363530040806953
14733,-0.08385581231362338
14734,-0.07489267071798722
14735,0.13513333362792324
14736,0.11735235774603692
14737,0.11867760386169135
14738,0.1688652924350299
14739,0.1648522652495934
14740,0.1631044868060768
14741,0.1497378866625576
14742,0.1509638488429731
14743,0.1458034915435653
14744,0.1258573490378152
14745,0.11474433586089217
14746,0.1693621291749936
14747,0.10224000499828778
14748,0.09268263142441024
14749,0.08125709887363641
14750,0.06464008040301528
14751,0.06804265179197722
14752,0.010381737058744678
14753,0.022227176134409943
14754,0.04427978795728138
14755,0.0904957655992139
14756,0.07076977666406548
14757,0.06338644331835697
14758,0.04770906053766999
14759,0.044596329995902684
14760,0.07325671254742594
14761,0.07654165531921409
14762,-0.07929904814976785
14763,-0.016460926011554466
14764,0.04761245471356523
14765,0.09880165974231792
14766,0.12688800064371752
14767,0.11028729285750083
14768,0.029057444376154207
14769,0.0281289237410286
14770,0.02596300691836162
14771,0.047511670007092
14772,0.11298250046752634
14773,0.11291799977340755
14774,0.11073073405396117
14775,0.10989169907688079
14776,0.13274508173295252
14777,0.13834162261306582
14778,0.13817897640897114
14779,0.12804598005987833
14780,0.09192021494829816
14781,0.11664209956067406
14782,0.1049312125326447
14783,0.04723684657294891
14784,0.04935290546095916
14785,0.04376969135081632
14786,0.018311857571669643
14787,0.023956620999389666
14788,0.05050273804637806
14789,0.04035149143274064
14790,0.030421595503029586
14791,-0.01657676286473231
14792,0.027274363765600773
14793,0.02378073198157371
14794,-0.08100294170722488
14795,-0.12767405173879254
14796,-0.08458713036938725
14797,0.013944924187569874
14798,-0.06846999120992442
14799,-0.060906872621189045
14800,-0.0530593296761217
14801,-0.11687787690501122
14802,-0.11525087326733885
14803,-0.13221077807195025
14804,-0.07773105910206735
14805,-0.025756084880577124
14806,0.0011284842640572057
14807,-0.004517397548582935
14808,0.05237170306005867
14809,0.05389191880770494
14810,0.0438614114788658
14811,0.09524230459395411
14812,0.12716231964763802
14813,0.13640229464198284
14814,0.1222369165780699
14815,0.08865906972334914
14816,0.10127248183132265
14817,0.08814849191819385
14818,-0.020467636256491062
14819,0.12101410419455383
14820,0.0033356236349973978
14821,-0.002528689561037134
14822,-0.012616624668418175
14823,0.046375556979799115
14824,0.06290555848335566
14825,0.06259734229550662
14826,-0.05023026523523838
14827,-0.07639001782967192
14828,-0.05946566728556163
14829,-0.05699256358015442
14830,0.10032111795326315
14831,0.11463058681704075
14832,0.14250992121927375
14833,0.15241464376008962
14834,0.1211055893452706
14835,0.13470160956577826
14836,0.17488167229897378
14837,0.15059983542077648
14838,0.13413132965514762
14839,0.07253985135694474
14840,0.07426025279031723
14841,0.023627405508854338
14842,-0.01580657724905654
14843,-0.035317650402278855
14844,-0.0566910919404367
14845,-0.007106471831815397
14846,-0.050795612621095276
14847,-0.08086884947109169
14848,-0.06015835890592258
14849,-0.056888411934325755
14850,-0.06270791681105436
14851,-0.0687482215159318
14852,-0.07444670698671291
14853,-0.056871947955942026
14854,-0.033598274635195935
14855,-0.032384643871113394
14856,-0.019604216882930625
14857,-0.023305846570778666
14858,-0.008399208906659461
14859,-0.020662055328762807
14860,0.08525290483666104
14861,0.08802369196814541
14862,0.08692346019340502
14863,0.04056888615182275
14864,-0.04031178451487116
14865,-0.015804057488147838
14866,-0.0062869192071712265
14867,0.04303172077492734
14868,0.03596785585946671
14869,0.06419786702958741
14870,0.07651022030981891
14871,0.10848450350324557
14872,0.13168040262177894
14873,0.16691603881437267
14874,0.1610089536584075
14875,0.1447034398646705
14876,0.12617460088407295
14877,0.1207789482564221
14878,0.1560195441604284
14879,0.14938730116662768
14880,0.14574439960018148
14881,0.1417187425519547
14882,0.1199417856541467
14883,0.11899306034271873
14884,0.1282923661007207
14885,0.12852657225129305
14886,0.13228751308917974
14887,0.1285420399196997
14888,0.09676612233964943
14889,0.09256142939456036
14890,-0.009610520934312472
14891,-0.05208514047094476
14892,-0.049840125635279175
14893,-0.044402615550795166
14894,-0.04757835001403948
14895,-0.14366559914365373
14896,-0.15213854040063868
14897,-0.208359117565862
14898,-0.2339652399399525
14899,-0.24100898887626576
14900,-0.22020422093859987
14901,-0.23140550525007375
14902,-0.2290816075695571
14903,-0.26464701615826486
14904,-0.25846835293909426
14905,-0.2530966377546615
14906,-0.23260521680054969
14907,-0.20462862234422108
14908,-0.1812659766557031
14909,-0.22619545650451528
14910,-0.2224462564467179
14911,-0.1962419226171473
14912,-0.13099238850572287
14913,-0.10825421582274763
14914,-0.14141048754018387
14915,-0.14213884077718186
14916,-0.1775984697338131
14917,-0.20562360724341638
14918,-0.2227878679329125
14919,-0.2401176313016224
14920,-0.0890275338260017
14921,-0.21834334750624257
14922,-0.25201779226374665
14923,-0.10570880847533204
14924,-0.22949137425410976
14925,-0.24789310211151283
14926,-0.08258058726742068
14927,-0.2393587947475756
14928,0.017580562187353932
14929,0.03448231433858795
14930,0.08473229831271079
14931,0.09466707975122957
14932,0.11525491197639781
14933,0.0923779124384646
14934,-0.02768582761254318
14935,0.0753644543626103
14936,0.049449376640634535
14937,0.05087706368910205
14938,-0.05874470306197088
14939,-0.017810197558028595
14940,-0.06906451165891364
14941,-0.0631508637459331
14942,-0.06735745129328424
14943,-0.09640198948190715
14944,-0.077725124441056
14945,-0.04360840483586753
14946,-0.08539588345480331
14947,-0.08892480731569846
14948,-0.11946205717382624
14949,-0.07547198110005937
14950,-0.05176347362759176
14951,-0.019104054883824884
14952,0.033967363263265105
14953,0.021534837253976646
14954,0.0580755635783099
14955,0.021758502698082993
14956,-0.02562186760572338
14957,0.011448937492361866
14958,-0.2241467253774373
14959,-0.30103502517242064
14960,-0.31631703096930797
14961,-0.3263752942415527
14962,-0.3370142949081233
14963,-0.33095881296622376
14964,-0.3340566089605225
14965,-0.27393080337029885
14966,-0.265187086139295
14967,-0.2425374783529502
14968,-0.2313884843141713
14969,-0.23393426899778091
14970,-0.30698046210488517
14971,-0.2549035756584016
14972,-0.25180917187421986
14973,-0.028754866687370484
14974,0.06143475503792972
14975,0.20667862087721578
14976,0.13785817262563582
14977,0.10214017422268751
14978,0.09103331255877944
14979,-0.023954536961577344
14980,0.06568719823766545
14981,0.058075082303452485
14982,0.08661372765377973
14983,0.05280751992155586
14984,0.12098687352795112
14985,0.12180061000229281
14986,0.15515840324678498
14987,0.1819302483499715
14988,0.16018230275426804
14989,0.061146159564274605
14990,0.026351241048357066
14991,0.0784447836198292
14992,0.11821337693119172
14993,0.09836907264195838
14994,0.18013832183590872
14995,0.24294504763750635
14996,0.2255480832514969
14997,0.1816802840673527
14998,0.11883032761466816
14999,0.07084716736925789
15000,-0.005283357521369603
15001,-0.011742481738668542
15002,-0.07428226472374722
15003,-0.08595238952346451
15004,0.027124400753692823
15005,0.04422264019969657
15006,0.018463785737440785
15007,0.0031813445059835077
15008,0.11629844773569753
15009,0.17496460081411136
15010,0.22475005015412286
15011,0.24263634667184142
15012,0.278844604922616
15013,0.3004905515172933
15014,0.2931402699555973
15015,0.29043776073593164
15016,0.3148610305863846
15017,0.35758746939676234
15018,0.29820976296792945
15019,0.27221132592496877
15020,0.3066057671452256
15021,0.17866697272084742
15022,0.23479867232133278
15023,0.21646757442979114
15024,0.24782877799424619
15025,0.2990283463119623
15026,0.22693424237389503
15027,0.2132873451437831
15028,0.2940972402321923
15029,0.29507392726211323
15030,0.29475041243949085
15031,0.24273092445869993
15032,0.15254879183299574
15033,0.14161805616650336
15034,0.08371238568513073
15035,0.07105624101257935
15036,0.08499926734971275
15037,0.021349757541245906
15038,-0.09090404043985068
15039,-0.10232816474824313
15040,-0.08203668501220074
15041,-0.1142203653426358
15042,-0.15661083594382513
15043,-0.1184991519275842
15044,-0.013210194062094616
15045,-0.01274901355889313
15046,-0.02794042659663598
15047,0.04024606616348514
15048,0.036185352025531525
15049,0.07931159674338428
15050,0.005017443416759582
15051,-0.05504633188213193
15052,-0.024151627319035474
15053,0.03742022609482809
15054,0.07842755933506984
15055,-0.0005849209432799429
15056,-0.10964892722016051
15057,-0.06941133551114875
15058,-0.06859110294130699
15059,0.004684638188797052
15060,-0.04618066755483963
15061,-0.09061126110948853
15062,-0.1040766675557177
15063,0.05991446688316793
15064,0.09206885675143972
15065,0.04128906933140675
15066,0.15072360532263962
15067,0.1486862805474921
15068,0.17859812530994057
15069,0.18839581380343284
15070,0.05050617656689449
15071,0.10494691423497016
15072,0.13703373490891324
15073,0.0970390227491229
15074,0.13509587549039126
15075,0.06883442472466283
15076,0.08219392806723402
15077,0.06839434974818492
15078,0.10073736988935966
15079,0.0642378620484062
15080,0.06707172380594884
15081,0.039902021869874904
15082,-0.01472945398294323
15083,-0.013456749607694163
15084,-0.032832865972920566
15085,0.0555193963177979
15086,-0.018385172770099323
15087,-0.042623853949916524
15088,-0.10696876119725168
15089,-0.02465092046873829
15090,-0.06982109194230368
15091,-0.09397379512921794
15092,-0.13742784323020235
15093,-0.180638699276216
15094,-0.15589826859021316
15095,-0.16123624780585383
15096,-0.1878233832674504
15097,-0.21887693528794244
15098,-0.29952040180554307
15099,-0.27575950398656873
15100,-0.27467352328048483
15101,-0.249449408067265
15102,-0.30251566066142166
15103,-0.3128346689105358
15104,-0.2374046514419469
15105,-0.2583645300381632
15106,-0.20885645674899167
15107,-0.18301066204997885
15108,-0.1841925715280377
15109,-0.19119475037933642
15110,-0.20863578945553002
15111,0.011191933721915515
15112,0.0718256850328447
15113,0.10569299192837045
15114,0.08904970104189414
15115,-0.13053012347147058
15116,0.07704272286401515
15117,0.01853692649474703
15118,0.05928487282494932
15119,0.02911456777361887
15120,0.06869170297156124
15121,0.16997939488479008
15122,0.03361483202703586
15123,0.0440945394946507
15124,0.10269420485552083
15125,0.04094136016394345
15126,0.0028440412739912935
15127,0.0028711017123684845
15128,0.0011647095465410207
15129,-0.07829898047638623
15130,-0.13006625161604696
15131,-0.05909271023392826
15132,-0.0600854277037553
15133,-0.056623920303155884
15134,-0.0807345729171775
15135,-0.07614024308060774
15136,-0.05988968086225466
15137,-0.06470086199154601
15138,-0.06013230204998782
15139,-0.0404346079961555
15140,-0.020383534719725815
15141,0.006944139047960318
15142,0.023081691606261945
15143,-0.0036127137523204733
15144,0.028724336822035235
15145,0.020843123228613925
15146,0.04718245996320114
15147,0.04496059269635677
15148,0.02944690687338014
15149,0.09094161005997103
15150,0.12361986359005617
15151,0.11164861329488196
15152,0.11273420233391085
15153,0.02068036046760313
15154,0.0350252010678469
15155,0.10861888406448306
15156,0.13513366846250552
15157,0.17693469978772236
15158,0.14720853725948224
15159,0.17779430460285928
15160,0.1836984657478582
15161,0.18067261383394406
15162,0.20064654350679356
15163,0.1867682867577345
15164,0.19553811893716244
15165,0.21525580601530336
15166,0.19511214956050082
15167,0.19673226160225243
15168,0.21585885856776366
15169,0.21506904931289383
15170,0.20483205127547444
15171,0.20912710576530713
15172,0.2172558572621457
15173,0.19723180905981819
15174,0.17261044493309796
15175,0.20875799579732313
15176,0.18247333322693704
15177,0.14404229501848687
15178,0.1220711719555927
15179,0.13399209100614218
15180,0.02588028852335944
15181,-0.10077033685488374
15182,-0.038260530652461544
15183,-0.1256876597131944
15184,-0.1540661857459834
15185,-0.2362099776718336
15186,-0.16661897128107978
15187,-0.1440985752575591
15188,-0.11026503042669661
15189,-0.10110863983624696
15190,-0.1786123873787795
15191,-0.1334647228313987
15192,-0.16634805637894418
15193,-0.19014598689058876
15194,-0.2770140792640548
15195,-0.2437325840558759
15196,-0.2859423297250336
15197,-0.2684864429384263
15198,-0.3241997367482275
15199,-0.23212451988238592
15200,-0.23101818136962426
15201,0.0370953127689827
15202,-0.2488199532743956
15203,-0.15940212354590438
15204,-0.17280122516813168
15205,0.0010898554947480488
15206,-0.06634671356120336
15207,0.07545537846000339
15208,-0.049677556053307204
15209,-0.028891136597457234
15210,-0.05599792864934361
15211,-0.08198850812021546
15212,-0.030499295583565622
15213,0.010662026918956458
15214,0.039544641311097584
15215,0.09121592905826692
15216,0.07567797004317511
15217,-0.01675408816962365
15218,0.028899939358929094
15219,0.08602495533140886
15220,0.10218707394754412
15221,0.07005966132350738
15222,0.10306486116714098
15223,0.11819231311650191
15224,0.039155085548983726
15225,0.036296056286949985
15226,-0.023838204815236463
15227,0.06006311444548473
15228,0.10696703044462352
15229,0.03304524770294415
15230,-0.019674830074849603
15231,-0.05841340902986908
15232,-0.05524109494045487
15233,-0.018716293245466864
15234,-0.043768980438627314
15235,-0.036508512696993844
15236,-0.028826006175527497
15237,-0.015540468147913988
15238,0.04306871128767631
15239,0.0768915013770145
15240,0.10539052008792238
15241,0.13591753351043512
15242,0.0758738080012662
15243,0.09524329651706309
15244,0.14202930554376536
15245,0.15965282807344072
15246,0.1989049458965877
15247,0.1566172453784097
15248,0.15708306290515073
15249,0.11619914839043244
15250,0.0501267850344006
15251,0.0329337298201251
15252,0.02575769811348394
15253,0.105520252415227
15254,0.06964340448822492
15255,0.04409981453589018
15256,0.12134702315742874
15257,0.14162002035471422
15258,0.15529563292701598
15259,0.14102361172271993
15260,0.1251306308708211
15261,0.17052065412331152
15262,0.09553410335089318
15263,0.13835196812570882
15264,0.1356052618730189
15265,0.13658442677600413
15266,0.07391600416989141
15267,0.12117355711205424
15268,0.1208642911222233
15269,0.11806188421915653
15270,0.10685112549223574
15271,0.13443917104943426
15272,0.2168280704282063
15273,0.18145662749928748
15274,0.1368101365356036
15275,0.06680260651120651
15276,-0.01925952276382248
15277,0.07171607877993935
15278,0.029920519735136764
15279,-0.04893118623040704
15280,-0.0018092992915791362
15281,-0.07634631529976732
15282,-0.06350579586317295
15283,-0.09059854573790849
15284,-0.015330287470688653
15285,0.027060775760700317
15286,0.008637740854829046
15287,-0.059552570177890174
15288,-0.11542013659794087
15289,-0.24627375485947633
15290,-0.3388102958647228
15291,-0.3344641936024631
15292,-0.30106535477700574
15293,-0.30417829689909515
15294,-0.3334640659117745
15295,-0.28894376268080857
15296,-0.29577110759514463
15297,-0.2601822948406902
15298,-0.3355021539927612
15299,-0.29454252228762867
15300,-0.1102368574501773
15301,-0.17004634942031688
15302,0.021945574034023974
15303,0.0833250748977653
15304,0.10392283119784163
15305,0.09136446116782426
15306,0.032670972525855047
15307,-0.005842350050203227
15308,0.0674853964246559
15309,0.08515982743886985
15310,-0.059544955732939275
15311,-0.028664866475396955
15312,0.05167421610133549
15313,0.07414953867317664
15314,0.06377465303700225
15315,0.060718059243658695
15316,0.12330940953360214
15317,0.1175447626993602
15318,0.1353283918468139
15319,0.14788617057814757
15320,0.1247900693827525
15321,0.15244509382835836
15322,0.12486131356476149
15323,0.05667472431760945
15324,0.0982501128527985
15325,0.05164955386433123
15326,0.006208976183598169
15327,0.03743583216674207
15328,0.007964126738193356
15329,-0.029035352448404605
15330,-0.0970868844848754
15331,-0.05329652509759908
15332,-0.04420228983560487
15333,0.01034101622315109
15334,0.0003676142813712202
15335,0.01794103227898758
15336,0.043327563532513436
15337,0.06222215188252511
15338,0.08176819150167769
15339,0.01194005316358826
15340,0.05209191022422888
15341,0.06651184596568271
15342,0.10902448300193879
15343,0.10991312890555738
15344,0.036510317796448644
15345,0.006560660613826652
15346,-0.03408153012303011
15347,0.06198691178805549
15348,0.1359356390916806
15349,0.1486083364010039
15350,0.13821550582148823
15351,0.11837574580474108
15352,0.11080799471765601
15353,0.07832485755869789
15354,0.06648654135167964
15355,0.08331421385690452
15356,0.0670768408895247
15357,0.05944385051070422
15358,0.10900138220221323
15359,0.0882861592469284
15360,0.09508801761917374
15361,0.09467484081549171
15362,0.08699930997210525
15363,0.11379881876794151
15364,0.19065281500310227
15365,0.19026446359945592
15366,0.1369983955585139
15367,0.11977149611904925
15368,0.05326474781891988
15369,0.06736353695313047
15370,0.06158138269897351
15371,0.007592392502570933
15372,0.09834132430613374
15373,-0.014541136569421909
15374,-0.12576340643743256
15375,0.08040557149932859
15376,0.18194271349429436
15377,0.2498956091901986
15378,0.14891964203462338
15379,0.18520928897587496
15380,0.0775296892835795
15381,-0.031166560400045895
15382,-0.02864685291548652
15383,-0.09851410898274393
15384,-0.07992505064963218
15385,0.03204508603722167
15386,-0.2661313737423666
15387,-0.25370114560607393
15388,-0.21787131541127425
15389,-0.1352432222305323
15390,-0.12674615465856603
15391,-0.11437028559951778
15392,-0.1281702305737043
15393,-0.08674451717936738
15394,-0.05130084291452819
15395,0.036932576858661914
15396,0.0001551856921773176
15397,-0.011404060376037861
15398,-0.03513532741834313
15399,0.12335664818898384
15400,0.010278568917618136
15401,-0.02197648703696098
15402,-0.09740868890682297
15403,-0.08888886487821113
15404,0.006080512734122356
15405,0.07398220037441539
15406,0.12436508177486016
15407,0.1976471425527666
15408,0.1859431313283073
15409,0.23939449901248577
15410,0.22232448371574987
15411,0.2119218822467669
15412,0.1805654233438425
15413,0.12107207974171197
15414,0.09645162071413327
15415,0.09994869340732915
15416,0.07218560078444958
15417,0.13404167203736916
15418,0.08257899583615835
15419,0.05690478051526371
15420,0.042291803522431004
15421,0.012419516015121812
15422,0.1485422020800672
15423,0.06955464260447175
15424,0.026398089212277487
15425,0.056729788442414386
15426,0.05989483423656983
15427,0.05932280345838892
15428,0.07428174052077485
15429,0.09947337795117817
15430,0.12665560164538914
15431,0.12103094898448741
15432,0.1757923090909792
15433,0.18901802942773893
15434,0.17198072602939485
15435,0.10763528845229309
15436,0.1372035537042452
15437,0.1398381694630546
15438,0.15425357652475102
15439,0.19503306698993672
15440,0.18592532001078754
15441,0.07878788015224958
15442,0.1140683013904693
15443,0.06857630474847931
15444,0.04647939592448158
15445,0.09558430868340961
15446,0.09319823469761146
15447,0.06183336039319087
15448,0.04122094031772883
15449,0.07966275775700848
15450,0.060251028541817186
15451,0.12222256031132706
15452,0.07694998613218895
15453,0.09916459119951804
15454,0.09827832501875955
15455,0.09070727274390711
15456,0.0985468834555362
15457,0.06352073402061187
15458,0.08940517704592743
15459,0.09578370984723727
15460,0.11646909244129078
15461,0.11027150685946363
15462,0.11823797216067444
15463,0.14058086535019965
15464,0.060025746047599804
15465,0.101664725115301
15466,0.025585948769228928
15467,0.03499488664974426
15468,0.08698816439263823
15469,0.08166843240515198
15470,0.08116177535213198
15471,0.04291882015239756
15472,-0.026260222958892854
15473,-0.016918361835074947
15474,-0.05185144176000611
15475,-0.06068690212659983
15476,-0.038467065990899496
15477,-0.05925557857604391
15478,-0.07791076493643512
15479,-0.10445087123820718
15480,-0.17934678736319387
15481,-0.19206472253830242
15482,-0.21018950723246227
15483,-0.25715048529771395
15484,-0.15949435695942132
15485,-0.18861677930447684
15486,-0.2404980128476678
15487,-0.20112770677930314
15488,-0.23660636728554635
15489,-0.14457418873475014
15490,-0.1333409299768521
15491,0.03436472016245962
15492,-0.01916424832174063
15493,-0.016347395642115736
15494,0.019465342601608038
15495,0.013177658999713904
15496,0.04207798222221837
15497,0.006030870384880482
15498,-0.0495954742118882
15499,-0.0721427062254712
15500,-0.06499322964318105
15501,0.08735454824051392
15502,0.1314259115265971
15503,0.12068004939868016
15504,0.15560060104034656
15505,0.1364349446790154
15506,0.17296711115552155
15507,0.13213144748221795
15508,0.15053240336098328
15509,0.059295977576710346
15510,0.04485329075076061
15511,-0.01315330752259608
15512,0.022432956177103724
15513,0.017824720066820343
15514,-0.0524034608648255
15515,-0.08690621867784137
15516,-0.16805005621003472
15517,-0.1865498379812217
15518,-0.19875291558128605
15519,-0.17644978196422034
15520,-0.1656637105116518
15521,-0.17901754189035535
15522,-0.15747548918491217
15523,-0.1292813908655806
15524,-0.15154751320412652
15525,-0.16697285774956933
15526,-0.14352278179831196
15527,-0.16395710589404427
15528,-0.14546788963907364
15529,-0.1594208730692087
15530,-0.1805007397324036
15531,-0.18466301397761237
15532,-0.1610893188596385
15533,-0.1291722490514824
15534,-0.013444675214417667
15535,-0.08557554403389106
15536,-0.21874564019870035
15537,-0.28761498106592037
15538,-0.23881122539626665
15539,-0.15619396470909758
15540,-0.1260504094225322
15541,-0.16586550813191192
15542,-0.2492096138907337
15543,0.014116062597053891
15544,-0.1108071594990025
15545,-0.09157079708528643
15546,-0.00760604891950678
15547,-0.05575304689862637
15548,-0.1016506056907368
15549,-0.10138969229826383
15550,0.07696160398875296
15551,-0.10881806052050946
15552,-0.11786550522023992
15553,-0.11461871931699058
15554,-0.08551208317059578
15555,-0.037043645103251865
15556,-0.0002931133833524169
15557,-0.07587172887728161
15558,-0.05145948420596119
15559,-0.024920428603360523
15560,-0.06370993894596505
15561,-0.05789156650634697
15562,-0.07061037414997584
15563,-0.0816690751366117
15564,-0.09277826316692017
15565,-0.09861660399761457
15566,-0.20753837953117493
15567,-0.12256834382753012
15568,-0.09580320660303043
15569,-0.1730710579461301
15570,-0.18475837730554784
15571,-0.18144243880908428
15572,-0.130128025886578
15573,-0.1270413061833502
15574,-0.07080937192795622
15575,-0.1007681317936619
15576,-0.013055031217247215
15577,-0.015638234898686876
15578,-0.033209396536981184
15579,-0.13754674016977553
15580,-0.09960878136533663
15581,-0.06566264471953731
15582,0.09347125438836934
15583,0.1725232347623662
15584,0.1795385598318633
15585,0.12571864142364397
15586,0.16225235276923278
15587,0.10920116926089996
15588,0.04608108079135187
15589,0.12337348381033542
15590,0.044807726439723305
15591,-0.004405191029239475
15592,0.031400414113701425
15593,0.012175843601961445
15594,0.09121419938882636
15595,-0.10781544836278123
15596,-0.03239482447302755
15597,-0.005162891726954666
15598,-0.05286943989733939
15599,0.033790063625784184
15600,-0.00918422233295113
15601,-0.11073170114647057
15602,-0.08013789138389205
15603,-0.09243949372010662
15604,-0.05338744754036728
15605,0.021859076287103707
15606,0.010147322981189144
15607,-0.01898303485065389
15608,0.04622738008113236
15609,0.016035838583616124
15610,-0.04726282217079447
15611,-0.049446833305705096
15612,-0.059303274382227045
15613,0.009181520679563127
15614,-0.18170429842480817
15615,-0.1352098937461978
15616,-0.1349957366731941
15617,-0.03627658289138669
15618,-0.023485765029708616
15619,-0.03408180727241994
15620,-0.03959903219091132
15621,0.031230903317583936
15622,0.04722881319341976
15623,0.04324020175052612
15624,0.04444517026005168
15625,-0.008048220849544818
15626,-0.03366914559754797
15627,-0.06716800766087416
15628,-0.0806599016058892
15629,-0.03563855770079788
15630,0.0175778419171565
15631,-0.017374814866790877
15632,-0.03277763636268727
15633,-0.14437062358939878
15634,-0.206961100536373
15635,-0.15314940048673825
15636,-0.18414262513205998
15637,-0.04571230933765624
15638,-0.21133047321659448
15639,-0.032514069804365
15640,0.0011155224843136802
15641,0.004077388450819841
15642,0.049887103189979465
15643,0.026724816155330178
15644,0.016008292764872367
15645,0.05977597438225524
15646,0.044199855755860495
15647,0.05183001853243108
15648,0.06171061507468689
15649,0.054422252834054774
15650,0.07240349569548576
15651,0.0790079483183227
15652,0.10308059622047072
15653,0.08564358540952877
15654,0.062414799432594203
15655,0.054849140216302716
15656,0.10567617105777383
15657,0.023290569757741242
15658,-0.06487098475927694
15659,-0.03519351807343368
15660,0.021939043374801792
15661,0.046395070730228416
15662,0.021600027850740666
15663,0.02774055026648825
15664,0.0020794848735999905
15665,0.010141578239590165
15666,-0.024753099590541616
15667,-0.004313705534840451
15668,-0.11919728030833043
15669,-0.2541039460791254
15670,-0.3033790600518628
15671,-0.2365170598675983
15672,-0.30820920306120636
15673,-0.32826263231837705
15674,-0.3613366978036039
15675,-0.36250605314025025
15676,-0.3760512858413344
15677,-0.3390192524987915
15678,-0.30823528220007873
15679,-0.29267715949260076
15680,-0.09719329542124333
15681,-0.16792729014560825
15682,0.021365843392569306
15683,0.0026947034968782813
15684,-0.12017341987209873
15685,-0.01487739698720214
15686,-0.2030975947601525
15687,-0.11114474339871289
15688,0.02547616706690048
15689,-0.15660643972201405
15690,-0.05222331525824836
15691,-0.06935431048029123
15692,-0.18888413922523112
15693,-0.11990572261207821
15694,-0.22704814433291076
15695,-0.09359404025163115
15696,-0.05813423215468294
15697,0.054501511890598375
15698,-0.0013135019790838642
15699,0.002528156769937895
15700,0.05091819880907844
15701,-0.000486733987686061
15702,0.08817698063994239
15703,0.01440045260987588
15704,-0.06209160513526457
15705,0.0011818080531691422
15706,0.01956140248640925
15707,-0.040150767600973414
15708,-0.06920938531547688
15709,-0.008172238612187743
15710,-0.12159810864292131
15711,-0.08867381097105875
15712,-0.14296647057652512
15713,-0.12290903124219077
15714,-0.12590176803197473
15715,-0.0432580806567901
15716,-0.022104577891795096
15717,0.013210558400555406
15718,-0.03950349579828982
15719,0.02205693811605214
15720,0.05397738330246038
15721,0.0662027844502574
15722,0.02197522406098329
15723,0.027776507368310166
15724,0.03152833503302377
15725,0.09671669300098529
15726,0.12549728617997968
15727,0.10804671774105923
15728,0.07262732586366583
15729,-0.043062828681822485
15730,-0.05130248775994961
15731,-0.05357648483145877
15732,-0.04316178771455481
15733,-0.024933796339756953
15734,0.00799192439089702
15735,0.005530194867596316
15736,0.04888236242412147
15737,0.01161515343032371
15738,-0.01038369878950346
15739,-0.02902421553304879
15740,-0.017594621764874474
15741,0.004582433359665683
15742,0.05976064010460447
15743,0.06813465121813611
15744,0.0456474509578888
15745,-0.0010688126464352687
15746,0.00856021666200868
15747,0.04584375816398867
15748,0.004477359282770377
15749,0.07076177078309676
15750,0.0463737083098551
15751,0.047388036137067324
15752,0.010880783301656982
15753,0.0233076478236931
15754,-0.02401411836766537
15755,0.0261233219802951
15756,0.016367501913155058
15757,-0.14873127018078652
15758,-0.10318300780526674
15759,-0.07218258520204157
15760,-0.1550299481888338
15761,-0.11859183173484433
15762,-0.021243173789568803
15763,-0.020499587711955758
15764,-0.06130098496172176
15765,-0.13751309911007137
15766,-0.20286077152070114
15767,-0.22517082982600467
15768,-0.17518198923415196
15769,-0.2561576083576498
15770,-0.2447007682701694
15771,-0.23056499810697773
15772,-0.2889157422323431
15773,-0.23416741897037435
15774,-0.2704168762478069
15775,-0.23154516521308371
15776,-0.22618684918095006
15777,-0.09076720701518709
15778,-0.10404865041464889
15779,0.13409876161402523
15780,-0.028838226774146603
15781,-0.11965007456876448
15782,0.11685612743498741
15783,0.1108221653246434
15784,0.046159601645167636
15785,0.13499191379941833
15786,-0.04292359766702303
15787,0.1529874562158422
15788,0.1505041576588665
15789,-0.0036683279101247246
15790,0.07425866514350887
15791,0.11670439730781357
15792,0.07984827187748555
15793,0.12379256750905321
15794,0.148482577372542
15795,0.015533372059535977
15796,0.10380093554026226
15797,0.026147163994885703
15798,0.03812980210444028
15799,0.018481546953151073
15800,-0.0473900659579195
15801,-0.06712393485928014
15802,-0.05828378313697852
15803,-0.02100727323134538
15804,-0.11853910121925765
15805,-0.14689944525655174
15806,-0.13683196974196066
15807,-0.12539405999236186
15808,-0.1066209647453576
15809,-0.09317329116538786
15810,-0.09798231818385084
15811,-0.10308742296050682
15812,-0.08570916172431353
15813,-0.060382247241048126
15814,-0.0684230734661253
15815,-0.0644089754035112
15816,-0.06672790263172262
15817,-0.0642695635130629
15818,-0.02305280554291611
15819,-0.03797489308096125
15820,-0.05072438009510599
15821,0.007513879899244569
15822,0.0024245990130389306
15823,-0.20062065256631584
15824,-0.2734341027342161
15825,-0.32679114935783227
15826,-0.3196036449035461
15827,-0.3312143533116573
15828,-0.2653209401922578
15829,-0.2684570126085314
15830,-0.20117337988793177
15831,-0.19536350512543565
15832,-0.1623953450268944
15833,-0.16062512928537598
15834,-0.11495277313000396
15835,-0.12825425348056774
15836,-0.12552558820093518
15837,-0.10493790556237165
15838,-0.1007901424204985
15839,-0.0672582690520418
15840,-0.09780370197507321
15841,-0.10018326298494518
15842,-0.08879757145753436
15843,-0.09145294352547478
15844,-0.08929874335885468
15845,-0.06420466419639109
15846,0.030308298382666687
15847,-0.016036351726627263
15848,-0.03208450549585179
15849,-0.06019104664554664
15850,-0.07061413817087869
15851,-0.12125292028782308
15852,-0.10482981637731592
15853,-0.1498242656697391
15854,-0.12625734197034133
15855,-0.10857620642011656
15856,-0.05762645859772969
15857,0.030901759658108374
15858,0.12477055686276317
15859,0.15464350392168857
15860,0.17924169115550692
15861,0.21541532003120156
15862,0.2460581286531558
15863,0.17187162989967264
15864,0.241110308530603
15865,0.2575405520665627
15866,0.19934706491457832
15867,0.17584044749090977
15868,0.2493838179534572
15869,0.17701747395171674
15870,0.17120582694165898
15871,0.027771144774957235
15872,0.025103413225764593
15873,-0.07524862937718668
15874,-0.19563152569714493
15875,-0.09449170186054767
15876,-0.07491898750915277
15877,-0.05698001115508278
15878,-0.0627262831823675
15879,-0.0371040596207336
15880,-0.02285546266370514
15881,0.255524719332069
15882,0.30200728115609166
15883,0.33549812639416743
15884,0.3264015983405363
15885,0.27443166206698266
15886,0.26985634968384475
15887,0.31936406609918355
15888,0.32234716042255784
15889,0.2658718914435999
15890,0.2781864319872056
15891,0.24955911091678595
15892,0.2806213277808407
15893,0.2597759583108431
15894,0.2615240879326185
15895,0.2189049453977352
15896,0.20355988074677123
15897,0.16902552013651218
15898,0.14987646036118896
15899,0.13502364902649577
15900,0.15125389191459893
15901,0.11343567762852191
15902,0.08067523976790902
15903,-0.06105288237019213
15904,0.011298762815894259
15905,-0.030562518249289627
15906,-0.05943766270063078
15907,-0.04890107122283699
15908,-0.04260494139685295
15909,0.007243947231737491
15910,0.007263739312690198
15911,0.025998083455007537
15912,0.04449666846317479
15913,-0.013084494582513873
15914,-0.07599915576435928
15915,-0.20435362815122887
15916,-0.2768289518009552
15917,-0.22189178500867113
15918,-0.18494598487925235
15919,-0.30527502632297304
15920,-0.3375000642665825
15921,-0.33650268496990715
15922,-0.3602299994223176
15923,-0.3289602561923199
15924,-0.32134661676278575
15925,-0.2897258139212187
15926,-0.2935012592418468
15927,-0.19942474410092892
15928,-0.2114986336644259
15929,-0.13929348381714396
15930,-0.015982354805522903
15931,-0.022249008855637353
15932,-0.03310530245039117
15933,-0.03327349482364983
15934,-0.047819300369286055
15935,-0.08049574380617808
15936,-0.09239541257665057
15937,-0.09625729802844063
15938,-0.09987652331210439
15939,-0.08897337617414447
15940,-0.03150748397235875
15941,0.03074832918187076
15942,0.10510166572458446
15943,0.011581449585553072
15944,0.011557642948591962
15945,-0.008750082916685387
15946,-0.01785955544272405
15947,-0.05818913861062702
15948,-0.09689592158990312
15949,-0.12265646354374843
15950,-0.16756456552827736
15951,-0.08987805433410323
15952,-0.06641501307018804
15953,-0.02545521969537834
15954,0.0002828001393431201
15955,0.015619112634402521
15956,0.04304229891672107
15957,0.05297833149803499
15958,0.031045731055845627
15959,0.06215492328041561
15960,0.06443039600697786
15961,-0.03714660793740909
15962,-0.19579580411590047
15963,0.06194398467208084
15964,0.14600786605917726
15965,0.030645836866122655
15966,-0.00397636629885334
15967,-0.02080433528644471
15968,-0.02830366205403473
15969,0.01032303819542657
15970,-0.2769268353797618
15971,-0.16667917567835216
15972,-0.2983608691111106
15973,-0.2951563143970793
15974,-0.259074592257176
15975,-0.16818329883861666
15976,-0.1628525886295138
15977,-0.28742326197783197
15978,-0.13098323191401806
15979,-0.2572082191098906
15980,-0.29321156818757715
15981,-0.19083088677599364
15982,-0.24123328255067839
15983,-0.1293511083733041
15984,-0.17591954675571203
15985,0.0460235248159786
15986,-0.26454540408448995
15987,-0.2845172014959182
15988,-0.2952342962716595
15989,-0.008572830455352398
15990,-0.25441881147336165
15991,-0.09088936456538843
15992,-0.09690672785160492
15993,-0.08183525953018317
15994,-0.08290472524946357
15995,0.015887246827157586
15996,-0.05825081972236468
15997,0.05003366520413943
15998,0.04490763100366979
15999,0.007007936786106117
16000,-0.020035500529387462
16001,0.002278859818059198
16002,0.008406834948367692
16003,0.015402040262976424
16004,0.018969471856599696
16005,0.05087901785925797
16006,0.06277436885715892
16007,0.0851601655365426
16008,0.1120575231650538
16009,0.10363895366430531
16010,0.09400958170997575
16011,0.08868579049661529
16012,0.022913808764957855
16013,-0.00398482899814584
16014,0.0371635371727832
16015,-0.11064239995077818
16016,-0.059159440454377765
16017,-0.1360911081238272
16018,-0.1846081236517177
16019,-0.20129865502579725
16020,-0.19011796818509286
16021,-0.09019047570002459
16022,-0.09643370089975878
16023,-0.10435685817950763
16024,-0.11454864698403655
16025,0.009572965713764203
16026,0.004573106354433865
16027,0.04562153518044143
16028,0.045960618460550995
16029,0.045960618460550995
16030,0.02232748542299401
16031,0.07004051864158889
16032,0.07025497710375717
16033,0.1001688734267423
16034,0.04651185539541702
16035,0.10010128568474586
16036,0.06450638280742838
16037,0.03680795928563074
16038,0.10608042275133112
16039,0.12894224031064438
16040,0.11239134606340229
16041,0.10474901483655574
16042,0.12229909110940496
16043,0.01342343147188707
16044,-0.0044867541853009785
16045,0.03660801817521331
16046,0.0990947419589
16047,0.145651075416263
16048,0.1326613854237072
16049,0.0736993371241288
16050,0.10159447118650122
16051,0.14379832163480155
16052,0.07006231063999091
16053,0.07660685958929536
16054,0.2162340882215814
16055,0.04041702791143509
16056,0.10730015649292579
16057,-0.14271318648920422
16058,-0.08647444881647354
16059,-0.17650605414822312
16060,-0.2314284662279324
16061,-0.22866109481097036
16062,-0.35645513700602505
16063,-0.3087174070433502
16064,-0.2968640157990079
16065,-0.10224606750536558
16066,-0.30313800826228143
16067,-0.07893864258163841
16068,0.015394019057409225
16069,-0.03434848636500287
16070,-0.012650479943152604
16071,0.0007345585659626064
16072,-0.1920212298459969
16073,-0.08144447767765178
16074,0.001741196604614692
16075,-0.06278798719176254
16076,0.04796690938812931
16077,-0.03087833762094655
16078,-0.01010604099004403
16079,-0.02064774934538205
16080,0.1556399231303105
16081,0.14006183373800984
16082,0.2514052117585479
16083,0.2509365197807025
16084,0.19267177099174393
16085,0.19429386659412873
16086,0.11874771973831355
16087,0.09970267098526775
16088,0.20146817889169488
16089,0.1602772711804581
16090,0.21935290381786998
16091,0.14213673247984615
16092,0.1334897390663986
16093,0.19830117306843031
16094,0.09905494619563882
16095,0.10361710774880051
16096,0.1562053587575165
16097,0.13001783616467555
16098,0.0692896945196233
16099,0.12113406629064527
16100,0.11814111216103973
16101,0.11692121116309995
16102,0.11806953591501634
16103,0.13436062173402186
16104,0.14853644676905708
16105,0.12397909597333334
16106,0.160435758995369
16107,0.07112578557514504
16108,0.13200767686054982
16109,0.24914341651899918
16110,0.25162590460151013
16111,0.07837019163271075
16112,0.07251444944891106
16113,0.04566724377627529
16114,0.0035515628506895824
16115,0.007293218793223755
16116,-0.016795907291896117
16117,-0.04020957804105746
16118,0.04503606277717542
16119,0.16259585738774618
16120,0.12634616647335184
16121,0.1190338977944767
16122,0.17329228566046528
16123,0.1606215759692693
16124,0.1692444763126867
16125,0.16910352529754968
16126,0.15280201514368907
16127,0.1930820184264348
16128,0.24180888415619894
16129,0.17175332011655142
16130,0.15362577139324496
16131,0.17648390050684815
16132,0.19573967587440821
16133,0.19393963720029173
16134,0.1761406629907406
16135,0.17433079205170388
16136,0.17935990592891726
16137,0.14056203167857062
16138,0.03723945194523681
16139,0.022878569600946363
16140,0.010669296616781176
16141,-0.0824714693902181
16142,0.00939501470351456
16143,0.015684839667617356
16144,-0.05984168697350467
16145,-0.1520258470434741
16146,-0.09456742166085386
16147,-0.09327797881707678
16148,-0.017637429840307917
16149,-0.02494576125935677
16150,0.010504790522080976
16151,-0.04635741759962997
16152,-0.01855837208806188
16153,-0.05627582695974248
16154,-0.16169058481091236
16155,-0.22136286414162332
16156,-0.17033937643602082
16157,-0.20785760314260365
16158,-0.19437537818594913
16159,-0.1840322259932362
16160,-0.08093082179979422
16161,-0.1531827809140961
16162,-0.07526891768817023
16163,0.1283612064568045
16164,-0.03074924971415427
16165,-0.039355963304407826
16166,-0.08942668965600092
16167,0.09063069934139611
16168,0.20654872179240102
16169,0.024722862899329567
16170,-0.13642685249899883
16171,0.04116015908992776
16172,0.08416660048082536
16173,0.16878525775600006
16174,0.07831767723857941
16175,0.18106807268336822
16176,0.10806850550885883
16177,0.1162798519489392
16178,0.14299567604106767
16179,0.08695863705981155
16180,0.11533368135956157
16181,0.12861351370161578
16182,0.03134862364084423
16183,0.014330246736361296
16184,0.0994230885982409
16185,0.0673384290347242
16186,0.04259785071988542
16187,-0.05290606262944503
16188,-0.009884151015206233
16189,-0.022929127889736223
16190,-0.025040211126295564
16191,0.03368371487157995
16192,0.06969092110693598
16193,0.043960504601957995
16194,0.04664290178973396
16195,0.006025724001136767
16196,0.061297452002815445
16197,0.03282790328903884
16198,-0.0008858740253903652
16199,-0.14800463452285928
16200,-0.09109675335312667
16201,0.07408699808914754
16202,0.023170611805597874
16203,0.029309734538602084
16204,0.04484059400929108
16205,0.13734164096558354
16206,0.20230949098916162
16207,0.1872362076931181
16208,0.18534775079593102
16209,0.17416623565880018
16210,0.12439633766618952
16211,0.11512515097984533
16212,0.11037462912042773
16213,0.10047119806085136
16214,-0.053900004781115285
16215,0.17890577228021043
16216,0.15925393652576048
16217,0.1925410891605306
16218,0.18769649162276425
16219,0.17267481371981042
16220,0.17457737254777128
16221,0.1831611723374581
16222,0.1679814530092627
16223,0.1897595494275789
16224,0.17361323185039068
16225,0.19411307099471453
16226,0.20099132136604225
16227,0.24083737237526037
16228,0.21122971405857394
16229,0.2094922521928233
16230,0.22642763297137702
16231,0.2264197605176571
16232,0.2147335007990524
16233,0.21988508479337043
16234,0.08751648992192629
16235,0.08373557280177857
16236,0.05716302618149305
16237,-0.02529130053983597
16238,0.030637172481485564
16239,-0.03888559883926873
16240,-0.09479153179974054
16241,-0.19838680610161713
16242,-0.2012088794612361
16243,-0.18886568114397578
16244,-0.15912328467584064
16245,-0.15341631720749682
16246,-0.18111885048852322
16247,-0.20639537379929845
16248,-0.23991153816073468
16249,-0.27036565969167836
16250,-0.307563198152415
16251,-0.2820615585857963
16252,-0.24528713796310941
16253,-0.2071643448298916
16254,-0.21663800041427883
16255,-0.1915681093912887
16256,-0.23223447596359226
16257,0.0009057071043818699
16258,0.09530235565735923
16259,0.1453100891916892
16260,0.16574800844233917
16261,0.13122520725292475
16262,0.12209475443658013
16263,0.21316254452139538
16264,0.161401495996931
16265,0.24325760839888522
16266,0.23771560750391896
16267,0.22367020229833812
16268,0.21139819882615452
16269,0.21692810189267608
16270,0.21025985738236752
16271,0.23173674863971994
16272,0.25610126129504984
16273,0.26295193072468914
16274,0.2307802892402807
16275,0.16501059413279107
16276,0.23488741062179286
16277,0.2247432693093312
16278,0.15004802564723652
16279,0.1690689433528637
16280,0.10661550991676694
16281,0.13022854776145998
16282,0.09677492005818922
16283,0.0410342121114734
16284,0.04582823876985764
16285,0.05696555008982718
16286,0.0516297167059071
16287,0.06245929590043342
16288,0.03489324671384131
16289,-0.05232880633629644
16290,-0.0372973313362433
16291,-0.03396784659096469
16292,0.0264114450258639
16293,0.052962650539360334
16294,0.09234602826449301
16295,-0.11218407207596515
16296,-0.11675520619352492
16297,0.12135412131729173
16298,0.07901677022862486
16299,-0.06329679537945337
16300,0.07818454763024474
16301,0.1037098279572558
16302,0.06438511221773235
16303,0.10536942988672404
16304,0.16430182714639363
16305,0.11068760704726266
16306,0.13532837223251037
16307,0.08135080642993009
16308,0.0708713600581754
16309,0.09105009474688519
16310,-0.12560033651880176
16311,0.06526080632639153
16312,0.12782794947415654
16313,0.19472401187364707
16314,0.06191732969024277
16315,0.12263383994109289
16316,0.18130130702119307
16317,0.13116130677272042
16318,0.1725804983400716
16319,0.162163686806288
16320,0.1324965080300049
16321,0.1108054520946149
16322,0.1402376527366731
16323,0.23217256107705464
16324,0.2115221864776643
16325,0.2465395919364124
16326,0.26103481014114616
16327,0.25510360732640736
16328,0.24296835567034547
16329,0.12779221645165983
16330,0.12064444338595026
16331,0.10687746680126642
16332,0.05384039801672236
16333,-0.02530228234145432
16334,0.02887613035174552
16335,0.09291861587417038
16336,0.051916954936611304
16337,0.04567746814080542
16338,0.10342153094070627
16339,0.08256756839809776
16340,0.11824781273253104
16341,0.07857568309175478
16342,0.057355253692278785
16343,0.15426218649738332
16344,0.15073248952860951
16345,0.0833676753719148
16346,0.030877643753360773
16347,0.07362314051485919
16348,0.1200853940493759
16349,0.1116983270068328
16350,0.05765879357877812
16351,-0.012014979699060846
16352,0.09380229306297505
16353,0.3042106478664184
16354,0.2984766853680273
16355,0.34070671753758286
16356,0.33734973408942626
16357,0.191962320166833
16358,0.17254728937106878
16359,0.08397639788305811
16360,0.09088194679466577
16361,0.21214602799492188
16362,0.23912933563874916
16363,0.017559217809471006
16364,-0.03083557273307147
16365,0.1441313882844859
16366,0.149352976892261
16367,0.2753831951650466
16368,0.30215867949853004
16369,0.3110470802784959
16370,0.32390065140429325
16371,0.2930049709104694
16372,0.24270704166127888
16373,0.27285812694074774
16374,0.20284210543048187
16375,0.20886916390851062
16376,0.18172733792911333
16377,0.14899273101546906
16378,0.04924515176834321
16379,0.04926836623566966
16380,-0.003955729538088093
16381,-0.010282638504363395
16382,-0.08799229089923166
16383,-0.09593534942684362
16384,-0.08329485680269111
16385,-0.07154272657742133
16386,-0.1002281556728607
16387,-0.12778937690119924
16388,-0.09769401953234019
16389,-0.09452484030569341
16390,-0.08201430388858633
16391,-0.11582943183683325
16392,0.034949978221720746
16393,0.07315886275761507
16394,-8.042273161368296e-05
16395,-0.03714497583807069
16396,-0.020488584839011836
16397,0.002666756103227419
16398,0.05298308655213302
16399,0.04641601216004165
16400,-0.03756382100584138
16401,-0.14525197556157687
16402,-0.14031528734296062
16403,-0.11198671460622511
16404,0.008672122352698652
16405,0.04291745412891945
16406,-0.11185472239559346
16407,-0.014471635825179407
16408,-0.014304027477636816
16409,0.06386887934807906
16410,0.05800561132836557
16411,0.027306653274438597
16412,0.1078173205700016
16413,0.11608498547089496
16414,0.0990542252036497
16415,0.10477217374015657
16416,0.13790289668960476
16417,0.2062463863048195
16418,0.26217527160063436
16419,0.2576743296675461
16420,0.21263592255377284
16421,0.0802001395105677
16422,0.09501846911778233
16423,0.11954967056209842
16424,0.14612483666715181
16425,0.17489386764335602
16426,0.02114142996266566
16427,-0.007010920343787308
16428,-0.09014858521829189
16429,-0.12873335770262795
16430,-0.0779952301641682
16431,-0.09132714598283886
16432,-0.13048483110077452
16433,-0.20105327645986026
16434,-0.21815840466745595
16435,-0.17809452324272446
16436,-0.13061622903924508
16437,-0.07129019919493579
16438,-0.022326383119167847
16439,-0.020602749385146002
16440,0.013213203005843499
16441,-0.05170888305386068
16442,-0.08954905832037757
16443,-0.13579385129639093
16444,-0.16709813523057387
16445,-0.15913701503654326
16446,-0.18915387747769602
16447,-0.17212871216799125
16448,-0.2532840753668263
16449,-0.23771315662288467
16450,-0.2736189600257335
16451,-0.24800244171328711
16452,-0.045949221779373495
16453,0.07064186309107479
16454,-0.07969241091361223
16455,0.22559840368772455
16456,0.2469038030193651
16457,0.2466974068579122
16458,0.2270739398276651
16459,0.2326437491633756
16460,0.18465045378150535
16461,0.2248947599443175
16462,0.22074643651413517
16463,0.23788150060447388
16464,0.23322995498155874
16465,0.22439782872602065
16466,0.2403399494800238
16467,0.19175366087844592
16468,0.1752571736617894
16469,0.19175306873324283
16470,0.151087344195858
16471,0.16159438784627322
16472,0.17380795809331584
16473,0.1709546647183009
16474,0.1644017301116557
16475,0.1256958674166737
16476,-0.020946432048620955
16477,0.007108933311369414
16478,0.0035478383859179896
16479,0.030249106376176393
16480,0.011047184998215553
16481,0.01026739103600638
16482,-0.05466201278346611
16483,-0.04760768379149172
16484,-0.04672192416978527
16485,-0.04887992825701959
16486,-0.05564527097941657
16487,-0.06424253796597607
16488,-0.03655359445769574
16489,-0.008150609693580002
16490,0.005484257967781181
16491,0.009991886999893618
16492,0.03997011290487085
16493,0.07762116142813669
16494,0.10691133498285743
16495,-0.038982731507841595
16496,-0.04427228677938677
16497,-0.08857609093227864
16498,-0.0642870289558376
16499,-0.006570152130267459
16500,0.06045113069637653
16501,0.1080108206531506
16502,0.13899548285152163
16503,0.22019669035112255
16504,0.2104400985177597
16505,0.13592353864060402
16506,0.18433876965281337
16507,0.09876589769658128
16508,0.1688597739690305
16509,0.20264609201762462
16510,0.2090989679364781
16511,0.20006768175952905
16512,0.19153614327207513
16513,0.14451325312067276
16514,0.20331220004879724
16515,0.24161153422136072
16516,0.22296192499506984
16517,0.22867149770147244
16518,0.2250431490131538
16519,0.17852266159891816
16520,0.18432373645582312
16521,0.14039670611376542
16522,0.11556571133246663
16523,0.09668514072413437
16524,0.0517979691211945
16525,-0.08582402903065045
16526,-0.08637616588974595
16527,-0.1011635980504087
16528,-0.13599501582058487
16529,-0.08892190919483517
16530,-0.09129948791801201
16531,0.004093463214487114
16532,0.013168995435370312
16533,0.04659410020964039
16534,0.13349632371662368
16535,0.1680946200068807
16536,0.2244530507573912
16537,0.2706822766881226
16538,0.26072474830158143
16539,0.29153566497915306
16540,0.297926272788538
16541,0.24293197883499096
16542,0.1052742220020979
16543,0.19162198363437277
16544,0.09212323643921383
16545,0.15941202415342481
16546,0.09480933773798383
16547,0.14390379952033294
16548,0.33881628941540887
16549,0.2567467525712508
16550,0.3432174226011673
16551,0.324382248083259
16552,0.36054350951273073
16553,0.3598482693929663
16554,0.30386140116717153
16555,0.14489173069761407
16556,0.0712872092946284
16557,0.2122227905137556
16558,0.21827848073711276
16559,0.19600451710651723
16560,0.13069595053230187
16561,0.183688679467919
16562,0.20172252284391246
16563,0.14643739630862695
16564,0.11616812773111884
16565,0.08137630279150887
16566,0.13207212371769395
16567,0.16863441424073522
16568,0.17512625061951914
16569,0.20989646810559293
16570,0.16778545563694047
16571,0.18824513536716292
16572,0.14172028814268456
16573,0.10665320427471825
16574,0.16384134692612018
16575,0.013925679061534524
16576,0.03958788520607126
16577,0.05060079016326269
16578,0.03622177026739071
16579,0.0017571666384031959
16580,-0.007973059349841993
16581,-0.03153913322652191
16582,0.0007859833483027101
16583,0.02143754911524609
16584,0.0014939609030000245
16585,0.0037921912198438656
16586,-0.05127818088864283
16587,-0.07684294252740081
16588,-0.06903440893035578
16589,-0.04555736959184653
16590,-0.03233756638930191
16591,0.02412422124941971
16592,0.00710835407962962
16593,-0.20459637882491266
16594,-0.22212915575709818
16595,-0.18951588170233957
16596,-0.1331431338672206
16597,-0.10760527199230807
16598,-0.19244267463475684
16599,0.018498195941334172
16600,-0.15784226911970672
16601,0.07675535117373544
16602,0.009255433340016994
16603,-0.06705508114245384
16604,0.11986389058855584
16605,-0.03475071996617479
16606,0.0924358352571959
16607,-0.02235243628033351
16608,0.15162029753418438
16609,0.11705337070390998
16610,0.15465649007612303
16611,0.2094751112570088
16612,-0.022060199086960997
16613,0.16152154505728977
16614,0.17841791839813625
16615,0.17859099401959555
16616,0.14992153279724652
16617,0.17372592077762405
16618,0.13253093765429258
16619,0.061398533329413474
16620,0.11745074734526761
16621,-0.028619208294544674
16622,0.09822302862230536
16623,0.08424150810924824
16624,0.05385992654560745
16625,0.14953570905939395
16626,0.18829474226977716
16627,0.1769612502394502
16628,0.18678690143868026
16629,0.2013289908998308
16630,0.2060893579142803
16631,0.19106532975770585
16632,0.055222692593913436
16633,-0.14691923942764185
16634,-0.18510047600405372
16635,-0.10354249877535604
16636,-0.16598603453364313
16637,-0.1640103545542207
16638,-0.34396352773480754
16639,-0.3765070637989593
16640,-0.2550477899532677
16641,-0.21307230186404247
16642,-0.31631989633075835
16643,-0.1403108609019062
16644,-0.28633251672442067
16645,-0.28890444205386767
16646,-0.2831919712443892
16647,-0.296803959618468
16648,-0.182318274667925
16649,-0.17661880311551675
16650,-0.09849460816783584
16651,-0.24495983485492473
16652,-0.17339870192300044
16653,-0.14856641048558938
16654,-0.04221932120237576
16655,-0.0615398307932315
16656,-0.04201242091996871
16657,-0.030943107220097743
16658,-0.11824797990191577
16659,-0.06940416113985892
16660,-0.12026201794798397
16661,-0.14677673631766747
16662,-0.15728658359707287
16663,-0.07911568270791403
16664,-0.03406612429314204
16665,0.007160125375478055
16666,-0.05077033790833496
16667,-0.06523272165200272
16668,-0.04208824091156388
16669,-0.029055336146753485
16670,-0.10414111293494649
16671,-0.05743538414772936
16672,-0.09024970210532562
16673,-0.06709796556468717
16674,-0.08068687842332861
16675,-0.03510872284542382
16676,0.0643369746553345
16677,0.10916586865884548
16678,0.13249505643360915
16679,0.1309503579170085
16680,0.15274037259492357
16681,0.13114337988605151
16682,0.10757217780302919
16683,-0.0022483356609123706
16684,0.06228569653873328
16685,0.12649073162716906
16686,0.21457131857904632
16687,0.026490341081422675
16688,0.09421259359018885
16689,0.016992432063975826
16690,0.016442214892205653
16691,0.04284305406982558
16692,0.08296397618541462
16693,0.10893467967015757
16694,0.0033943581611488582
16695,0.08651437463120104
16696,0.10603301667521559
16697,0.11568765520346047
16698,0.0548043550621512
16699,0.13666623382345633
16700,0.021568226278360414
16701,0.11448263091460753
16702,0.1379584988147624
16703,0.10714685890022957
16704,0.14916778845485157
16705,0.021851072752106626
16706,0.17643100721102845
16707,0.17309158413109738
16708,0.1773278849184654
16709,0.16654103182672553
16710,0.1950708614369112
16711,0.16585894873261076
16712,0.18418899809191758
16713,0.2368462321832765
16714,0.24901402956826513
16715,0.10708081238105438
16716,0.2013977269305378
16717,0.26222310381288383
16718,0.09254845160947078
16719,0.211426618643052
16720,0.1569514848548238
16721,0.20190543349174161
16722,0.19861411726677347
16723,0.10974843750665697
16724,0.18362085265039774
16725,0.002460844119231309
16726,0.01970805091079364
16727,-0.08146121813707496
16728,-0.1103686472090542
16729,-0.0326899386778261
16730,-0.07454391396051252
16731,-0.02954845204261458
16732,-0.07994523832317346
16733,-0.16768853760654479
16734,-0.10425174680341653
16735,-0.03725365432188266
16736,0.059617325529680354
16737,0.003877260963674467
16738,0.060334944570518245
16739,0.03347578252025318
16740,0.1274318925250293
16741,-0.11894562292439115
16742,-0.13551961037309318
16743,0.0011769018363281258
16744,-0.1518255949705905
16745,-0.15138658152643736
16746,-0.009648984149222994
16747,-0.14595458732681965
16748,0.043746707927938
16749,0.060590422244968134
16750,-0.014780391393701742
16751,0.043246937193793245
16752,0.03884184121453638
16753,0.14999255750559826
16754,0.07599152183263536
16755,0.26275196569066184
16756,0.18977371332266935
16757,0.15549188118852675
16758,0.1806604046089223
16759,0.17179550879435623
16760,0.0775100592972996
16761,0.1611378661435039
16762,0.21455197356667166
16763,0.12788938251079607
16764,0.15575026874629772
16765,0.1771288465792381
16766,0.16389616823158137
16767,0.16577545505336755
16768,0.1510253806960401
16769,0.14224774033734444
16770,0.1003204692910804
16771,0.10005735222397516
16772,0.10256388948481643
16773,0.19630118473902547
16774,0.21327602060659967
16775,0.17820723565778107
16776,0.1382193773587833
16777,0.14080388848255931
16778,0.09315750751882157
16779,0.05306097626482664
16780,0.08323274269798664
16781,0.13206563963772455
16782,0.17911900272044612
16783,0.11755031457815535
16784,0.14063404496061005
16785,0.10716641878604793
16786,0.12199191442195989
16787,0.08840533041870191
16788,0.12089413745978839
16789,0.09681616817177519
16790,0.117811719263619
16791,0.13557149618023945
16792,0.15235308541547632
16793,0.1918979050381152
16794,0.18716404338329262
16795,0.16765225027316022
16796,0.16973867713059154
16797,0.16262412703403062
16798,0.14423729490220383
16799,0.0970631453525942
16800,0.1046132941855793
16801,0.13145031639087112
16802,0.09857406749709063
16803,0.06768900258231303
16804,0.04218909480233268
16805,0.07287677837237472
16806,0.09408518923801001
16807,0.11587937906657797
16808,0.10269676327399857
16809,0.05389021621160106
16810,-0.0307335694312193
16811,-0.012394710643317819
16812,-0.09174887531238501
16813,-0.1232658008807555
16814,-0.08051143248414983
16815,-0.16881674962518
16816,-0.2025939637076229
16817,-0.24423247075682275
16818,-0.285936461763017
16819,-0.24806391942744876
16820,-0.17390232024735736
16821,-0.15868114949417084
16822,-0.2258973662730498
16823,-0.2630542243820747
16824,-0.2726842184170885
16825,-0.3233991698081259
16826,-0.3264122463644921
16827,-0.3033163384408414
16828,-0.30406917457670535
16829,-0.2822590921693412
16830,-0.2619637509867151
16831,-0.24655613749046756
16832,-0.26142646486395893
16833,-0.15116222778165544
16834,-0.19112154648813917
16835,0.045787457877453974
16836,0.1830943969267056
16837,0.13368956180369052
16838,0.1015308832496934
16839,0.11474961171121323
16840,0.21343997021175642
16841,0.07907237643598641
16842,0.15048434085220586
16843,0.05043688645701361
16844,0.16623263168817315
16845,0.06651265286800812
16846,0.07638508251643328
16847,0.09133273720404966
16848,0.12204584775889216
16849,0.1267343073351359
16850,0.18388510390621882
16851,0.14764124749562868
16852,0.13994715073597908
16853,0.12565363732864276
16854,0.16367108015599374
16855,0.1694854358512221
16856,0.0780848324650143
16857,0.02484841678579508
16858,-0.02729915743062189
16859,-0.12119309347959945
16860,-0.08465796036542839
16861,-0.07307214737690099
16862,-0.07542811608747996
16863,-0.06936703141373213
16864,-0.05457886004194101
16865,-0.02284572123852069
16866,0.02566505714617784
16867,-0.015055465883833274
16868,0.021364388566014192
16869,0.07690675242813838
16870,0.07669170132020686
16871,0.1415328612636324
16872,0.1778183561002733
16873,0.14927950944482227
16874,0.10246587669322405
16875,0.03845469393029821
16876,-0.07571356142430491
16877,-0.035432043709548444
16878,0.016761986215819702
16879,-0.18862797350254634
16880,-0.2522838977454257
16881,-0.2200955436315542
16882,-0.2337264428642788
16883,-0.18255996094587235
16884,-0.1701323382060414
16885,-0.12378132573670408
16886,-0.12884725353400234
16887,-0.04762802004386302
16888,-0.047787636301965475
16889,0.044508195483427215
16890,0.10597600179049904
16891,0.070531467721071
16892,0.09085898583061014
16893,0.11648454575093825
16894,0.11803092941005733
16895,0.1238652730896368
16896,0.1395311347783892
16897,0.1435604654810243
16898,0.1515089239442
16899,0.14312248651505732
16900,0.18168054434228498
16901,0.23423221167747954
16902,0.26578155358223665
16903,0.23226357117111718
16904,0.20165702928934537
16905,0.1588393444265368
16906,-0.008426821601276502
16907,0.007524536266739434
16908,0.018293412803660147
16909,-0.03727287655131423
16910,-0.013363728588473234
16911,-0.10531548229269677
16912,-0.09249061305422612
16913,-0.07768630788275832
16914,0.0022782660796727416
16915,0.0775376108980792
16916,0.06925132066415896
16917,0.052788399740380076
16918,-0.058735011585626995
16919,-0.0715329175415812
16920,-0.1422549880918192
16921,-0.1797474122013571
16922,-0.22281343646220186
16923,-0.262886771855786
16924,-0.29523993826767836
16925,-0.30070930094126663
16926,-0.3170000033297316
16927,-0.3271036678903277
16928,-0.3262779725516025
16929,-0.33089994414997015
16930,-0.28383691801353966
16931,-0.2708189523465755
16932,-0.2202090618229836
16933,-0.1832013478180911
16934,-0.2590007112777748
16935,-0.23189832038320946
16936,-0.09291416276625569
16937,-0.021276421460248496
16938,0.0036106888244374913
16939,0.011485766961126131
16940,0.0046402376567440395
16941,-0.037013454574643334
16942,-0.00861221098011633
16943,0.004115926121176949
16944,0.006492783598324725
16945,0.0037721469903357896
16946,-0.067674285846204
16947,-0.0654912224928127
16948,-0.07052060996557508
16949,-0.034835254753585954
16950,-0.03329179138411342
16951,-0.11664705913025991
16952,-0.12806376436202127
16953,-0.12726361280041737
16954,-0.11346383721711345
16955,-0.16742779922071288
16956,-0.16319409273554025
16957,-0.14492000363972146
16958,-0.09455807159386209
16959,-0.16213316746012807
16960,-0.16487032499323068
16961,-0.1416127984577808
16962,-0.11658587617994232
16963,-0.0549970932411582
16964,-0.01087010610611483
16965,0.04576685118032475
16966,0.08081714085523795
16967,0.0973615263684453
16968,0.11855742181547024
16969,0.11755973565950895
16970,0.07436955295639824
16971,-0.021504957769207134
16972,-0.17993379714510888
16973,-0.2149913270339855
16974,-0.18325276383374312
16975,-0.301173946783541
16976,-0.2563463718846158
16977,-0.2367423201506661
16978,-0.23523139400696202
16979,-0.15188742865493443
16980,-0.1302305663798547
16981,-0.0779793859329726
16982,-0.13669736192723314
16983,-0.067655808569478
16984,0.05825730118787453
16985,0.11970385879237155
16986,0.13699957725695222
16987,0.1073385771937948
16988,0.0977828146582107
16989,0.11624373047889891
16990,0.1833732177031664
16991,0.19339029981200706
16992,0.19160901234111027
16993,0.17970568215864646
16994,0.15851549095724637
16995,0.18064708857982414
16996,0.18693485986587532
16997,0.208987228739558
16998,0.2010784232234325
16999,0.1837818331390254
17000,0.04218995330548847
17001,-0.01177241329224421
17002,-0.16803106993031758
17003,-0.1334940080408168
17004,-0.09679184797969026
17005,-0.16872828956705488
17006,-0.09045538150603427
17007,-0.162225913638314
17008,-0.16775681397344344
17009,-0.06110125652397702
17010,0.007301788621753569
17011,0.13058485683015086
17012,0.17748477901367843
17013,0.12791628460794713
17014,0.05179956868395874
17015,-0.09133859830140734
17016,-0.0778107151595484
17017,-0.12289426407139381
17018,-0.1882187424510885
17019,-0.2383796656194132
17020,-0.2715166869461193
17021,-0.3089839797636624
17022,-0.31726841814838025
17023,-0.316623905516117
17024,-0.31889938622989494
17025,-0.3087074012783536
17026,-0.2274601856679156
17027,-0.21577701306479208
17028,-0.128436085100131
17029,-0.07249299679439714
17030,-0.11548995544325691
17031,0.008395687965016996
17032,0.14785627581067184
17033,0.16738566700190494
17034,0.040309622136944334
17035,-0.03116730149025715
17036,0.08357953415446062
17037,0.05734300129498138
17038,0.11792606453815446
17039,0.11977465771223905
17040,0.09539289690003838
17041,0.03838202098198651
17042,0.10808934017147775
17043,0.1003636207083104
17044,0.10817629111654792
17045,0.1232663340379605
17046,0.16345331410629416
17047,0.14698197774403676
17048,0.16999665313612855
17049,0.17116526242054664
17050,0.1512783336988598
17051,0.025587679268386343
17052,0.015994663888079685
17053,-0.04342140797632277
17054,-0.03050273154043437
17055,-0.11109331080454032
17056,-0.05495011293826907
17057,-0.010671316015644527
17058,-0.029140272572591386
17059,-0.05306249048247996
17060,0.02654907757224767
17061,0.039023702434455965
17062,0.02106358116878493
17063,0.025296713130659287
17064,0.03839089598966572
17065,0.06897488239902538
17066,0.03612573900891858
17067,0.03637173477639477
17068,-0.004884773530474118
17069,-0.06731653128123172
17070,-0.017116460608829154
17071,-0.10466793460768753
17072,-0.14217305021319965
17073,-0.13501179410349445
17074,-0.07871749151632096
17075,-0.011716117330921427
17076,0.0008019510758774384
17077,-0.00923172546209805
17078,0.015424972614968557
17079,0.04656677291343603
17080,0.07588820051570289
17081,0.104399245965902
17082,0.24454927111820157
17083,0.23881076965423964
17084,0.2433082037521418
17085,0.2046479938643897
17086,0.2590570645816259
17087,0.2123971152709172
17088,0.2168296830568447
17089,0.2053201030997338
17090,0.18901480332751208
17091,0.16230599519012456
17092,0.18136785415082268
17093,0.16794176565282382
17094,0.17729813505051373
17095,0.18192920269324386
17096,0.1619291166172192
17097,0.13363810147352295
17098,0.041026765524561526
17099,0.05347359436291188
17100,-0.013268640052748193
17101,-0.02005898985337201
17102,-0.0745688694878372
17103,-0.0784923081954485
17104,-0.047579207417115854
17105,-0.1656124819320094
17106,-0.12770912845956633
17107,-0.04361388064775784
17108,0.03556571828302024
17109,0.010528185700166892
17110,-0.04839979069909717
17111,-0.03698620067657482
17112,-0.044711938487783986
17113,-0.021413504072603007
17114,0.011355178483174466
17115,-0.022456212463698055
17116,-0.050230588035817036
17117,-0.12103876673288849
17118,-0.10667976285768521
17119,-0.22589040176232977
17120,-0.25306867199346117
17121,-0.19324194483908164
17122,-0.2102370758671538
17123,0.03762259972308368
17124,0.11155589245399566
17125,0.19222839483380794
17126,0.07076514885185614
17127,0.1881575745245515
17128,0.2441652482956781
17129,0.2468437362290241
17130,0.23002323654251566
17131,0.23742701141137945
17132,0.21605650821274702
17133,0.22657832462421124
17134,0.2001628930257071
17135,0.13916230485107461
17136,0.18527485228405138
17137,0.1968239815536892
17138,0.21322879439830988
17139,0.2041779754383961
17140,0.18554240060763616
17141,0.15634677312604617
17142,0.1805003748673195
17143,0.0677394819095618
17144,0.12351547618997072
17145,0.11721617802525741
17146,0.0793193368086994
17147,0.0723090307740748
17148,0.010087475846687122
17149,-0.09041608224074726
17150,-0.09221337134033131
17151,-0.02658017470546259
17152,0.07858019297434038
17153,0.12945615703876046
17154,0.11339050850567534
17155,0.10665136054362112
17156,0.06347025888836433
17157,-0.02338303416189874
17158,-0.02863289485071957
17159,-0.005608905257508012
17160,0.0166391464647071
17161,0.040510460332051745
17162,0.018598888258932522
17163,0.02312469377490034
17164,-0.014963551270202657
17165,0.04191580570646691
17166,0.05972364832147137
17167,0.04658013129234029
17168,0.01525175170430848
17169,-0.07227840221013448
17170,-0.16079838475299996
17171,-0.07589476982432358
17172,-0.01300062718001066
17173,0.040722915608115695
17174,0.032378669777150426
17175,-0.0070791130113461165
17176,0.04228001397623404
17177,-0.015751333561756453
17178,-0.08947109834005662
17179,-0.0818532385337723
17180,-0.06951327557153936
17181,-0.037933172469929055
17182,-0.03462588868281358
17183,-0.045361573168824054
17184,-0.05989059692163484
17185,0.008004805419031258
17186,0.04140450299085774
17187,-0.038314119350384146
17188,-0.05078958901621383
17189,-0.03797555963648758
17190,-0.023472014740120062
17191,-0.03508332008860615
17192,-0.014731059125867585
17193,0.02801521196346657
17194,-0.040005768015713816
17195,-0.04699566283790596
17196,-0.09971579469952463
17197,-0.15940809513249754
17198,-0.0996001384854891
17199,-0.07675587560652175
17200,-0.14418695095367406
17201,-0.25782882273269336
17202,-0.2523355903108489
17203,-0.18175637769067965
17204,-0.10676412801628393
17205,-0.07558707936518161
17206,-0.17481551875344448
17207,-0.2135147631956622
17208,-0.19573509703360542
17209,-0.16125928510548587
17210,-0.11461010264247184
17211,-0.2905960345600369
17212,-0.2793521194933154
17213,-0.3308233963612309
17214,-0.3064610313851326
17215,-0.2981571118515983
17216,-0.35650551589099516
17217,-0.2840964952469395
17218,-0.28225929145349116
17219,-0.1922830136498352
17220,-0.19595924115138202
17221,-0.17641184674327354
17222,-0.11788168310212238
17223,-0.0998096255050881
17224,-0.08068561644071987
17225,-0.012086111214886341
17226,-0.19610924492857335
17227,-0.15408826550548932
17228,-0.17270532849742248
17229,-0.07726266680466232
17230,-0.0868881893105854
17231,-0.03488680093365615
17232,-0.1084686464804776
17233,-0.09295726958702738
17234,-0.11899800966379048
17235,-0.09171278918070624
17236,-0.1195772225520969
17237,-0.11648721031914644
17238,-0.12351284414571223
17239,-0.19593672443074628
17240,-0.19668286490323234
17241,-0.19442447503083055
17242,-0.20005343257048291
17243,-0.22060368655358714
17244,-0.26581584278630754
17245,-0.2047126077678541
17246,-0.1813587008353862
17247,-0.10112229654013333
17248,-0.10030874909232723
17249,-0.10259319020552354
17250,-0.09335384719148587
17251,-0.04447687056197286
17252,-0.00913201343016129
17253,0.03153836982794256
17254,0.07602642964115525
17255,0.1035882223826905
17256,0.10390735405418272
17257,0.11633788614048624
17258,0.14493921682428978
17259,0.17411214609833503
17260,0.1836811443611247
17261,0.23130851661101803
17262,0.24829621464285467
17263,0.23248975965939656
17264,0.1726149496579198
17265,0.15195800241733193
17266,0.16019568666160278
17267,0.15014734028452525
17268,0.1799369652813676
17269,0.26117281850197627
17270,0.13572503978735928
17271,0.16643617225966667
17272,0.18005965866263351
17273,0.18643522636079501
17274,0.15403491168158867
17275,0.18847081306823554
17276,0.1531937209457378
17277,0.16063332995869029
17278,0.19268338352080128
17279,0.1962765785123345
17280,0.21413838442579836
17281,0.19249305115713455
17282,0.21088020639708493
17283,0.19117257648303054
17284,0.2050670370197073
17285,0.19199271506101145
17286,0.20432973238327246
17287,0.19018413077149687
17288,0.1831367869258903
17289,0.16299153661922483
17290,0.10490880572777805
17291,-0.01795895217406801
17292,-0.0429743012203182
17293,-0.01943496305355208
17294,0.057323637978095476
17295,0.06560387798505274
17296,0.005495083749190721
17297,-0.14375948851789888
17298,-0.054418812998381416
17299,-0.0844611460506039
17300,-0.028794548473092096
17301,-0.03348454839876441
17302,-0.0824143928164956
17303,-0.10011206410992213
17304,-0.10066318153302911
17305,-0.21586584498064204
17306,-0.24623372190748116
17307,-0.2542864747718908
17308,-0.2176129178217291
17309,-0.1952212416510981
17310,-0.24119073057427232
17311,-0.2525528633022273
17312,-0.2555654652129681
17313,-0.28245246854683714
17314,-0.2815518273158841
17315,-0.17355138950453197
17316,-0.2580882907860421
17317,-0.18559449086641
17318,-0.19280619351447603
17319,-0.20226768520067717
17320,-0.08498137929358418
17321,-0.034859578714991346
17322,-0.13214783720749257
17323,0.007268104089876326
17324,0.0770217636116356
17325,0.02582834502016529
17326,0.15894961416914688
17327,0.14986402323678905
17328,0.16940060443870453
17329,0.14183635441449705
17330,0.15916498125466527
17331,0.12253890866840766
17332,0.12487823788815944
17333,0.11209136136953013
17334,0.13700182315834253
17335,0.1697962159659412
17336,0.16664117465163775
17337,0.11006683686987762
17338,0.06401098462571153
17339,0.12004415655511258
17340,0.09696558644915698
17341,0.1517608497608406
17342,0.08159538797938692
17343,0.010696760858808552
17344,0.017565763493813558
17345,0.03626829412434529
17346,-0.01566427838133172
17347,-0.014350745687243094
17348,0.008777625198813532
17349,0.0037359410822440653
17350,-0.07832971787867332
17351,-0.12698556756992546
17352,-0.13227684496956738
17353,-0.12538103875081275
17354,-0.16976987428978346
17355,-0.19478832481617386
17356,-0.2406717734140718
17357,-0.21496800885936407
17358,-0.17048239241744406
17359,-0.14410116404239676
17360,-0.18946436725130755
17361,-0.3093883625360185
17362,-0.2922705988040369
17363,-0.2855322407172616
17364,-0.2362387819652198
17365,-0.06158369260494201
17366,-0.03971014908807674
17367,0.03651781471804294
17368,0.10194781605592174
17369,0.12603620128222248
17370,-0.01709807471430641
17371,-0.015804939662737105
17372,-0.11467031055022653
17373,-0.1419078873678778
17374,-0.06008139821665576
17375,0.060888627178131816
17376,0.24208880126020882
17377,0.1975287572144404
17378,0.23754006464983068
17379,0.1822139779445855
17380,0.15495383083302539
17381,0.16785657636705742
17382,0.23277585999807882
17383,0.23166624877535447
17384,-0.09271171882235779
17385,0.15226682284511805
17386,0.16954088318861615
17387,0.1701092243059219
17388,0.1908382601323667
17389,0.2292849730304074
17390,0.15652224942365134
17391,0.17799387150130208
17392,0.1922860718331555
17393,0.26161917226768083
17394,0.2219826688621892
17395,0.2337943569801748
17396,0.2942659115431745
17397,0.21844635307218796
17398,0.2801700269427553
17399,0.23151564417462733
17400,0.21350548582693774
17401,0.0697876054616754
17402,0.2033613511580794
17403,0.2430885987067961
17404,0.2707455092315293
17405,0.178240717109875
17406,0.3000618488459159
17407,0.3138164853090887
17408,0.20470396007101432
17409,0.18626881742650314
17410,0.12452394410828582
17411,0.16912037181523998
17412,0.16927224522382933
17413,0.225305169074286
17414,0.240480107790506
17415,0.1359210618013761
17416,0.08039009038482403
17417,0.06886046063381546
17418,0.07229338203076385
17419,0.262921480380618
17420,0.299276787891692
17421,0.3442205576938757
17422,0.33584387801995386
17423,0.3242319073801013
17424,0.32604132986035395
17425,0.32416911561326656
17426,0.35125188139545005
17427,0.29777978442307484
17428,0.35220334384231866
17429,0.3478068211324328
17430,0.352651251212704
17431,0.32466826590335907
17432,0.28380942386470864
17433,0.27828697350746856
17434,0.2828671859077295
17435,0.3134035257735416
17436,0.2816663012350512
17437,0.28315964547485495
17438,0.16612965229779264
17439,0.2087757752727979
17440,0.19198505555053735
17441,0.18272032956248996
17442,0.06577213293174444
17443,0.10541875386329158
17444,0.04547920603098565
17445,0.06197166541031485
17446,0.04102061993827333
17447,-0.009384497486843002
17448,-0.021680775652493822
17449,0.04128257558689552
17450,0.06261005082751414
17451,0.0642705534438337
17452,0.07889519849368953
17453,0.17446741598729498
17454,0.1994462838059443
17455,0.13861745954834404
17456,0.2024425320770893
17457,0.2037083038550549
17458,0.23832940446689332
17459,0.2240555208095355
17460,0.1424015112224981
17461,0.1627226087137703
17462,0.11664073774512906
17463,0.12504074435390078
17464,0.12235764049944442
17465,0.06855616753352489
17466,0.1270089871213229
17467,0.13264983209078474
17468,0.08642736554516817
17469,0.0716185313188874
17470,-0.028907383214408
17471,0.035014639791721924
17472,0.09011794500174208
17473,0.09405600656375879
17474,-0.016944826218684983
17475,-0.013921573366132978
17476,0.005915504332087096
17477,0.0037433926047147903
17478,0.0030013222053387745
17479,-0.023700011432142287
17480,-0.09454057227966617
17481,-0.12176914197146599
17482,-0.1524394815618949
17483,-0.14674323752984963
17484,-0.1265406830222181
17485,-0.17338093595463783
17486,-0.09516728577434747
17487,-0.10073691582640648
17488,-0.05353032421473214
17489,-0.11852923984622704
17490,-0.12160470697913789
17491,-0.1635084715426846
17492,-0.22032435853042187
17493,-0.20271118347942174
17494,-0.19199821298055675
17495,-0.1342369172463449
17496,-0.1305720783970522
17497,-0.13202440741329735
17498,-0.18939731822824174
17499,-0.12124709899478198
17500,-0.20006263326492363
17501,-0.19853538374157453
17502,-0.213489571511503
17503,-0.22703819454898377
17504,-0.23456761577363355
17505,-0.1958292188416762
17506,-0.24110625793091095
17507,-0.13111488475521887
17508,-0.23596553616516303
17509,-0.25507173412005013
17510,-0.3027337314998337
17511,-0.2852728547572546
17512,-0.2324249388366465
17513,-0.2246422879459441
17514,-0.256496729974987
17515,-0.15825026227179967
17516,-0.24762890612456628
17517,-0.2873563542598608
17518,-0.26986143920771427
17519,-0.15442404092103368
17520,-0.06896274290648446
17521,-0.04437711207599887
17522,-0.04757782380084058
17523,0.005903973121792916
17524,-0.011773233026366903
17525,0.033850718607606245
17526,-0.014541163297664195
17527,0.0007507368547505777
17528,0.0011040083664024536
17529,-0.014005017219378857
17530,-0.011191606719402003
17531,-0.09815233246453109
17532,0.005840474939240892
17533,-0.08107927705049212
17534,-0.04320585784178388
17535,-0.09179520370716787
17536,-0.09029445526108226
17537,-0.03040818030304171
17538,-0.012407930768123687
17539,-0.014008638841402798
17540,-0.05491639135269477
17541,-0.0503537067266821
17542,-0.06752755491503215
17543,-0.06859317701930373
17544,-0.08937013409754407
17545,-0.06160286096829237
17546,-0.055620856430682764
17547,-0.1138149757469315
17548,-0.12455710064423159
17549,-0.07351178773455136
17550,-0.04679387997721579
17551,-0.11298622019261673
17552,-0.1724056843908418
17553,-0.26066031295616515
17554,-0.286983080806138
17555,-0.2615171989361722
17556,-0.1285735805495702
17557,-0.09152955152367481
17558,-0.1286463029991785
17559,-0.10073067831382726
17560,-0.15293492084649923
17561,-0.10223674240612857
17562,-0.07277694938696228
17563,-0.04830511909044927
17564,-0.01682146808886431
17565,0.010563321626294697
17566,0.00576463913057057
17567,-0.04167695164507118
17568,-0.009396887370420104
17569,0.003001468985932676
17570,0.07556607081703193
17571,0.04428749854513714
17572,0.08024718992069924
17573,0.09277305507328282
17574,0.025597786868712502
17575,0.005214650550696365
17576,-0.002267654203771119
17577,-0.044029358442684186
17578,-0.18927651680950247
17579,-0.15657192374574092
17580,-0.16652252497973763
17581,-0.20615023566109852
17582,-0.1384141902184267
17583,-0.12512242542655788
17584,-0.1898877807006677
17585,-0.1611565721877357
17586,-0.18938059752311542
17587,-0.192235521598228
17588,-0.17501459158876942
17589,-0.19055066958629002
17590,-0.11167537729696958
17591,-0.15783982532354834
17592,-0.09753574707517931
17593,-0.22645981860384568
17594,-0.25151241067370694
17595,-0.22695690899601395
17596,-0.20681168133296185
17597,-0.08364364881529723
17598,-0.08207511186692329
17599,0.1447313555039711
17600,0.18109424229806448
17601,0.20522143058642262
17602,0.23865130510761212
17603,0.2105462041749715
17604,0.18135629056601554
17605,0.08496513472987688
17606,0.1942649389442166
17607,0.08879289991270778
17608,0.15687545418003468
17609,0.14193915838489413
17610,0.19623466151241553
17611,0.211975394964941
17612,0.2559311548018528
17613,0.17481152659391408
17614,0.10048125012334219
17615,0.20347185101210552
17616,0.24477806926469414
17617,0.21723124049940834
17618,0.21808375731271235
17619,0.22978874705897157
17620,0.25390125463688995
17621,0.26112785196618593
17622,0.2514359152927641
17623,0.19968749275921727
17624,0.19482146420581659
17625,0.22245610506698532
17626,0.18000370523459408
17627,0.12449723075841201
17628,0.11831490544803513
17629,0.14460709676259254
17630,0.10523599029808428
17631,0.0703139754380524
17632,0.02576617354682209
17633,-0.04002160045304565
17634,-0.08940408219253682
17635,-0.1289305129708983
17636,-0.1395323272831317
17637,-0.07027569631421099
17638,-0.1365196549558657
17639,-0.13523763805410738
17640,-0.13434107853106125
17641,-0.1694510056962959
17642,-0.14560799724836915
17643,-0.13631895475980793
17644,-0.08057921136439894
17645,0.02008301714880678
17646,0.14436310113464101
17647,-0.01688373132303783
17648,0.06818051903816169
17649,-0.06526866979547208
17650,-0.08451974961524994
17651,0.0065681441907530225
17652,-0.024127789057963867
17653,-0.006384581312322446
17654,-0.040622723195721466
17655,0.1339202610640544
17656,0.15162155982596526
17657,0.15405879135535394
17658,0.012301262808099955
17659,0.06440641296930871
17660,0.009642486320766919
17661,0.042209653194797636
17662,-0.028075202618596584
17663,0.028866531380665306
17664,0.1022645639261448
17665,0.16790839504810207
17666,0.11035306405781309
17667,0.05265658136578755
17668,0.049801444587893484
17669,0.04934932073071674
17670,-0.008314151240302714
17671,0.06910626264143227
17672,0.12461449340576325
17673,0.14946199536212412
17674,-0.15667992197309466
17675,-0.1971724379646746
17676,-0.010656884816201362
17677,-0.03336970080592072
17678,0.007659837532219327
17679,0.062010382973819445
17680,0.0017403701183578146
17681,-0.04736186839134726
17682,-0.06873523147066918
17683,-0.12891950016467602
17684,-0.1367778022502869
17685,-0.13635916620426058
17686,-0.13079899074361684
17687,-0.125441698831258
17688,-0.12707055640686832
17689,-0.0987489292852411
17690,-0.17129962206259508
17691,-0.2032495758759379
17692,-0.22187960483062807
17693,-0.231545515000407
17694,-0.20202253303401185
17695,-0.0837684714305052
17696,-0.05138797011746521
17697,0.018380388291982297
17698,-0.007193103513739529
17699,0.018667526492349373
17700,0.05494645388268504
17701,0.00608652517551489
17702,0.014095305053807627
17703,0.048004263031565464
17704,0.09657106495916712
17705,0.09813245882793764
17706,-0.002112115416707361
17707,0.0037161085723784737
17708,0.07537241130514616
17709,0.0752290839042209
17710,0.027895295465939052
17711,0.01860743960555189
17712,0.0057667026943234445
17713,-0.008447495320251908
17714,-0.000365886747981381
17715,0.04319323556401233
17716,0.027783545063354453
17717,0.06032761653219043
17718,0.01580847437887889
17719,0.05021197001727329
17720,-0.02017872766938983
17721,-0.024207944905611956
17722,-0.03759701008624122
17723,-0.019959425631008887
17724,-0.018781773655565104
17725,-0.008771186279413201
17726,-0.10794417004239876
17727,-0.0639518717448827
17728,-0.09499309720021909
17729,-0.18671675027014656
17730,-0.17827085867568165
17731,-0.1706441087317555
17732,-0.15989134773734026
17733,-0.15666638087096446
17734,-0.13459113899905673
17735,-0.18098236885868596
17736,-0.17318332793406055
17737,-0.1617077097023939
17738,-0.155067985219159
17739,-0.16184082760622004
17740,-0.159119093257499
17741,-0.11291530924697424
17742,-0.05619069230263857
17743,-0.14007097700568244
17744,-0.31074982186097183
17745,-0.3525435807758691
17746,-0.346407843308673
17747,-0.3641923984708106
17748,-0.3086661288509826
17749,-0.27406924653633563
17750,-0.2326113360314988
17751,-0.2537648631257224
17752,-0.2688767296069484
17753,-0.22866967552205486
17754,-0.18547122500333046
17755,-0.20923340068834195
17756,-0.19624553705019054
17757,-0.17580856983265208
17758,-0.15425461994619483
17759,-0.14515203567023927
17760,-0.140076190933499
17761,-0.1493528469846907
17762,-0.14190527544674786
17763,-0.13975761474790965
17764,-0.09132743388238806
17765,-0.13849488374956836
17766,-0.14151910162025694
17767,-0.13379822578392336
17768,-0.13355833954041196
17769,-0.12501415338569777
17770,-0.1710338518903992
17771,-0.18103928380622358
17772,-0.16427613328024127
17773,-0.2112383511638215
17774,-0.17318002949531086
17775,-0.1631330289256664
17776,-0.16835064633294194
17777,-0.11405735632014569
17778,-0.11915348057049113
17779,-0.10653068764870438
17780,-0.06382826727912444
17781,-0.1082396049769479
17782,-0.04265812954570042
17783,-0.04399042520791241
17784,-0.03678322609329959
17785,-0.20330214368033162
17786,0.014901985527856487
17787,-0.03250336762956196
17788,0.014018174559454866
17789,-0.03426701221512918
17790,-0.1607297767928727
17791,-0.2153661909228003
17792,-0.2224899426610124
17793,-0.03141123845318433
17794,-0.07993629710151245
17795,-0.06884151743109274
17796,-0.06371231146456069
17797,-0.11546711292294587
17798,-0.13319391331866737
17799,-0.16221378861855412
17800,0.05518041625378334
17801,-0.1501486714969637
17802,-0.18552316747633862
17803,-0.11538060008204204
17804,-0.10787851406126947
17805,-0.26832469529776964
17806,-0.23808646853944182
17807,-0.3053508218497394
17808,-0.24034096120276044
17809,-0.18411036584411866
17810,-0.17764580781879996
17811,-0.24187743887466584
17812,-0.11669675063548002
17813,-0.16008961907863822
17814,-0.14669376177920412
17815,-0.1874682152932472
17816,-0.11316278563528243
17817,-0.08808087628391198
17818,-0.032927504214283254
17819,-0.13548866271519816
17820,-0.015427502508690072
17821,0.020898894349976938
17822,0.03751388903867725
17823,-0.14790006101690056
17824,-0.017495925198149576
17825,-0.05929396301700407
17826,-0.06901406478796918
17827,-0.07081840061484224
17828,-0.0679612744476435
17829,-0.08309940139177535
17830,-0.062073644471849376
17831,-0.02978407248992776
17832,-0.021949557030176314
17833,0.003754171704590359
17834,-0.035516617427193586
17835,-0.16275079852633945
17836,-0.11953821848777157
17837,-0.09615152751308009
17838,0.03527718355800913
17839,-0.07094284512266585
17840,-0.15698652732259133
17841,-0.305110376771158
17842,-0.3334234266503429
17843,-0.23101479812296405
17844,-0.24305801851167896
17845,-0.12374533894747203
17846,-0.10319000029298742
17847,-0.20254666526832377
17848,-0.2302973546054412
17849,-0.26704400783666876
17850,-0.24030034094387065
17851,-0.21373581083086002
17852,0.06894215030247641
17853,0.09280048545386332
17854,-0.07616997977171147
17855,0.07345130639460473
17856,0.07149277742710536
17857,-0.08742294471146073
17858,-0.024161398066441908
17859,-0.039824250156680285
17860,-0.08185200769601719
17861,0.07392032096185985
17862,0.08025180515386876
17863,-0.09292522929687641
17864,-0.07318622989303164
17865,-0.09323582580419132
17866,-0.15634195180945287
17867,-0.18140129358966284
17868,-0.0045008457157409976
17869,-0.07439600368166921
17870,-0.2005307551044434
17871,-0.10285752126603404
17872,-0.09490588081590401
17873,-0.036700618010027164
17874,0.06384404178113623
17875,0.07518303798650217
17876,0.033508007904033965
17877,-0.020983730164739645
17878,-0.13077493784081506
17879,-0.17884917156722852
17880,-0.29529915070388696
17881,-0.3227293101222418
17882,-0.3268256700015396
17883,-0.3579241023345825
17884,-0.3565861788309856
17885,-0.3752445179455553
17886,-0.3784652486220782
17887,-0.39224697237486494
17888,-0.39318768051917125
17889,-0.32066813016946333
17890,-0.3206374101886804
17891,-0.2685099693541483
17892,-0.1622725607504818
17893,-0.11451576028423016
17894,-0.27508496544402783
17895,-0.309917526561446
17896,-0.1794305207035693
17897,-0.19174248428636192
17898,-0.0819098550181927
17899,-0.1454909917978699
17900,-0.0036752503502865963
17901,-0.04295327015425582
17902,-0.12211650543221542
17903,-0.2059511375983742
17904,0.01872252532971197
17905,0.013834963782088261
17906,0.09871571446920746
17907,0.0050372708850534575
17908,0.05881043204879943
17909,0.05108386796188158
17910,0.02232147850473709
17911,0.060046332727972884
17912,0.04007995704188372
17913,0.14647368053196141
17914,0.16401988407910184
17915,0.19920399009895406
17916,0.18951685715753774
17917,0.16771679701343234
17918,0.10755992972190442
17919,0.11031344053310699
17920,0.11356601078998174
17921,0.06392577195786153
17922,-0.03526982541708873
17923,-0.059544657337676554
17924,-0.05555691668998969
17925,-0.033705223044493304
17926,-0.033388302469887055
17927,-0.01896252826912831
17928,0.0010489277335075098
17929,-0.0348404769809193
17930,-0.04811444992543257
17931,-0.12413116830157012
17932,-0.10544881897728492
17933,-0.06941995403034512
17934,0.010705705934906495
17935,-0.11629091120437896
17936,-0.024438609351445872
17937,-0.18505120953801285
17938,-0.23273393158635214
17939,-0.25057869386933446
17940,-0.20076755444661293
17941,-0.20084438684405698
17942,-0.19352848678865137
17943,-0.20100037225631062
17944,-0.1958609152639199
17945,-0.18357421536249569
17946,-0.012211910285640948
17947,-0.1606689003533004
17948,-0.17233243018417715
17949,-0.17115956860618053
17950,-0.08259385843502454
17951,-0.1135006457330131
17952,-0.0707721988959425
17953,-0.11982777638212305
17954,-0.12286739019628873
17955,-0.10821009197116155
17956,-0.05546892929962821
17957,-0.1165472078041857
17958,-0.13531710847915834
17959,-0.12460123191938816
17960,-0.1230176101162696
17961,-0.1276919808966922
17962,-0.1992478624944029
17963,-0.21285163839189813
17964,-0.24622921775980877
17965,0.0008771224457998494
17966,-0.1378606783864183
17967,-0.14206857819191265
17968,-0.15412524146091772
17969,0.08641263926459042
17970,-0.13599259685683018
17971,-0.067893490608391
17972,0.03017523282885659
17973,0.0471670773558891
17974,0.0885535943263498
17975,-0.005182630396285692
17976,-0.06767759738494455
17977,-0.058387457552819544
17978,-0.07738981955609514
17979,-0.20219983023255816
17980,-0.3271146522382529
17981,-0.2880963208201146
17982,-0.35605276116256185
17983,-0.3686129366821292
17984,-0.3466011659753953
17985,-0.31888871166031296
17986,-0.24863286112248395
17987,-0.09228354016700296
17988,0.06897469156514824
17989,0.0790849754376326
17990,0.03933464302177092
17991,-0.010419824809809186
17992,0.05913180956640418
17993,0.0947868678220326
17994,0.08096815420737058
17995,0.03586205248959229
17996,0.10240267144071347
17997,0.08965123858670254
17998,0.049193876504873835
17999,0.08268733424229313
18000,0.1208586605280546
18001,0.1406884807862292
18002,0.053272169812979775
18003,0.13516196526759372
18004,0.12695018962471694
18005,0.11969901049650467
18006,0.1401611680269672
18007,0.10017823127841141
18008,0.16611871040390203
18009,0.16544755957910862
18010,0.17697213101840747
18011,0.15102192252842195
18012,0.12727215074181786
18013,0.12819548047126406
18014,0.03128754475197881
18015,-0.033012406476954415
18016,0.08205956608567266
18017,0.11367164660114015
18018,0.11743624969337074
18019,0.13516797593045682
18020,0.13037575054153305
18021,0.0864744544038738
18022,0.05082874563576634
18023,-0.12371282366242808
18024,-0.03775460204977127
18025,0.05603691417581014
18026,-0.13001413106149695
18027,-0.12403030040700413
18028,-0.07803971377282676
18029,-0.002065830941106739
18030,0.12005164332571838
18031,0.10498638638428992
18032,0.0037024698273384615
18033,0.055536730754317865
18034,0.14970645542202077
18035,0.16773642282103052
18036,0.15540479401044827
18037,0.13037961698346856
18038,0.07223155250130431
18039,0.05594226421397264
18040,0.14690554355304097
18041,0.08544600211208575
18042,0.11393748535798243
18043,0.054440410997566024
18044,0.09524474857197995
18045,0.13947087283705306
18046,0.05460898579778228
18047,0.2087396509269761
18048,0.15832759902641436
18049,0.20332939070207678
18050,0.22484289986699468
18051,0.22060226825430473
18052,0.2154286864220244
18053,0.19203786802909817
18054,0.1875807833937575
18055,0.16082704669411885
18056,0.17447357337135772
18057,0.17124317047139637
18058,0.10116021696950539
18059,0.0003806788869306077
18060,0.13800758244172562
18061,0.16775701293945533
18062,-0.18816598112191396
18063,0.03980538255078225
18064,-0.007292763440195138
18065,0.16260003341553286
18066,0.17547393318101034
18067,0.0649108606647385
18068,0.2289631192048487
18069,0.07893548932402739
18070,0.0892512057251702
18071,-0.02966743868969035
18072,0.08255974909480301
18073,0.08377540721293197
18074,0.0727462956571534
18075,0.016084091914751242
18076,0.07553103179240317
18077,-0.06552830152727773
18078,-0.1216983041735033
18079,0.005799886266435572
18080,0.059967109832315346
18081,0.1672080510049564
18082,0.13781895260655064
18083,0.12784691145131044
18084,0.10834133662355228
18085,0.07492016652610545
18086,-0.0727034449839642
18087,-0.006246978019316063
18088,-0.020206322552721534
18089,-0.0493475447521991
18090,-0.020283136531336177
18091,-0.09897228531060576
18092,-0.049175340611116
18093,0.12715591404255266
18094,0.09693930382514382
18095,-0.10655402571791428
18096,-0.07163877477038233
18097,0.031801636842350156
18098,-0.015533673968644357
18099,-0.004899194605429369
18100,-0.03264000364324382
18101,-0.03481578445793099
18102,-0.07818027807809741
18103,-0.08555771415055674
18104,-0.09068686210188864
18105,-0.10543320710654075
18106,0.040225593175070906
18107,0.08602201106749796
18108,0.10051624794283254
18109,0.022161109972686055
18110,-0.013219359670991082
18111,-0.018333650603546137
18112,0.024469791486530168
18113,0.05529535623916482
18114,0.028626670210477934
18115,0.02219148567055773
18116,0.026977981926200156
18117,0.03760861302972729
18118,0.02992301502009964
18119,0.11459797337159094
18120,-0.13555598991176965
18121,0.006384075304607828
18122,-0.08194423932486805
18123,-0.1117600737603977
18124,0.028641737059427852
18125,0.08719348099829283
18126,0.12777445240089602
18127,0.07306497139413126
18128,0.04003703311883
18129,0.008974252838162111
18130,0.06124820052173097
18131,0.04423972977507595
18132,0.05601160712910869
18133,0.03702684824364322
18134,-0.005407587017064397
18135,-0.04931946513857327
18136,-0.06425990040286145
18137,-0.0810359287907999
18138,0.005351976280326243
18139,-0.07327981738581879
18140,0.006166011536475224
18141,-0.009435444212512578
18142,0.011545476943218391
18143,-0.0452730998939922
18144,0.039347352625241916
18145,-0.018297121790060378
18146,-0.06227967028552728
18147,-0.0742837966911889
18148,0.03484488741465408
18149,0.01522485513178029
18150,-0.010907932554417799
18151,-0.04368685459834154
18152,-0.0659602009367598
18153,-0.08111019405236464
18154,-0.14968360112543277
18155,-0.157655261577493
18156,-0.16544279128202277
18157,-0.11640747710685667
18158,-0.12823754692732492
18159,-0.09477661263163856
18160,-0.15718000851072167
18161,-0.23170357479122516
18162,-0.2437775274439294
18163,-0.21717924035724723
18164,-0.17229186400836177
18165,-0.16627443065693176
18166,-0.17598983310869698
18167,-0.17859944694928676
18168,-0.24542766917331627
18169,-0.282483964545119
18170,-0.3623549765267332
18171,-0.3620243714329421
18172,-0.35766972902883215
18173,-0.3302822531345009
18174,-0.3206958569310533
18175,-0.22538379258772023
18176,-0.29601818069579494
18177,-0.22566279724734883
18178,-0.3146968062136847
18179,-0.13753706936047794
18180,-0.06416546143212398
18181,-0.1319071696663639
18182,-0.022657908384221936
18183,-0.14825801419595186
18184,-0.051538103023579585
18185,0.010759074469066321
18186,0.01092525233380548
18187,-0.08625043677098132
18188,-0.1037984735417376
18189,-0.029309437913344005
18190,-0.025655606953601695
18191,-0.035498961855268685
18192,-0.012014488895033204
18193,0.003824709952053529
18194,-0.010534745097570686
18195,-0.015597025743852466
18196,0.013961833117401179
18197,0.024797576891670614
18198,-0.005439437009325698
18199,-0.012240525950535708
18200,-0.012355925274397883
18201,-0.08487474688461694
18202,-0.12337297834360778
18203,-0.12393063947954064
18204,-0.05425202793518363
18205,-0.11389813642419988
18206,-0.12764767252236547
18207,-0.15437040881198227
18208,-0.12495827328609488
18209,-0.0873299220489911
18210,-0.058787009223376985
18211,-0.043135156836375366
18212,-0.019764535154080387
18213,0.0030789141564930844
18214,0.01116831645626526
18215,-0.006259725802338523
18216,0.07271300179503071
18217,0.10671317370144384
18218,0.12412196153837851
18219,0.12556476129855065
18220,0.13906715837263195
18221,0.1915450264436831
18222,0.10442557256724183
18223,0.1053453804962986
18224,-0.1800756343395522
18225,-0.12615655262795855
18226,-0.24890739230564785
18227,-0.2080200304466202
18228,-0.21057558814629856
18229,-0.16764993259962757
18230,-0.2292621994047398
18231,-0.1699436132197551
18232,-0.13030820251024727
18233,-0.11842839285236617
18234,-0.10413116184694271
18235,-0.13832933223229388
18236,-0.1284454802945188
18237,-0.07422986674903614
18238,-0.041077573497506126
18239,-0.029695498907403806
18240,-0.008134877904560078
18241,-0.020452832983005487
18242,-0.0121949901132683
18243,0.002273012454035883
18244,-0.015030635065112652
18245,-0.013509097714448415
18246,-0.042290496485081874
18247,-0.04235593191415521
18248,-0.05643028399812111
18249,-0.0546546154765748
18250,-0.10189457807768476
18251,-0.19193478591053675
18252,-0.21478610083304328
18253,-0.2417648528858694
18254,-0.1927906170958415
18255,-0.10970723425564288
18256,-0.2023692013552728
18257,-0.20922292253564878
18258,-0.24575965856579757
18259,-0.15107628747302265
18260,-0.09205859184680881
18261,0.009725753204614329
18262,-0.03220913614120596
18263,-0.17703003655850313
18264,-0.16020085809345375
18265,-0.15493986633339119
18266,-0.24393076312684642
18267,-0.25647474816736066
18268,-0.16764695841414567
18269,-0.24791996991250315
18270,-0.297682438205785
18271,-0.2981904991697951
18272,-0.2957715439021638
18273,-0.29094291250963616
18274,-0.29342964963164614
18275,-0.2944644406718898
18276,-0.28422299606200296
18277,-0.3046966062506615
18278,-0.29634821814400103
18279,-0.3046254758217815
18280,-0.24583117173838476
18281,-0.21112952316855377
18282,-0.12579832770079602
18283,-0.10667539001345128
18284,-0.08277747201929292
18285,-0.10774949481927065
18286,-0.06775396777017251
18287,-0.043855619125351186
18288,-0.0387415124513274
18289,-0.04069173449593294
18290,-0.0564645464927212
18291,-0.05156061127846978
18292,-0.07692089881033565
18293,-0.05898090274751128
18294,-0.02489210399942615
18295,-0.07661272143896553
18296,-0.0635970599760195
18297,-0.09139190010803172
18298,-0.13267467541866407
18299,-0.1463782340678801
18300,-0.15123856649581413
18301,-0.1111865023877599
18302,-0.20005129880585554
18303,-0.2043683399500818
18304,-0.19870327569928853
18305,-0.1615887130303726
18306,-0.06167792347800133
18307,0.010040680072064379
18308,0.03618736327527494
18309,0.08129755647751957
18310,0.10135793056354558
18311,0.06210816093743021
18312,0.05276314285904893
18313,0.007232599794558592
18314,-0.27070568919336047
18315,-0.361229762066518
18316,-0.3358361854461091
18317,-0.38355623490244284
18318,-0.3270757340800174
18319,-0.3164990932088826
18320,-0.23709892616641504
18321,-0.3036630553324132
18322,-0.23952250127481933
18323,-0.24469222289781617
18324,-0.06786727233051992
18325,0.013673350647200766
18326,-0.027404282987142925
18327,0.07605013787202419
18328,0.10809347977548411
18329,0.11533312742736845
18330,0.08547546334145595
18331,0.06009640024034579
18332,0.0473072037933866
18333,0.08064827180885947
18334,0.15763255560256306
18335,0.1612648867406914
18336,0.15541377617173047
18337,0.16818638323171242
18338,0.1941544094836517
18339,0.1672129308943282
18340,0.1586044222962807
18341,0.1473455283261399
18342,0.1540936752387163
18343,0.1776650193022643
18344,0.16122284355396066
18345,0.08351534875272804
18346,-0.011005620467229638
18347,-0.2408471024561213
18348,-0.2013094997883998
18349,-0.2401722787390148
18350,-0.17603539923583378
18351,-0.09764685695586223
18352,-0.04134012245780755
18353,-0.11364501823950313
18354,-0.08855516428727733
18355,-0.10122147458625647
18356,0.02282503989894369
18357,0.06294210816373902
18358,0.016530428361449023
18359,0.0452994017369337
18360,0.0029862841610182045
18361,-0.011182558386619579
18362,-0.024940182706962966
18363,0.01911623414020369
18364,0.08438606279380667
18365,0.14559526594163796
18366,0.14613104188981174
18367,0.1400292393814293
18368,0.17946318129962235
18369,0.20205967931898916
18370,0.17457286911613668
18371,0.2920664231162331
18372,0.30099316700181067
18373,0.2448267229151071
18374,0.10233921611726582
18375,0.06315741354199655
18376,0.013735145817999728
18377,0.0016291826651253505
18378,-0.030815034088849114
18379,-0.014557963044987687
18380,0.09661973518859468
18381,0.06267088329695558
18382,0.12218456419218782
18383,0.19330235253040962
18384,0.10165492240399487
18385,0.12127564757530829
18386,0.1402468715298253
18387,0.05187537850276114
18388,0.18689133472604136
18389,0.19699599295370762
18390,0.1777768520237114
18391,0.17828675243748582
18392,0.1748511970062554
18393,0.16953269738539645
18394,0.025404867906743567
18395,0.042251290346585146
18396,0.07613524877531641
18397,0.048769695746282316
18398,0.06272648262664116
18399,-0.04581320771398012
18400,-0.025236470426692414
18401,-0.11732646484883907
18402,-0.1783875032367257
18403,-0.14063064118518998
18404,-0.10324952425451939
18405,-0.10701097413139565
18406,-0.15742347037704396
18407,-0.16119971112680592
18408,-0.12094266789044666
18409,-0.06284206600368825
18410,-0.06500222559459579
18411,-0.06674901746300393
18412,-0.06529706976470945
18413,0.004656376115007577
18414,0.08336118678498339
18415,0.08362861302770208
18416,0.03704752847081838
18417,0.060238207540854516
18418,-0.01159175345145902
18419,0.043488126911652936
18420,0.0723285946114014
18421,0.05270369295798005
18422,0.015998122682150173
18423,0.055987332788470345
18424,0.0862489390443667
18425,0.08796615222537763
18426,0.06967058778503366
18427,0.10137884417365728
18428,0.11499503085513096
18429,0.12241953153494567
18430,0.12639179155806324
18431,0.12287687788718105
18432,0.07372712603205644
18433,0.07277390538446227
18434,0.05851609359753818
18435,0.09029378402884625
18436,0.06100291275149872
18437,0.08519868273973841
18438,0.06584140968423557
18439,0.0002588573055593013
18440,-0.0689656586035225
18441,-0.05364797845779751
18442,-0.0015608569359244484
18443,-0.13947508584709822
18444,-0.19057151079143264
18445,-0.11522145385235938
18446,-0.10038887900072091
18447,-0.14379316297787315
18448,-0.20423178405229203
18449,-0.20489748527047463
18450,-0.11989904629286535
18451,-0.10288764360154323
18452,-0.13621128684106842
18453,-0.14110892585154228
18454,-0.1208698521721287
18455,-0.11791169538199103
18456,-0.1687545891147732
18457,-0.13122283971102683
18458,-0.2676048183279436
18459,-0.29173967484625163
18460,-0.30103616044109793
18461,-0.25955205625314026
18462,-0.3256187122764955
18463,-0.3211109216952014
18464,-0.3452357038215525
18465,-0.3511591539439033
18466,-0.3562435438143034
18467,-0.32312466210067803
18468,-0.3162668693664232
18469,-0.29435886548708473
18470,-0.2901452172536887
18471,-0.2568289708295821
18472,-0.16273034434884004
18473,-0.2194845223797589
18474,-0.20194376476229497
18475,-0.156556911470346
18476,-0.16431339646922016
18477,-0.09301398826171631
18478,-0.048193095003441044
18479,0.026547513942809076
18480,-0.018324119793573346
18481,-0.05577245907063011
18482,0.042331187821267324
18483,-0.04586761156207286
18484,0.039537767927313006
18485,0.041355063865063935
18486,-0.00936204172787719
18487,-0.032739353381989855
18488,-0.0570834641946516
18489,-0.09327657415727952
18490,-0.17843273340514976
18491,-0.16267005287787362
18492,-0.120241303841576
18493,-0.11800011450393677
18494,-0.12213055426391584
18495,-0.0951202069809437
18496,-0.0767943103939408
18497,-0.05669467400862549
18498,-0.05498553544648743
18499,-0.05236729873221613
18500,-0.04698921689574764
18501,-0.02298092616041386
18502,-0.08535589666403248
18503,-0.08630546632590647
18504,0.022726689512187703
18505,0.04351592958526296
18506,0.08250804185392058
18507,0.09385074121845294
18508,0.13327357587170474
18509,0.1884780625174095
18510,0.18702973322205296
18511,0.18605089407370456
18512,0.1459007095039957
18513,0.09240138948165666
18514,0.025683895301861548
18515,0.07999768001266605
18516,0.12301315999479134
18517,0.12861946155293835
18518,0.15935037900028848
18519,0.1117961713700446
18520,0.169771668280304
18521,0.1425585763811743
18522,0.1084617444961441
18523,0.09616634033035398
18524,0.09755802117425294
18525,0.07821797283584808
18526,0.055434650922082995
18527,0.03942740351400287
18528,0.04574163832006095
18529,0.018036246811320544
18530,0.022739308294042027
18531,0.01030738929431485
18532,0.0034550983583427897
18533,-0.0073301339908896646
18534,-0.0006815009242721604
18535,-0.002517412470373792
18536,-0.011960766206426943
18537,0.006054468124806922
18538,-0.027279319381624867
18539,-0.10443081047063485
18540,-0.1563557701731808
18541,-0.1889210399838233
18542,-0.14812838751874124
18543,-0.15837729333046752
18544,-0.20612223025804532
18545,-0.2497604207475977
18546,-0.22968908811034494
18547,-0.15661635856955736
18548,-0.08984674290453276
18549,-0.09541278135045228
18550,-0.015160227095005918
18551,-0.02148524845901889
18552,-0.022392823941128792
18553,-0.041054400677253966
18554,-0.15379988191320326
18555,-0.0034351409215785944
18556,0.05881811470805787
18557,0.04731452196752772
18558,-0.05548615519982569
18559,-0.057744114549935
18560,-0.045942036337753234
18561,0.06146132967775797
18562,0.06691814855212208
18563,0.06471041584661386
18564,0.20953825338102094
18565,0.15897823002619715
18566,-0.05076409808706017
18567,0.04709400672031394
18568,0.12127394354058385
18569,0.12321524589684896
18570,0.2733533423952348
18571,0.21774729369543866
18572,0.2892489631895707
18573,0.3794373417602793
18574,0.3457069985704052
18575,0.2779867728461328
18576,0.22697423266818118
18577,0.20951077106291627
18578,0.29257920285142114
18579,0.24447076644346755
18580,0.2795287119306724
18581,0.29827899620282994
18582,0.30544384281767667
18583,0.27354362099693497
18584,0.29838588128614807
18585,0.2655664898439857
18586,0.2140671024019366
18587,0.15093365602272324
18588,0.12703934591056176
18589,0.15462043650630108
18590,0.0234300143535493
18591,-0.014642292803783374
18592,0.015533766500513413
18593,-0.0436634433769198
18594,-0.010058954312181623
18595,-0.01966912463635584
18596,-0.031890554969389195
18597,-0.05843376457016064
18598,-0.0021383622067563945
18599,0.029272813712817092
18600,0.06667602414580265
18601,0.12300552178911528
18602,0.1467064433694859
18603,0.1725593380608026
18604,0.15518078339837815
18605,0.04667744270140961
18606,0.20815227883775722
18607,0.1980412618636309
18608,-0.018049500021329656
18609,0.09255822648887657
18610,0.1651232487673142
18611,0.0700300099194664
18612,0.07496915542838611
18613,0.15251692869549927
18614,0.22417415277977737
18615,0.2729640060516173
18616,0.2510148694254404
18617,0.2614472244319256
18618,0.20706438913531489
18619,0.20176101728717288
18620,0.20418187786632946
18621,0.18854182691315025
18622,0.20864472597807981
18623,0.20436314464494676
18624,0.18613788141310117
18625,0.06695839987934482
18626,0.06315888928266156
18627,-0.007606738579329142
18628,0.02967477935934948
18629,0.04596915287208514
18630,0.02764146157473024
18631,0.03442402100770803
18632,0.06751037782069269
18633,-0.03498930412819201
18634,-0.05714985192261812
18635,0.0657252748076732
18636,0.0351348504829595
18637,0.0812908883928467
18638,-0.0738251282021275
18639,0.014371657338651422
18640,0.014472642505476863
18641,-0.05020407764590429
18642,-0.07530604318825018
18643,-0.03927399100271867
18644,-0.0311567888431859
18645,-0.07240402112945993
18646,-0.057398042300354724
18647,-0.004473956974913207
18648,0.00031761833891841285
18649,-0.06905524781327371
18650,-0.10002388470984813
18651,-0.1310503651720895
18652,-0.09825673208102614
18653,-0.17321704592870785
18654,-0.27641345872883105
18655,-0.23743980990814711
18656,-0.1606386271168832
18657,-0.24457637982845037
18658,-0.24787317581327906
18659,-0.17021597202887306
18660,-0.21697348295072139
18661,-0.2544854008402535
18662,-0.26003771161558764
18663,-0.3080629677057751
18664,-0.26620552152029564
18665,-0.1696698985860126
18666,-0.21711317542721653
18667,-0.23843989089976803
18668,-0.24494266111794827
18669,-0.25962647594191307
18670,-0.23953922035796743
18671,-0.1651340577622598
18672,-0.15214622552826762
18673,-0.1078600207708354
18674,-0.10729919482086925
18675,-0.07274133558886187
18676,-0.009673107004160186
18677,-0.010990825595350917
18678,-0.08722971087028258
18679,-0.04011150631002958
18680,-0.026475178599232596
18681,-0.02286996524005014
18682,-0.011120104560602972
18683,0.012455083500887865
18684,0.05334225865073161
18685,0.0792295769310023
18686,0.053050563170670695
18687,0.043345886374788756
18688,0.000591002104167182
18689,0.005663542394689913
18690,-0.033093885376986154
18691,0.013553364573511195
18692,0.03108369011388079
18693,0.04380506670175732
18694,0.06980678592419498
18695,-0.021618841867790395
18696,0.18272576419392317
18697,0.12705192797267384
18698,0.0851929964680963
18699,0.04834127248816089
18700,0.12576656466690062
18701,0.22600866170652711
18702,0.20610543085874222
18703,-0.0013562480351615447
18704,-0.09395289480516222
18705,-0.10603397194725728
18706,0.021333177287342853
18707,0.034367765443370724
18708,0.06327225474698439
18709,0.07240432655544149
18710,0.0026405919693122115
18711,0.025028349028011543
18712,-0.06000517579158943
18713,-0.11997408686065592
18714,-0.15203434363767016
18715,-0.1098936158419127
18716,0.01846449174392739
18717,0.013297253959580368
18718,0.010570362363674923
18719,0.1130005313234621
18720,0.05889863056060629
18721,0.12242142911079368
18722,0.11706772694253209
18723,0.16446236830528294
18724,0.1697517177081439
18725,0.15315165464271774
18726,0.14827981677824176
18727,0.1241214819134201
18728,0.0770286880898996
18729,0.05795947328745377
18730,0.024267578409712276
18731,-0.11191471480150761
18732,-0.07557615032929982
18733,0.09493281976565748
18734,-0.033039360236241766
18735,0.007195584475574557
18736,-0.08168025724675665
18737,-0.1314759836799888
18738,-0.1394189022144614
18739,-0.09381301618016835
18740,-0.029643884965221468
18741,0.015800563626033437
18742,-0.07317046879129274
18743,-0.059232397132021664
18744,-0.1728424163420076
18745,-0.16275346962565101
18746,-0.3250179618912178
18747,-0.36218666360654533
18748,-0.37668329824765845
18749,-0.37883069858935636
18750,-0.341877649082941
18751,-0.3048171498312457
18752,-0.2935633632296286
18753,-0.29181111060180365
18754,-0.2695280005890385
18755,-0.2626031150512825
18756,-0.18404794080577463
18757,-0.19320815766300414
18758,-0.2207784700613188
18759,-0.2691835761966719
18760,-0.2644785732764948
18761,-0.2563331983912132
18762,-0.14765196281921572
18763,-0.17877154747044594
18764,-0.10939571323913205
18765,-0.07675589411001732
18766,-0.19473029925349594
18767,-0.14509981339334793
18768,-0.04529032316412662
18769,0.0011844204147529735
18770,-0.22890133292163017
18771,-0.1719506424246121
18772,-0.14255725390409707
18773,-0.03962097131051312
18774,-0.05480801259378809
18775,-0.04943360366808164
18776,-0.03576251636980815
18777,-0.0180921654594558
18778,0.1368029694132632
18779,0.07738855969956382
18780,0.10511666211564441
18781,-0.015052763535862268
18782,-0.063256452231583
18783,0.027184440245050068
18784,0.003929143574215255
18785,-0.04047176857315565
18786,-0.012603814790981105
18787,-0.010109288954029239
18788,-0.042302244081277696
18789,0.027046413841809835
18790,0.03265324789905322
18791,0.0858366743369895
18792,0.10396429336152868
18793,0.10592131988236364
18794,0.05604580025581507
18795,-0.007972182721735777
18796,-0.024882545123328104
18797,0.06239127161860947
18798,0.06660233953587547
18799,0.07242344796067735
18800,0.02550615873092288
18801,0.020652703833888064
18802,-0.02974586608974955
18803,-0.09682575715336056
18804,-0.1231973446379131
18805,-0.1363629346062813
18806,0.05229498563680335
18807,0.0423152543547346
18808,-0.10179294651696574
18809,-0.08974123820351976
18810,-0.14116181647790893
18811,-0.17517842442749654
18812,-0.14009889578237877
18813,-0.03718050040231524
18814,-0.002722944150638007
18815,0.03694799143227567
18816,-0.06788911259896063
18817,-0.007749582023521551
18818,-0.07361607745911086
18819,0.03486740529502008
18820,0.03451825364771044
18821,0.023714290301902308
18822,0.010723109569928946
18823,-0.020614071421882763
18824,-0.01743141945719462
18825,-0.018392201651410367
18826,0.015800899290770998
18827,-0.1309488764240368
18828,-0.15754670140070237
18829,-0.10815881178453213
18830,-0.10886838491256662
18831,-0.15477993417838914
18832,-0.257061344584957
18833,-0.2998261244232724
18834,-0.26872586282765926
18835,-0.23158130122507165
18836,-0.14038188985920935
18837,-0.15973894847769332
18838,-0.17578661262166995
18839,-0.20960629021188093
18840,-0.15680412661546878
18841,-0.22277623922384054
18842,-0.2409510049005778
18843,-0.26060581702455843
18844,-0.23493027905166208
18845,-0.2801418390428184
18846,-0.2606301086628123
18847,-0.270735419870944
18848,-0.24959133176046866
18849,-0.2040390755512872
18850,-0.23042936423444
18851,-0.24879768155510662
18852,-0.21504392111138548
18853,-0.19960001738849087
18854,-0.23909496282947573
18855,-0.1362906546167254
18856,-0.19188427944360176
18857,-0.13118896798233093
18858,-0.05206731700086492
18859,-0.10310502683321388
18860,-0.044825104058116405
18861,-0.04167428680163476
18862,-0.059138756811852655
18863,-0.03702095602071359
18864,-0.009171889025861524
18865,-0.005297491925759956
18866,-0.0405500378314555
18867,-0.04225422056193995
18868,-0.04056060573335729
18869,-0.05045955476887254
18870,-0.04066197625357787
18871,-0.04523701040461248
18872,-0.0497131165241842
18873,-0.11748942638020604
18874,-0.12727835738829862
18875,-0.18554974224186704
18876,-0.18433846046075042
18877,-0.16406853030413582
18878,-0.15938550434895787
18879,-0.11413971161585446
18880,-0.05452106612183477
18881,-0.014315799389483519
18882,-0.014015681247162792
18883,0.022403262893166076
18884,0.028819958631726372
18885,0.036683758906426944
18886,-0.0020415264970211067
18887,0.09067068504966502
18888,0.09083016908990993
18889,0.07587698664943776
18890,0.037082633257161546
18891,-0.1739395571138206
18892,-0.13427711134225817
18893,-0.14973891442476106
18894,-0.17368005687427696
18895,-0.2900802697309583
18896,-0.3750536977422098
18897,-0.3749650151072132
18898,-0.37418699880798023
18899,-0.3664835894706596
18900,-0.35236307748544865
18901,-0.3060196982413226
18902,-0.3177982104951657
18903,-0.22288522390778204
18904,-0.20281122531751417
18905,-0.14959000167705566
18906,0.021802821387039373
18907,0.038259358821635114
18908,0.05554357595268011
18909,6.934291748594834e-05
18910,-0.008780378601799754
18911,0.03868958772944797
18912,0.07094751020406342
18913,-0.0010802534348465231
18914,-0.04730325467907137
18915,-0.01058509346017722
18916,0.029035748298860797
18917,0.13437162868841646
18918,0.1572298609794014
18919,0.16292563265119586
18920,0.15666063544310593
18921,-0.09467484880652055
18922,-0.0006420731557906234
18923,-0.12287153570896076
18924,-0.14748475771870617
18925,-0.14375860769250448
18926,-0.19992729155783462
18927,-0.1225600165810174
18928,-0.14811595952585221
18929,-0.16579117634952367
18930,-0.052547718348197825
18931,-0.020082244821731543
18932,-0.011792682031476154
18933,-0.03981068651784503
18934,-0.053174143416120145
18935,-0.19905507841682818
18936,-0.12360949833057289
18937,-0.21929873007842426
18938,-0.21223139680441105
18939,-0.1314711204645374
18940,-0.07875661973451553
18941,0.06280858299566283
18942,0.02397489171902112
18943,-0.00043015746831748247
18944,-0.09191755548689884
18945,-0.14827360022148095
18946,-0.20101803552231473
18947,-0.16633943132040152
18948,-0.18239420731789718
18949,-0.15483509110914634
18950,-0.1909733891566604
18951,-0.18304427636187903
18952,-0.2021758630249339
18953,-0.12010694717213094
18954,-0.14971792336521744
18955,-0.11212288759759087
18956,-0.14143627582307344
18957,-0.1731594223477776
18958,-0.1471320640367214
18959,0.0658409577862592
18960,0.009821723457146492
18961,0.1059483703965377
18962,0.03545660553519425
18963,0.08858651498128722
18964,0.1056585200293928
18965,0.08845367512346569
18966,0.09034261985536518
18967,0.09337139628106406
18968,0.06542337801223064
18969,0.08488840065499337
18970,0.13146270077116895
18971,0.14032264937038974
18972,0.0026804423011693723
18973,0.0996582791567091
18974,-0.002168316481350019
18975,-0.027967861185124676
18976,0.004810490735278616
18977,0.03195255227449345
18978,0.006515673172246661
18979,-0.03381304757623227
18980,-0.02854936508813044
18981,0.01972365496971018
18982,0.05314923322867904
18983,-0.02731211640543252
18984,-0.05239449113188377
18985,-0.10046573993743374
18986,-0.11234813053172688
18987,-0.12479284205023156
18988,-0.06017164799345698
18989,-0.10559384528242016
18990,-0.1358963601282666
18991,-0.17949852181954917
18992,-0.2523639704899939
18993,-0.2576682286760071
18994,-0.2513212826005624
18995,-0.22642363449429637
18996,-0.054995987666453416
18997,-0.04340869398001013
18998,-0.08707799723053322
18999,-0.160576246907849
19000,-0.13506461842863005
19001,-0.09165826118339487
19002,-0.1194038767018561
19003,-0.001582463738612816
19004,-0.04007445023514283
19005,-0.039449426808007615
19006,-0.013100789388847456
19007,-0.03417440691322299
19008,-0.02718001520592067
19009,-0.043914683919109465
19010,-0.026729988939569516
19011,-0.0038392640727079597
19012,-0.025461301816502746
19013,0.015317220018545186
19014,0.03800493896478929
19015,-0.024714902563250596
19016,0.032210825677711385
19017,-0.07531289275296144
19018,-0.13637390687159634
19019,-0.03531993461250005
19020,-0.032072841112224026
19021,0.004622276964410643
19022,-0.12306622629611125
19023,-0.06882801586184772
19024,-0.11630575318922165
19025,-0.13950354490514993
19026,-0.11648813013578241
19027,-0.1432389846136476
19028,-0.14825816418373006
19029,-0.223200102263012
19030,-0.2239498094429529
19031,-0.22226548445577465
19032,-0.19931492734623651
19033,-0.30022555991376026
19034,-0.3194861301424847
19035,-0.3296005556284044
19036,-0.2847151680995373
19037,-0.2598294548637052
19038,-0.306524823406231
19039,-0.2650152685348301
19040,-0.1759960513294515
19041,-0.08201955559915708
19042,0.044908775404687296
19043,0.0983673764927323
19044,0.07986742075365227
19045,0.0539462359707219
19046,-0.07533735993155749
19047,-0.10471778078769156
19048,0.15526814388997656
19049,0.1554719181600397
19050,0.08696820731575694
19051,0.059224413018379995
19052,-0.054635270340090636
19053,-0.026997727606402677
19054,0.10333206495364355
19055,0.05977903633600079
19056,0.02861419451016667
19057,0.05681031562715355
19058,0.06528351749589312
19059,0.12188811065836536
19060,0.12666298829159528
19061,0.15834332537567053
19062,0.04803467502047731
19063,0.03948366818776117
19064,0.04316426284559127
19065,0.07241564367991193
19066,0.06871595688396637
19067,0.06207620453902507
19068,-0.056197634679176045
19069,-0.07816351288549883
19070,-0.1427277573593566
19071,-0.15443214036919312
19072,-0.13375881014151136
19073,-0.1398959998146641
19074,-0.16139120461285678
19075,-0.12305009189176169
19076,-0.05441387484930571
19077,-0.014147490185833445
19078,-0.057479009120673275
19079,-0.07528608236701773
19080,-0.02763562973303435
19081,-0.06392978976591096
19082,-0.08939675882921738
19083,-0.12037085449107654
19084,-0.07972767913877882
19085,0.05017486279238459
19086,0.06620100813131435
19087,0.041816710882663366
19088,0.031830601469936326
19089,0.026712826463353934
19090,0.03079228778389098
19091,0.042600673988547055
19092,0.010383491949774948
19093,-0.00352988330849896
19094,-0.028480844444014608
19095,-0.00477562453667002
19096,0.030279998671348674
19097,0.007701829086274925
19098,0.05102088904759772
19099,0.021569856668674392
19100,0.001395690245130865
19101,0.0025242723534091294
19102,0.022009080143460147
19103,-0.0009329050031007813
19104,0.04611640416312213
19105,0.02513893071522011
19106,0.02203496217229306
19107,0.06607738267640961
19108,0.07095464016882269
19109,0.08481254757303625
19110,0.05028314177266524
19111,0.017552559750350527
19112,0.028105091654684222
19113,-0.04984828853668394
19114,0.01241830517970155
19115,-0.0517554247749466
19116,-0.13100631755074682
19117,-0.15943880684869144
19118,-0.08532948852819616
19119,-0.11324564607623877
19120,-0.1649127816162559
19121,-0.23698936422269673
19122,-0.2873941351461441
19123,-0.2579566521749677
19124,-0.2204754121991836
19125,-0.2165496546484042
19126,-0.20695042736964087
19127,-0.23338655493182858
19128,-0.22478285213103089
19129,-0.21370968087025094
19130,-0.29286607658823394
19131,-0.2927814155972571
19132,-0.29902662696666105
19133,-0.2933155884846649
19134,-0.2859385206041585
19135,-0.28349678126479033
19136,-0.24931875366512601
19137,-0.24390371162875185
19138,-0.24297443591100254
19139,-0.2511018709940007
19140,-0.2234564495939652
19141,-0.20323705932908454
19142,-0.1052004514690228
19143,-0.04022002489211163
19144,-0.05442404202761314
19145,0.01959884033086845
19146,-0.09207925377232495
19147,0.0011314652620513233
19148,-0.05808913520435144
19149,-0.14778235877930507
19150,-0.07046400544178849
19151,-0.13740293704355983
19152,-0.05434285209410178
19153,-0.0666473613842492
19154,-0.04361619251840543
19155,-0.015148385311448298
19156,-0.02135480255439398
19157,0.005681421812108733
19158,-0.06327871634345605
19159,-0.05532053886604266
19160,-0.06832233899465584
19161,-0.06967469808829885
19162,-0.0937995322399322
19163,-0.15464415288725214
19164,-0.1393418810736043
19165,-0.16108179740576395
19166,-0.18154662786241732
19167,-0.1607353306263124
19168,-0.14847630597226752
19169,-0.10816975284802627
19170,-0.08839596380971393
19171,-0.09495069750281193
19172,-0.11465454556531052
19173,-0.07145403311875709
19174,-0.09396676033497275
19175,-0.09489713102247699
19176,-0.04593253143874748
19177,0.0663593006022053
19178,0.08416000420317704
19179,0.08200279455848858
19180,0.1386796443308509
19181,0.14991602765818424
19182,0.11983367155714819
19183,0.06825411321040975
19184,-0.043943577139205825
19185,-0.07780100212766194
19186,-0.10881490414268691
19187,-0.06650244942836164
19188,-0.005546786612981525
19189,-0.005536415610881751
19190,0.021913998430305504
19191,0.010558229900808569
19192,0.050126254502196654
19193,0.07636652690466161
19194,0.08736262563522057
19195,0.0901937397605026
19196,0.11059660410030392
19197,0.11598561373914451
19198,0.15609146527607187
19199,0.15956591492506944
19200,0.1462265949754793
19201,0.11284108321755926
19202,0.10584739215975314
19203,0.11318629967321736
19204,0.1499353332174923
19205,0.1531564991479708
19206,0.18887893654261956
19207,0.09327047999093563
19208,0.14874329001005504
19209,0.12912763951752138
19210,0.08347901926925982
19211,0.02463005631205606
19212,-0.10852413562590335
19213,-0.11617888773709845
19214,-0.048561802520299124
19215,-0.01643706867942385
19216,-0.17168236186178898
19217,-0.23956932308310336
19218,-0.18312556576884365
19219,-0.1651182499364005
19220,-0.11671909641193184
19221,-0.10591228883235865
19222,-0.10991255065355515
19223,-0.0936031181254533
19224,-0.09516934200204508
19225,-0.0634192882850172
19226,-0.14895619445594943
19227,-0.09598343309584634
19228,-0.1311649279228057
19229,-0.20584041952894194
19230,-0.2217541179647603
19231,-0.19759647959210275
19232,-0.2214814683586293
19233,-0.254274670020294
19234,-0.24046061845612055
19235,-0.24711166228275722
19236,-0.19593039830964598
19237,-0.10441642271796303
19238,-0.10899915036857694
19239,-0.2084220507681786
19240,-0.14895468383295057
19241,-0.11014753993685972
19242,-0.05177551862684815
19243,-0.1115910673480397
19244,-0.13342017997225192
19245,-0.07092119903062744
19246,-0.06559454278017951
19247,-0.04830234181110693
19248,-0.03770634628304065
19249,-0.014105777408087217
19250,0.03060196346980315
19251,0.06740140445328024
19252,0.0774580551441093
19253,0.0550703557563349
19254,0.06928735709445988
19255,0.10308922241977547
19256,0.0581017445732982
19257,0.06878660483086663
19258,0.025603140250888834
19259,0.024744050659144534
19260,0.02649008264845254
19261,0.05446585579031393
19262,-0.005033796662485934
19263,-0.07312976108698449
19264,-0.05972246821367755
19265,-0.0023079093489526414
19266,-0.027470965884057286
19267,-0.01503433285079342
19268,0.020459880795490104
19269,0.03398275725720512
19270,0.05489594024083044
19271,0.04533740183033097
19272,0.03395379210463645
19273,-0.03131798893752269
19274,-0.03620836364230762
19275,-0.08996549210008825
19276,-0.07388047616939347
19277,-0.05527601142783095
19278,-0.048895509252919855
19279,-0.11876631845407032
19280,-0.17358001066875234
19281,-0.17692815214108926
19282,-0.18351597660456265
19283,-0.13439546240967193
19284,0.016169373640054996
19285,0.060485992471723815
19286,0.07415049522505579
19287,0.0865478432875757
19288,0.0954293281413513
19289,0.09699287168072446
19290,0.14328632452732193
19291,0.1305818317659424
19292,0.11488257107670963
19293,0.14251374838656639
19294,0.14952570069647164
19295,0.08418883149991152
19296,0.15672580066024544
19297,0.15276108984715298
19298,0.15300060921194925
19299,0.13500657025129637
19300,0.15207144549708063
19301,0.15146073511231328
19302,0.16440643058886695
19303,0.16033914809805305
19304,0.09870899848422221
19305,0.07912611112423773
19306,0.11053243863466355
19307,0.045793075530245586
19308,-0.02601641709882002
19309,0.022649128281718278
19310,0.09348114170355104
19311,0.110287232371437
19312,0.0006284824867331951
19313,-0.015434776122666638
19314,0.04945311673677977
19315,0.10282793903561327
19316,0.10129644909157665
19317,0.1045536019378821
19318,0.09260419255498453
19319,0.10080001772284486
19320,0.07438172270260712
19321,0.11922865095430424
19322,-0.010629908919680964
19323,-0.15005369750252595
19324,-0.23994266335372838
19325,-0.2627869396919056
19326,-0.26262436881048556
19327,-0.2772426015683106
19328,-0.2847298686517309
19329,-0.3110857056257667
19330,-0.32823768584695284
19331,-0.30130894286457355
19332,-0.293154538612059
19333,-0.27163148264179987
19334,-0.25916954261186176
19335,-0.1922887954350187
19336,-0.12465954940327045
19337,-0.04476841988286023
19338,-0.11544956935821982
19339,-0.1493672314276917
19340,-0.1553350831681482
19341,-0.08155039436548872
19342,-0.08340657147890529
19343,-0.0267095895323487
19344,-0.09515279425816603
19345,-0.0098242233304065
19346,-0.025205934993384027
19347,0.024943327054950726
19348,0.004093631870185299
19349,-0.029411394226241505
19350,-0.008891418638110937
19351,0.03442013554896728
19352,0.06981760513169677
19353,0.07159348334842408
19354,-0.018886100216814417
19355,0.007221985943475895
19356,0.028371248525191795
19357,-0.06294352333531117
19358,-0.1314589782845454
19359,-0.12969975889636298
19360,-0.09557162884184833
19361,-0.12276090601966466
19362,-0.12853862383371678
19363,-0.11726968226787171
19364,-0.15935357528252136
19365,-0.12803041246365582
19366,-0.10394414927556939
19367,-0.09213919415862809
19368,-0.08838677614876789
19369,-0.11201002857984449
19370,-0.1794761871670244
19371,-0.2630683310684027
19372,-0.2648997808664438
19373,-0.2474300695455337
19374,-0.2031144088676607
19375,-0.24513058208996819
19376,-0.2778755561777173
19377,-0.3224962485062209
19378,-0.30986574776275394
19379,-0.28079677207716885
19380,-0.2356082496291843
19381,-0.1499846193616723
19382,-0.09595247664006273
19383,-0.041744192820012405
19384,0.0651403906786503
19385,0.07295672535914322
19386,0.08745622460414137
19387,0.06168406860733833
19388,0.09083528375671945
19389,0.1049022350557377
19390,0.13358138252434903
19391,0.1567521747376761
19392,0.19380761746913788
19393,0.1964835253359577
19394,0.20546955743031992
19395,0.19262405439381314
19396,0.17346481917192214
19397,0.14386317699268691
19398,0.1131921202534627
19399,0.04079736463399608
19400,0.09949514781213942
19401,0.08527670026949774
19402,0.11518315886444042
19403,0.11308284184996331
19404,-0.06666026788976487
19405,0.054950589633259606
19406,0.12816213433374946
19407,0.09565350674789053
19408,0.04131248555990319
19409,-0.012957515865503144
19410,-0.08469608547325025
19411,0.14179050531572313
19412,0.2034608209429717
19413,0.17726505463483133
19414,0.222479178246216
19415,0.1622211992267415
19416,0.10587149409628027
19417,0.13405616909475404
19418,0.02282326285628211
19419,-0.07418874124741553
19420,-0.08059611345691592
19421,-0.08180099567589616
19422,-0.17486064170862747
19423,-0.23689886736138938
19424,-0.2745922583060191
19425,-0.23283697905038758
19426,-0.2094830020709667
19427,-0.21624697663065173
19428,-0.09503837103971724
19429,-0.20167058389048015
19430,-0.11977533844403287
19431,-0.12948067631618326
19432,-0.18357580048491573
19433,-0.10037323894884109
19434,-0.0407312596311879
19435,-0.008179975615269341
19436,0.03155674522874763
19437,0.11416723782165872
19438,0.14589663657241037
19439,0.14559776946041036
19440,0.15015810953059083
19441,0.16279956250302519
19442,0.22809634854696792
19443,0.22020592599275912
19444,0.21827975563600777
19445,0.19387467563266836
19446,0.16436629707959938
19447,0.20901098141579622
19448,0.2641686655206126
19449,0.14399958959747872
19450,0.18756379715639082
19451,0.20436339683358506
19452,0.23778063875497257
19453,0.13126275097410967
19454,0.1017645358592032
19455,0.09965556373774587
19456,0.11983366243878935
19457,-0.0433803620671635
19458,-0.12262755068323605
19459,-0.07882715098367565
19460,-0.0047258285262452016
19461,-0.10628183927724455
19462,-0.010768007043399919
19463,0.009467923487201158
19464,0.051061496775510196
19465,0.006263615624466201
19466,0.0477299279940977
19467,0.06840202417072849
19468,0.13599513536556707
19469,0.17334225874949538
19470,0.037567224680902345
19471,-0.09057687420535004
19472,-0.010469462618267644
19473,-0.05613562760710744
19474,-0.12377291706268712
19475,-0.1709664622869268
19476,-0.18322933564312055
19477,-0.1831349877465579
19478,-0.07082727257403337
19479,0.10579757732259387
19480,0.05193797014511792
19481,-0.04525439684614413
19482,-0.11329914917038891
19483,-0.1377339206910267
19484,-0.12532503322010602
19485,-0.06146558665283164
19486,0.05321394533236712
19487,0.015447245862894587
19488,-0.014872554250263181
19489,-0.05499322759915143
19490,-0.07124188887101984
19491,-0.0607127361415557
19492,-0.03141653814376538
19493,-0.030021163414387708
19494,-0.04804623218421539
19495,-0.0785220262498017
19496,-0.1105378500156351
19497,-0.13005492285299924
19498,-0.11043856278732034
19499,-0.1054962869323578
19500,-0.26630632189325537
19501,-0.25689704631634924
19502,-0.21943009115350487
19503,-0.22106634135867081
19504,-0.23622536120959914
19505,-0.22264995223710637
19506,-0.16750816924165302
19507,-0.15153319630828832
19508,-0.11834901451621643
19509,-0.03687778916889917
19510,-0.04432052629867134
19511,-0.004593152906732345
19512,-0.147847488157421
19513,-0.1769243883846881
19514,-0.1997387188237819
19515,-0.15123622412804044
19516,-0.07123962604340123
19517,-0.1554913049605407
19518,-0.06943765368561561
19519,-0.1257227963887071
19520,-0.032154129927141395
19521,0.0395906118509034
19522,-0.17606039277986685
19523,-0.10509883175711321
19524,-0.13695073004629688
19525,-0.0760537210690087
19526,-0.15565513705003253
19527,-0.1343610242038401
19528,-0.14626210517836064
19529,-0.12026750611525056
19530,-0.11998033260828289
19531,0.0004351320799468317
19532,-0.15384887846805845
19533,-0.13262312904506085
19534,-0.008454412465957628
19535,0.011631550787201683
19536,-0.046389553874681244
19537,-0.00372178743329854
19538,-0.03175557913108984
19539,0.038779593470372076
19540,0.019052394845766374
19541,-0.04235541037751006
19542,-0.0726356486466943
19543,-0.10237875258113566
19544,-0.14576755755180126
19545,-0.1738381397020894
19546,-0.2109284291840689
19547,-0.09811751057765372
19548,-0.10755503040223136
19549,-0.11959025280041935
19550,-0.1405202260944648
19551,-0.09264841004246804
19552,-0.02158331157373289
19553,0.0166214646703029
19554,0.05599079226256465
19555,0.09608520157744393
19556,0.03412727890504019
19557,0.039764907232704316
19558,0.03731021378643962
19559,0.03796971050737463
19560,0.0675509760417522
19561,-0.008745188970591511
19562,-0.0009190819165031394
19563,0.042980875955274334
19564,0.09667645687461035
19565,0.18044986953798803
19566,0.1957507199419002
19567,0.0812424327280159
19568,0.006730822505559897
19569,-0.05218072456274492
19570,-0.1510234485843503
19571,-0.11555333330395795
19572,-0.052687368012040825
19573,-0.06274848479883988
19574,-0.08527414214877027
19575,-0.055068547324135686
19576,-0.09118003680427245
19577,-0.12010571178729956
19578,-0.12903340818239473
19579,-0.1337200154029594
19580,-0.09094350247018002
19581,-0.0684020950336553
19582,-0.06335134867317693
19583,-0.07355914841459238
19584,-0.028575978133979885
19585,0.02537640628522997
19586,0.00016441153070234638
19587,0.04555097018179144
19588,0.0007933512154640887
19589,0.02908192705513346
19590,0.05464189301305966
19591,0.02523848573800125
19592,0.0474353004001179
19593,-0.05379277090779244
19594,-0.027586143631442794
19595,0.0034625497392067883
19596,-0.18398439614223105
19597,-0.20401387688447076
19598,-0.18401162704569857
19599,-0.13554542818937343
19600,-0.19137798466149925
19601,-0.2333483363553347
19602,-0.20556309215288093
19603,-0.22045609160949659
19604,-0.1675452716253671
19605,-0.10593288746705465
19606,-0.11599824335623576
19607,-0.12575307698483373
19608,-0.15268986322836398
19609,-0.198347593005828
19610,-0.2933812330836762
19611,-0.2892957236583693
19612,-0.3297146636690244
19613,-0.3333221907357546
19614,-0.3629390013214904
19615,-0.3046351937189129
19616,-0.351081253105158
19617,-0.27766424436094356
19618,-0.28231034855997017
19619,-0.19290299253135956
19620,-0.06045407021018995
19621,0.041259660460465475
19622,0.0657476440367879
19623,0.0773024254187733
19624,0.0843037305942852
19625,0.09111060649798486
19626,-0.023673577075361607
19627,-0.08848072011805241
19628,-0.15115823589403543
19629,-0.17208317045278065
19630,0.042198382554583636
19631,-0.03729427776768607
19632,0.191235730806385
19633,0.21279372648775108
19634,0.19066563122556135
19635,0.17166522949245977
19636,0.21209676118354215
19637,0.1459731329113393
19638,0.1453135757288465
19639,0.15714999076924419
19640,0.15322941674459667
19641,0.16375837535098126
19642,0.1420823096329611
19643,0.12472376253529027
19644,0.09437085071362683
19645,-0.005880897934085805
19646,-0.059765472805298814
19647,-0.04799826828651321
19648,-0.06623052452653677
19649,-0.15133968921286411
19650,-0.16989311592405443
19651,-0.08711814702878129
19652,-0.1278971547493265
19653,-0.0721315889806095
19654,-0.08034900105044773
19655,-0.023379812200532257
19656,0.07088839902723676
19657,0.1101260325226846
19658,0.15637203254325338
19659,0.11896807945066112
19660,0.13971203852829173
19661,0.1336399829654764
19662,0.147242665762231
19663,-0.048205952238498995
19664,-0.008599765379523672
19665,-0.05386179850478695
19666,-0.034262443345261684
19667,-0.06888494568651315
19668,-0.03870314527855312
19669,-0.07406442004481562
19670,-0.12464227744452483
19671,-0.07155950233748876
19672,-0.14544295402791008
19673,-0.11285125597563633
19674,0.06376351623083065
19675,0.03269887894484347
19676,0.07013327424317228
19677,0.001024427203914824
19678,-0.01771624034177216
19679,-0.03627578160981182
19680,-0.05484169668335903
19681,-0.009940231783432896
19682,0.046564253887527274
19683,-0.026507839813217526
19684,0.035473983186120606
19685,0.042124995612784266
19686,0.07865839913596662
19687,0.09878998750878609
19688,0.11348789274678095
19689,0.024291970390703077
19690,0.030695275957852708
19691,-0.006925845049947754
19692,-0.1569076766994516
19693,-0.1796159688148692
19694,-0.027978164525783
19695,-0.09205953419091245
19696,-0.06233508102273744
19697,-0.07836889484648835
19698,-0.07852974858998063
19699,-0.14897283193380684
19700,-0.1251046763686237
19701,-0.11688189356461859
19702,-0.07011466992281801
19703,-0.10713492239512928
19704,-0.17693611297288625
19705,-0.19922655046546572
19706,-0.17818245174309383
19707,-0.21064402602418847
19708,-0.23499024078455427
19709,-0.21827850653427466
19710,-0.08183584662487337
19711,-0.05052793279060497
19712,-0.10652245795492754
19713,-0.06454604636065325
19714,-0.15389232645603634
19715,-0.113055113773458
19716,-0.21311890301511371
19717,-0.1371279425694733
19718,-0.29138646168016236
19719,-0.2820373708263432
19720,-0.28271667682133417
19721,-0.0368432308613067
19722,-0.2046014974156144
19723,-0.1713487276893091
19724,-0.20224749791789592
19725,-0.04436555540091425
19726,-0.1980453142078289
19727,-0.06664557799702903
19728,-0.05496551140770445
19729,-0.13799343973351946
19730,0.005896101068606496
19731,-0.058298889759733186
19732,-0.16850771118537822
19733,-0.09869766253021639
19734,-0.09907591906044011
19735,-0.11550977429434706
19736,-0.14162294688352106
19737,-0.18256232935973277
19738,-0.2102408692611299
19739,-0.1978864973047197
19740,-0.135258330054832
19741,-0.10625851576368761
19742,-0.04467952708170336
19743,-0.01670931904194728
19744,-0.02808635542915966
19745,-0.01928822001763353
19746,-0.03284559154775979
19747,-0.031935087939168105
19748,-0.017093859879794504
19749,0.03281464000971823
19750,0.03201264282601968
19751,0.07761416536197774
19752,0.1422458756136853
19753,0.05043574608533907
19754,-0.009149496597429363
19755,-0.011507343043271778
19756,0.11848532587450111
19757,0.09329394039863126
19758,0.1283665189569957
19759,0.046333926280403004
19760,0.0327492759949628
19761,-0.038165469470522406
19762,-0.01304381948381722
19763,-0.002962971779772061
19764,0.027315837770996443
19765,0.042297398043355305
19766,0.06449915866335942
19767,0.1375363282342087
19768,0.17088668110233818
19769,0.24122327525495568
19770,0.24323767364251414
19771,0.24693202839505146
19772,0.2512378170959676
19773,0.22331928990543548
19774,0.08942576540589708
19775,0.08451263554880506
19776,0.10520602344178898
19777,0.07855747256041024
19778,0.12873047319658748
19779,0.13574252372368556
19780,0.13668264472063618
19781,0.1410357447086521
19782,0.1512267760092827
19783,0.1573576173568374
19784,0.11918978823045223
19785,0.08925474567059943
19786,0.06677241169643866
19787,0.05529479938013582
19788,-0.051923084183716106
19789,-0.17895974696005518
19790,-0.06584499966613516
19791,-0.16669450448447343
19792,-0.2137862045307211
19793,-0.27129731351814723
19794,-0.27498263218127056
19795,-0.2787196424760997
19796,-0.24539076765687423
19797,-0.22574386820962788
19798,-0.24963096683811914
19799,-0.2353380112759098
19800,-0.22312477938633685
19801,-0.239125188040754
19802,-0.3274283247729939
19803,-0.32420578488145624
19804,-0.3350732409786722
19805,-0.3266691019826633
19806,-0.32369989719645237
19807,-0.3027522503774609
19808,-0.29811347085055007
19809,-0.29419214046743536
19810,-0.2795181839550259
19811,-0.22597804726073345
19812,-0.11510571919661927
19813,-0.13812285622385512
19814,-0.18614086488923604
19815,-0.20112949098589017
19816,-0.10991254243456805
19817,-0.21312185989412707
19818,-0.19596605667136652
19819,-0.13546414104031296
19820,-0.11999472581638143
19821,-0.0939076311199819
19822,-0.06215893516668586
19823,-0.0246202540157886
19824,-0.05273103055934952
19825,-0.05160706345676208
19826,-0.01868638430601538
19827,0.008315025777983487
19828,0.02295071677613003
19829,0.024231653610096826
19830,0.0003414212362318203
19831,0.07069779630021444
19832,0.0137933332000586
19833,-0.0009624537106329711
19834,-0.034327257739334816
19835,0.04585836889290973
19836,0.06900524982673917
19837,0.013024825064447576
19838,-0.061019323891246646
19839,-0.08979818305607495
19840,-0.06655906771844311
19841,-0.049622380821110146
19842,-0.05979259059609954
19843,-0.07347330841480726
19844,-0.006962591098917503
19845,0.0045254378806727225
19846,-0.018626153340374263
19847,0.01394936640662725
19848,0.062027433629023854
19849,0.08598895491371206
19850,0.09451062234583052
19851,0.06520645416552973
19852,0.09779317299051193
19853,0.04009256280118034
19854,0.024314875097280808
19855,-0.07692829772486487
19856,-0.029847535353467847
19857,-0.10566895838081669
19858,-0.17109434501538662
19859,-0.1246775524770034
19860,-0.16923684702595299
19861,-0.15292115023203434
19862,-0.14212465577578232
19863,-0.10071423949756408
19864,-0.09463456316370344
19865,-0.054986374472109634
19866,-0.08678785626386504
19867,-0.09215623756567348
19868,-0.10558056455278131
19869,-0.10065381528791295
19870,0.00786507938832548
19871,0.006745258719296876
19872,0.02679932196910806
19873,0.11158669933800602
19874,0.008619446502380113
19875,-0.031420545722406046
19876,-0.006394126959777258
19877,0.006208953582958143
19878,0.04174247003561249
19879,-0.018238707824164535
19880,0.015221842643677208
19881,0.022765465093865456
19882,0.0005291989933039476
19883,-0.022014777041749256
19884,-0.10569105798366457
19885,-0.15353964755309912
19886,-0.13565192641702972
19887,-0.0692781290429954
19888,-0.10195944619877934
19889,-0.06503052844966106
19890,-0.0874290520545743
19891,-0.088551640828259
19892,-0.040895484409693705
19893,0.03590780075828426
19894,0.08797171905765666
19895,0.08171249617694687
19896,0.06341971927080892
19897,0.07881337586909709
19898,0.025869864180588675
19899,0.018458117187186374
19900,0.07094763730403308
19901,0.07561595485911077
19902,0.10301641003209328
19903,0.14319330976363287
19904,0.2725543763483457
19905,0.24151021710320486
19906,0.19588269751993515
19907,0.2725494200105023
19908,0.302497153173792
19909,0.3263746763288806
19910,0.2511770366275732
19911,0.21302229247388715
19912,0.10639580636693169
19913,0.08502548037832824
19914,0.1573214836880955
19915,0.2474269743396329
19916,0.16364988354829424
19917,0.24669457445454324
19918,0.22567676898763644
19919,0.10419733802299336
19920,0.06050667555841316
19921,0.1511258737162373
19922,0.19760881039842482
19923,0.24847006816041461
19924,0.25820604855727813
19925,0.2570768226330137
19926,0.2138369936762562
19927,0.2289081772966468
19928,0.24427924689837577
19929,0.20274341530818685
19930,0.1751667904944837
19931,0.16577333110819015
19932,0.14458385516076677
19933,0.09108010341884609
19934,0.06945439403609499
19935,0.0963382667774676
19936,0.054164061829820254
19937,0.00732969835249897
19938,-0.028377916451510887
19939,-0.031806014482893885
19940,0.030743254863992653
19941,0.09521918905760063
19942,0.056421620429881525
19943,0.08041809120840882
19944,0.10204929693383635
19945,0.08360984334442523
19946,0.042089702460138545
19947,0.11229726767865356
19948,0.16173923337289065
19949,0.12000843222338997
19950,0.12458455320905293
19951,0.10256597719669003
19952,0.09922054748341258
19953,0.13454393871638148
19954,0.12369404694267916
19955,0.12038551922085405
19956,0.1273499101335427
19957,0.11604858432436038
19958,0.08671255848634574
19959,0.08296758285219563
19960,0.11586294097806371
19961,0.0619365812125422
19962,0.07336763609104324
19963,0.059236570567167135
19964,0.061606684564910696
19965,0.07308175522910054
19966,0.05568344815035664
19967,0.09953276853949977
19968,0.10687157060389318
19969,0.13285625281467295
19970,0.1565463679718455
19971,0.1276370165584717
19972,0.1175390840176227
19973,0.12531269642651222
19974,0.12565886831978468
19975,0.05398589119767172
19976,0.04622198216785278
19977,0.05811801806342132
19978,0.033822725812170495
19979,0.041302984305039425
19980,0.048798835000312235
19981,-0.06192775025230546
19982,-0.008343688072973088
19983,0.017967425599651587
19984,0.014853245821927152
19985,-0.020751292278641364
19986,-0.03289594192427747
19987,-0.08499358237883242
19988,-0.04347066842884101
19989,-0.05786578749326593
19990,-0.02035906754262562
19991,0.034672617118976956
19992,0.07669856903580574
19993,0.0770479511547334
19994,0.032316722942630216
19995,0.005019828257676329
19996,-0.005488152622832199
19997,-0.05360625716118739
19998,-0.04704640414581035
19999,-0.056669539961010096
20000,-0.11743960760576366
20001,-0.17782434724491608
20002,-0.17142352977849573
20003,-0.18094025745747777
20004,-0.10667342034455152
20005,-0.06508650976022601
20006,-0.0865921428026355
20007,-0.07565894576715093
20008,-0.06816797883128273
20009,-0.08716336637268418
20010,-0.07038810840792797
20011,-0.14791406893066783
20012,0.040523863907412805
20013,0.02062971832057614
20014,0.04164772453017118
20015,0.13391904245145914
20016,0.1736965957194282
20017,0.19517011400875928
20018,0.16606017009579443
20019,0.18846067574530445
20020,0.2011709082102986
20021,0.17290279655228868
20022,0.18488609050260296
20023,0.1992022157113741
20024,0.2205566904855113
20025,0.21785822925102138
20026,0.1728818144464851
20027,0.12645710209647065
20028,0.07613049854551468
20029,0.015234906877359178
20030,0.01219672773674052
20031,0.04001980942734529
20032,0.024012797320285384
20033,0.015632983556349234
20034,-0.016553090170635
20035,-0.014873804988408346
20036,-0.010422105884398458
20037,-0.009096340341764875
20038,0.015333838443423065
20039,0.029787676845258404
20040,0.09916081153606382
20041,0.0456826418769134
20042,-0.008550164677621819
20043,0.01317534932120501
20044,0.027657615711059402
20045,-0.0029703158169470667
20046,0.03363806975829675
20047,0.020532982796107713
20048,0.03666828686837298
20049,-0.03945419849473614
20050,-0.03854737360274746
20051,-0.08131571543162225
20052,-0.05886759334835495
20053,-0.059250403192594614
20054,-0.0652664679226283
20055,-0.09637017188467711
20056,-0.01216882931163693
20057,0.0008640741241958683
20058,-0.06389082440775012
20059,0.013442392634909872
20060,0.03904331406922079
20061,-0.02545550489602777
20062,-0.09049983276479001
20063,-0.03963920126834025
20064,-0.002605284479379022
20065,-0.03220401650060867
20066,-0.034239686927678314
20067,-0.10474366894395581
20068,-0.04918332175919771
20069,0.01146348680176712
20070,-0.016399955082553652
20071,-0.004122205053061712
20072,0.02572250318566438
20073,0.06870492092272262
20074,0.11211953618919213
20075,0.05123550557092704
20076,-0.02775156098407494
20077,-0.14685024492840593
20078,-0.04032166636784379
20079,0.15967566077823647
20080,0.006036227295383556
20081,0.09604507562588283
20082,0.0961829723390083
20083,0.1818350492108548
20084,0.2032114951658739
20085,0.24246466605521844
20086,0.24555794641251705
20087,0.23538792397944086
20088,0.2341202837695009
20089,0.23117372691712756
20090,0.09671067000699463
20091,-0.05030498849141374
20092,-0.18472581784426084
20093,-0.09714460820782733
20094,-0.25360260264223594
20095,-0.3325197349456168
20096,-0.29549627815550356
20097,-0.26845203042924254
20098,-0.2912993310302646
20099,-0.3273937604139878
20100,-0.3199477272820782
20101,-0.3025459576296912
20102,-0.32051794439866294
20103,-0.29353776537964305
20104,-0.28005057750690276
20105,-0.2706056239143716
20106,-0.12281958563887219
20107,-0.08503687974907964
20108,-0.16204982951103297
20109,-0.09753882176912504
20110,-0.1761356135932205
20111,-0.12962700969934354
20112,-0.15828814660941987
20113,-0.11679685169418186
20114,-0.192194197590836
20115,-0.2825988370617818
20116,-0.26455995533099086
20117,-0.14096426938458534
20118,-0.21183517013332837
20119,-0.28312502083867314
20120,-0.2387114095568521
20121,-0.23479283463647704
20122,-0.14609737539081202
20123,-0.15780268641908007
20124,-0.13073893356528277
20125,-0.04882480692333491
20126,-0.057632423332569016
20127,-0.11627221200381505
20128,-0.011894919582082941
20129,-0.0261700868968629
20130,-0.0447553709739929
20131,0.00376714304893333
20132,0.06335155432797479
20133,0.07416062336475981
20134,0.08833792298769683
20135,0.13213787419813627
20136,0.16342246166051277
20137,0.014131941999512176
20138,-0.038652587122339654
20139,0.12457825059606364
20140,0.1788924877347493
20141,0.03164725705413818
20142,0.07181309578907924
20143,-0.015613567242970805
20144,-0.042262050502631876
20145,-0.12716782293451734
20146,-0.16723879543100917
20147,-0.12315011243866703
20148,-0.06300926085969227
20149,-0.0337127889463914
20150,-0.005998420945578953
20151,-0.008344557112703321
20152,0.04564628055055664
20153,0.06899505490443103
20154,0.13135774307508696
20155,0.0862166752891349
20156,0.09110601338658564
20157,0.11819602494754455
20158,0.21081292227809534
20159,0.021399503399785025
20160,0.06593720057677976
20161,0.06545643007404212
20162,0.08527063732433704
20163,0.07162694845401274
20164,0.11314647112530651
20165,0.10208442619595215
20166,0.0812337681123203
20167,0.06726859302119648
20168,0.057645677046490595
20169,0.0604459383451994
20170,0.009548124264924351
20171,0.029890690547596854
20172,-0.06948493516818022
20173,-0.17252145661247859
20174,-0.06025817335681305
20175,-0.08726111454664237
20176,-0.18379635066224115
20177,-0.20605871795550418
20178,-0.22658949107759563
20179,-0.15499771399217882
20180,-0.19428741760508694
20181,-0.21737012018393054
20182,-0.22752330268373666
20183,-0.2547590943468763
20184,-0.25040619199237674
20185,-0.2627301032454713
20186,-0.30452177651423984
20187,-0.30866137760836476
20188,-0.33310761561530516
20189,-0.34780160647370584
20190,-0.348749191517809
20191,-0.3367595948341835
20192,-0.32610303383965183
20193,-0.28389162889977143
20194,-0.26830668879418207
20195,-0.2726479023552665
20196,-0.25519480031736397
20197,-0.24663159851966476
20198,-0.2759827658985548
20199,-0.23805288178927053
20200,-0.256913268870371
20201,-0.23707998312876027
20202,-0.21833542905538883
20203,-0.21954702519146585
20204,-0.17554876151036541
20205,-0.1687332269014229
20206,-0.1640208252628203
20207,-0.045166782736508204
20208,-0.025595055779055798
20209,-0.012701746671018754
20210,-0.0025794481330325136
20211,-0.020658115442705682
20212,-0.001950798628992445
20213,-0.026955282603113695
20214,-0.04847607946912297
20215,-0.02769542895938748
20216,-0.02455811429745064
20217,-0.05061313565215453
20218,-0.0357918973967874
20219,-0.021798097966571173
20220,-0.07329922496134406
20221,0.0035069728423970936
20222,-0.061162320802540304
20223,-0.10219313941912656
20224,-0.08707879538207236
20225,-0.0024114815907535503
20226,0.013078051537454338
20227,0.016197433149633178
20228,0.04406225451803225
20229,0.06492772540401048
20230,0.01208542419895453
20231,-0.040567606498333464
20232,-0.002269609581074694
20233,-0.02288634637727638
20234,-0.04090868227953609
20235,0.05670229121760928
20236,0.09298811238878646
20237,0.04057054589442466
20238,-0.034983135992839975
20239,-0.06836267122668716
20240,-0.11702281926334618
20241,-0.15531527449121385
20242,-0.21979682920349203
20243,-0.17179881446263612
20244,-0.12258466818141972
20245,-0.048092382387056154
20246,-0.029404268065838957
20247,-0.03466429759327533
20248,-0.037565886041019625
20249,-0.0002986166813189195
20250,0.019481159417538363
20251,0.036153864469989805
20252,0.0476908099439155
20253,0.010419443568592035
20254,0.06066753035524075
20255,0.10953932683137546
20256,0.1737272555589343
20257,0.21196117732887942
20258,0.22264420211968328
20259,0.060538247307491355
20260,0.07804440101750032
20261,0.10001946680049656
20262,0.10780307716812487
20263,0.11514055095392972
20264,0.05644040542619755
20265,0.03429509337159742
20266,0.04845804192709058
20267,-0.0010578019913584091
20268,-0.06041108158007924
20269,-0.2091106163108259
20270,-0.12397678859228212
20271,-0.11021373387142408
20272,-0.23183266947100006
20273,-0.30559175777424413
20274,-0.2896661993983304
20275,-0.28346696569547325
20276,-0.20810227445899754
20277,-0.15948727299657817
20278,-0.1853500464421261
20279,-0.16838229386772008
20280,-0.14185125124474884
20281,-0.06139264508631054
20282,-0.11136752051742038
20283,-0.16664488805568778
20284,-0.11752213591137273
20285,-0.19754732259850827
20286,-0.20534508150097114
20287,-0.19777094794022254
20288,-0.23829157552163854
20289,-0.230485184242123
20290,-0.22456157220097928
20291,-0.2350526779630312
20292,-0.24641428961914774
20293,-0.24210372690955095
20294,-0.2484585815928308
20295,-0.15649328929363832
20296,-0.1435272791677964
20297,-0.09663959222335405
20298,-0.11210220479707805
20299,-0.08846066718789664
20300,-0.10106041210695949
20301,-0.10840949962287905
20302,-0.06449760273228194
20303,-0.03269130567902917
20304,-0.05074662533560659
20305,-0.07120477526609914
20306,-0.02359709371893004
20307,-0.030935184413215744
20308,0.011695218212871561
20309,0.030693176619504436
20310,0.023344053669563936
20311,0.01755620598481289
20312,0.015125571608012978
20313,0.08194481708688894
20314,0.043047092832018685
20315,0.024030079025773254
20316,-0.017776888220744413
20317,0.011012665650814712
20318,0.06655902527691526
20319,-0.11862572425422474
20320,-0.06985726180348067
20321,0.02808261710857818
20322,0.01023812515131406
20323,0.11183576497485359
20324,0.15547098712725316
20325,0.19362669589806947
20326,0.14609469075211245
20327,0.16615685501029787
20328,0.22774312009768327
20329,0.22037242357767517
20330,0.16201528037606483
20331,0.23516126517369162
20332,0.267386052553942
20333,0.20849551781100095
20334,0.11844592354884997
20335,0.030277288255542767
20336,-0.03293528668516632
20337,-0.0547266061840081
20338,-0.13957553004918244
20339,-0.05786389469315767
20340,0.03550492812501704
20341,0.02999204145518275
20342,0.01380153599530698
20343,0.08630287453620156
20344,0.033903238495082255
20345,0.09586552616499644
20346,0.08039057054590515
20347,0.07840762623866193
20348,0.0755655888499952
20349,0.09583191259250046
20350,0.13405610080241215
20351,0.12588120609363762
20352,0.15864382363246832
20353,0.1769759927538631
20354,0.24560776874462387
20355,0.30784607594290725
20356,0.33074915638561075
20357,0.28565233956915503
20358,0.2891440924292683
20359,0.2621703896422255
20360,0.27082225747884314
20361,0.2584620848112207
20362,0.2588388023681123
20363,0.19502673835071138
20364,0.1912696163976969
20365,0.051331948626349266
20366,0.03527768423661226
20367,-0.05495849293258975
20368,-0.1846426650689364
20369,-0.26363587038594793
20370,-0.2116228481870327
20371,-0.22057046337862485
20372,-0.20801948621999766
20373,-0.19030341521589905
20374,-0.18828588806198138
20375,-0.15432767942971182
20376,-0.11305485830041928
20377,-0.02274511440760918
20378,-0.016964982108920168
20379,-0.1360549894848438
20380,-0.17666181172808565
20381,-0.1703786001854975
20382,-0.2018466538697301
20383,-0.17364936799364167
20384,-0.20230542664337758
20385,-0.16210841432876955
20386,-0.14713795766241577
20387,-0.11672710061541597
20388,-0.12032624399722891
20389,-0.12416060950306063
20390,-0.1443785497441442
20391,-0.013861420391322987
20392,-0.06288075648485741
20393,-0.0038404803242012564
20394,-0.00753964680751712
20395,0.02353270265637719
20396,0.006424119967989195
20397,0.003009991933935252
20398,-0.00715285884722866
20399,0.024472480243111217
20400,0.05247764432785562
20401,0.08293277552625966
20402,0.08553317576294972
20403,0.08323006613097839
20404,0.07723133274493688
20405,0.15777882319012526
20406,0.1235575066756518
20407,0.17754801817057975
20408,0.12582782649168345
20409,0.12883007855392514
20410,0.0789009326518112
20411,0.07110800804731421
20412,0.07875320305965228
20413,0.10717630430128033
20414,-0.037737543773209314
20415,-0.07226242017355577
20416,-0.07748745926210576
20417,-0.13115090438922994
20418,-0.15712446197326713
20419,-0.1176706238712879
20420,-0.10678800687089562
20421,-0.09033393483697438
20422,-0.0898356790780328
20423,-0.03910140397603146
20424,-0.06053864780091206
20425,-0.04421776465838373
20426,-0.023798177188249336
20427,0.09344655939540536
20428,0.07414885857788334
20429,0.015955884148299515
20430,0.04759856106226468
20431,0.04292743556778644
20432,0.02635644314592489
20433,-0.0807847852412264
20434,-0.16069555722937445
20435,-0.1610066873900765
20436,-0.11937890006173241
20437,0.0010108519852667364
20438,0.018589554104704975
20439,0.029639058300960475
20440,0.08354744772049927
20441,0.15522245359155862
20442,0.16058610177358668
20443,0.16273630692057695
20444,0.1808227143512433
20445,0.20839603035470966
20446,0.23448662098854678
20447,0.21060422283502178
20448,0.22644128899649008
20449,0.22510101181583086
20450,0.16368273539904699
20451,0.14989509959386316
20452,0.18726094934408188
20453,0.19510455602247867
20454,0.2176895421202707
20455,0.19445332080386868
20456,0.13574057656428296
20457,0.05999070769616899
20458,0.0352193908070948
20459,0.02004717515870369
20460,0.03338165589549569
20461,-0.13204810672077083
20462,-0.12434672354737986
20463,-0.09379352699738652
20464,-0.13217655169591402
20465,-0.18289791582911175
20466,-0.24526678551240716
20467,-0.16249260033499574
20468,-0.09885293300179165
20469,-0.07249505993571576
20470,-0.05248819242953606
20471,-0.038025952496872684
20472,-0.05941172614598561
20473,-0.028727029064837595
20474,-0.07327204886973321
20475,-0.06791227053888554
20476,-0.14871040875986347
20477,-0.17127258979877313
20478,-0.15585077211599024
20479,-0.14564726857229215
20480,-0.0987935714469339
20481,-0.17309608620147465
20482,-0.1638367501024206
20483,0.033215302745334685
20484,0.17414766608770116
20485,0.16222221551534888
20486,0.186145770352254
20487,0.20082964728371056
20488,0.22747255855366988
20489,0.2623140223611715
20490,0.2162148099553547
20491,0.26017600325632384
20492,0.2089590567006444
20493,0.20116543347117632
20494,0.19527785140295928
20495,0.20505765842626444
20496,0.21954099149413087
20497,0.22701458406184005
20498,0.24884085413141366
20499,0.22207025344297782
20500,0.2786738425976949
20501,0.257556074602045
20502,0.1848572549026708
20503,0.13022233542499295
20504,0.06716793086239492
20505,0.08087454680571482
20506,0.07140949524381468
20507,-0.008849265834305009
20508,-0.04453917746407959
20509,-0.0552491478751409
20510,-0.055005758854878906
20511,-0.10195135286335733
20512,-0.13681421742833616
20513,-0.13009612663042586
20514,-0.10927488929263435
20515,-0.12767563556279315
20516,-0.13384493731814984
20517,-0.14547621597963112
20518,-0.13560022220202467
20519,-0.1364961366167906
20520,-0.1030888720514066
20521,-0.15114898019151868
20522,-0.08931250338633961
20523,0.010417906354429962
20524,-0.02347268172159661
20525,-0.05765014702546817
20526,-0.0016492811151802012
20527,0.00023482978145794586
20528,0.0015338542048010106
20529,0.010796262521783118
20530,-0.07154230280073215
20531,-0.06840048468260368
20532,-0.028156970376399748
20533,0.005262661249521572
20534,0.06102483397070202
20535,0.1447201856782423
20536,0.1314735444770181
20537,0.1281689862863955
20538,-0.019044232428648722
20539,-0.022359418547168275
20540,0.002770527668227052
20541,0.05366141932611601
20542,0.07261317135751089
20543,0.1419890459187526
20544,0.17197799545037606
20545,0.15995323953535867
20546,0.1612246561943136
20547,0.02120450270432328
20548,0.1381203742456989
20549,0.15837348229588444
20550,0.047561759561472905
20551,0.09488338227450166
20552,0.042379297964234786
20553,-0.00880216406875639
20554,-0.033012462335902104
20555,-0.03758525882400987
20556,-0.05067138282924821
20557,-0.14933491675627886
20558,-0.14920118318608633
20559,-0.15467210099290563
20560,-0.13646735431595491
20561,-0.1481759569119176
20562,-0.09701176136306727
20563,-0.04463435063169535
20564,0.008600584674955059
20565,0.03698511248762215
20566,0.04676128174440186
20567,0.05442891494853919
20568,0.00828972615268131
20569,0.0671780638554148
20570,0.052504189756277464
20571,0.20313187731050686
20572,0.0456104797037884
20573,0.0005968830336383624
20574,-0.028036666153528067
20575,0.03475572895927703
20576,-0.012272187406987822
20577,-0.05601836213744216
20578,-0.04690037196519892
20579,-0.04877677697153737
20580,-0.014590696765686917
20581,0.1377297541205117
20582,0.010542208095510652
20583,0.01882837725703279
20584,0.09111107667490359
20585,-0.05480955056721931
20586,0.03984242191942544
20587,-0.11021495283015098
20588,-0.09556638590106903
20589,-0.11370862148973643
20590,0.08038867018434814
20591,-0.00897385895001196
20592,0.03270018227734339
20593,0.09403786006295234
20594,0.04099805297403525
20595,-0.028602568741343593
20596,0.027298388723878908
20597,-0.008678599504630902
20598,-0.0017787517624223703
20599,-0.05978858655087882
20600,-0.11116777745802181
20601,-0.10530109490861261
20602,-0.08122794636182318
20603,-0.09711803965033922
20604,-0.07075219932899063
20605,-0.056913479401378364
20606,-0.09146451314020315
20607,-0.10950826694682275
20608,-0.10564336663162943
20609,-0.07942032448685926
20610,-0.11659756494611745
20611,-0.11982202026451427
20612,-0.12546892623715572
20613,-0.13820666296473966
20614,-0.1335060145297286
20615,-0.08581228406300101
20616,-0.08240212465315216
20617,-0.10836068372807722
20618,-0.0705396760953419
20619,0.007046558784992829
20620,0.054205155217808554
20621,0.03876042794373402
20622,0.046786643283159846
20623,0.056773008394775504
20624,0.04953503075929999
20625,0.05764430060594883
20626,0.03630267373257057
20627,0.0444668148662678
20628,0.056787295894653034
20629,0.06697425555784675
20630,0.10880250124481317
20631,0.08882021347713809
20632,0.09300855152413989
20633,0.10335879544731874
20634,0.10882386304956437
20635,0.13946179477007214
20636,0.1426251799720003
20637,0.13797489944584407
20638,0.12203856099823907
20639,0.11883648113031797
20640,0.14195300126497723
20641,0.11920807484670504
20642,0.1182929038476892
20643,0.1177826400384605
20644,0.11500003664768266
20645,0.1407755395761232
20646,0.1172223265988247
20647,0.12279251405650449
20648,0.1185520114164107
20649,0.08740527188154501
20650,0.11215126590544422
20651,0.08198337227626584
20652,0.11834163229041883
20653,-0.00103040600216453
20654,-0.020546898554640147
20655,-0.0801681157785471
20656,-0.018338856250605162
20657,-0.09376101705940537
20658,-0.12181583563341547
20659,-0.125641015739689
20660,-0.13308714954078688
20661,-0.11161174622143605
20662,-0.1268998014215793
20663,-0.13106961342699047
20664,-0.08720904819863806
20665,-0.10958280494409467
20666,-0.15428894799691067
20667,-0.13186857593183188
20668,-0.1900190593904637
20669,-0.24089019425947467
20670,-0.2877140110532618
20671,-0.30646807235805307
20672,-0.32629551094359976
20673,-0.32186018582704146
20674,-0.33269279873302465
20675,-0.32727067614866034
20676,-0.31498493199384064
20677,-0.22392835965351598
20678,-0.15635470854249334
20679,-0.2644942612746981
20680,-0.22308995355130967
20681,-0.20052683580827751
20682,-0.1563544090518313
20683,-0.19616320819079913
20684,-0.15408195683689307
20685,-0.11956323335912666
20686,-0.11567415984491897
20687,-0.10442217792712727
20688,-0.1077561469826262
20689,-0.10752713378636808
20690,-0.05383553271279995
20691,-0.01026202226024786
20692,-0.019609181621448535
20693,-0.015116736560983834
20694,0.05406191698119622
20695,0.051427327700714454
20696,-0.025108834723252316
20697,0.11681015732383959
20698,0.002391711337870861
20699,0.08182849484358312
20700,-0.0961963942422005
20701,-0.003563041246314458
20702,-0.01280367535391641
20703,0.008848487473329891
20704,-0.027749832096564286
20705,-0.09591445013343358
20706,-0.10433473252999331
20707,-0.04242325356298132
20708,-0.01610387764494242
20709,0.02701285973202905
20710,0.035897297546843565
20711,0.09836727611262686
20712,0.0833428550137505
20713,0.016261179860104114
20714,0.14770687001726213
20715,0.19812958460823804
20716,-0.012866591737352273
20717,0.013786202032015304
20718,-0.07755310772937368
20719,-0.048482577295322404
20720,0.1720997088163535
20721,0.020076302461736195
20722,0.03645647317496237
20723,-0.04512310390100671
20724,-0.09911124996143428
20725,-0.1265761435794942
20726,0.023874062007177566
20727,0.14145089939240385
20728,0.11620248071741712
20729,0.1391555737901301
20730,0.0741127676855069
20731,0.07957903201835903
20732,0.16885106472783895
20733,0.03396284858906018
20734,0.07613220359369977
20735,0.17046249563665372
20736,0.10185642535650175
20737,0.08243515592568607
20738,0.08693746669871816
20739,0.06705905104104282
20740,0.056543097814837684
20741,0.0639804784099095
20742,0.14209870738520136
20743,0.06374276098482079
20744,0.039268031986554264
20745,0.11625951718878802
20746,0.0406178192547475
20747,0.061034832374089465
20748,0.027784841229263058
20749,-0.0010479839204134977
20750,-0.1841634473443824
20751,-0.10233550278366393
20752,-0.12724605430008978
20753,0.026883790726447976
20754,0.0401605147405657
20755,0.040598341656072345
20756,0.019795536875235165
20757,-0.028719883830630066
20758,-0.04606362333944236
20759,0.07067165675135301
20760,-0.026907065262825824
20761,0.003357834726912534
20762,-0.12344888679750954
20763,-0.15995292758372298
20764,-0.1620210128215548
20765,0.07801507745237024
20766,-0.09734546244586817
20767,-0.09159723792702784
20768,0.019579004016340162
20769,0.010621737524245
20770,-0.10176576207476007
20771,-0.17242481820181343
20772,-0.21798030666622814
20773,-0.05425597504209162
20774,-0.13135241047962515
20775,-0.16747500984400665
20776,-0.22463108174876434
20777,-0.21884492520538545
20778,-0.19899996649584167
20779,-0.20899271566011135
20780,-0.255469233472181
20781,0.007405325875322943
20782,-0.005536063051772788
20783,0.0032631204818955872
20784,0.009563858820608395
20785,0.11469218081953259
20786,0.1307362815655606
20787,0.11077427187950928
20788,0.0583028072627777
20789,0.0778500044683278
20790,0.10783143189502797
20791,0.13760894034760285
20792,0.13159906138399347
20793,0.1732096995349901
20794,0.22711573890380943
20795,0.032287398174763005
20796,0.08428958002492304
20797,0.08749474837069304
20798,0.12983428174179723
20799,0.11681497355892378
20800,0.07526764379316986
20801,0.058781383438471946
20802,0.06976088772474909
20803,0.06347871489810386
20804,0.09359105031487913
20805,0.07570667071661785
20806,0.09796364168556249
20807,0.12451386019682409
20808,0.16383085071937886
20809,0.1541560314989079
20810,0.2129777793970109
20811,0.2776283570557716
20812,0.1569558845291794
20813,0.08068267285527453
20814,0.10773206437318894
20815,0.013110172458412395
20816,0.041724733782529166
20817,0.007964479389136359
20818,0.01113994812205965
20819,0.05769597587294739
20820,-0.012660020012345008
20821,0.027934352983235544
20822,0.06820238282026925
20823,0.05920568018803796
20824,0.10406176262174549
20825,0.10710637903787112
20826,0.11161673698300767
20827,0.04661328903057549
20828,0.0496941610398266
20829,0.024077477889808407
20830,-0.010913406286450655
20831,0.01995485305080069
20832,0.02564322288059595
20833,0.030035628120075875
20834,0.028479757419554108
20835,0.029014575492004258
20836,0.08009933121416346
20837,0.09528880101937487
20838,0.13063365620236955
20839,0.1256199034227794
20840,0.06069375365947871
20841,0.039839221935030866
20842,0.04444443460849967
20843,0.032499210751497976
20844,0.02269317896214973
20845,-0.1314088761114004
20846,-0.024747585732473543
20847,-0.07618069101383346
20848,-0.11128860822540793
20849,-0.18675052997994257
20850,-0.16716001202696829
20851,-0.19527130870456727
20852,-0.2204713706927688
20853,-0.23666330050562434
20854,-0.2041851848351866
20855,-0.19426437037014244
20856,-0.19834978352719668
20857,-0.18598152625844122
20858,-0.22604707754975195
20859,-0.2320037510491837
20860,-0.2271860072358347
20861,-0.22230906777713605
20862,-0.2217310212388663
20863,-0.31860728251649806
20864,-0.3107736395516889
20865,-0.272967082962892
20866,-0.2883381481612944
20867,-0.2637961834497943
20868,-0.24158174944734334
20869,-0.23005675451692786
20870,-0.25469103029506845
20871,-0.09955639872648536
20872,-0.16432619724730263
20873,-0.14671837662092546
20874,-0.19752833442311768
20875,-0.21312223431023647
20876,-0.19934292075706994
20877,-0.19914836674151354
20878,-0.11442604995850203
20879,-0.02459470866608432
20880,-0.0904403102409101
20881,-0.04004147146696235
20882,-0.07051734404842014
20883,-0.018454812646257923
20884,-0.05817348942301681
20885,-0.05460664043465008
20886,-0.06710854314168857
20887,-0.09827735202688725
20888,-0.13150735419667225
20889,-0.14458226030854682
20890,-0.1382087281757266
20891,-0.12484988560503119
20892,-0.038663615400851836
20893,-0.06019004070702405
20894,-0.05808518002392227
20895,-0.09161595179936732
20896,-0.05955842345791035
20897,-0.08360104933222967
20898,-0.09490807980113053
20899,-0.0864745897799083
20900,-0.08452671492642283
20901,-0.0644941048063239
20902,-0.05419347722148399
20903,-0.019508055696651705
20904,0.008526437179711688
20905,0.030018241239414323
20906,0.08422920225598585
20907,0.19274108717348226
20908,0.13966707632070852
20909,0.06184330214462119
20910,-0.004465763649251664
20911,-0.04688781173233625
20912,-0.06408769321038293
20913,-0.09660528240487692
20914,-0.175842220364533
20915,-0.19400156364661508
20916,-0.18613363266349786
20917,-0.11415829833424296
20918,-0.09286481383643197
20919,-0.10597351764201618
20920,-0.12644493566452336
20921,-0.14876650679812314
20922,-0.14234093112164425
20923,-0.0972561173475337
20924,0.001781884438626924
20925,-0.03903194444837066
20926,0.04638895389760056
20927,-0.026604029531365314
20928,0.054180050252950585
20929,0.0981422242529516
20930,0.1322518852980923
20931,0.13593945991784318
20932,0.1016074044200771
20933,0.11550849181267231
20934,0.1364973783113118
20935,0.1205202341467908
20936,0.14325978223334612
20937,0.10708184015174171
20938,0.036829303712915706
20939,-0.03945181709008072
20940,-0.013868346886331984
20941,-0.18473518342756162
20942,-0.19867591160836368
20943,-0.2327372484880471
20944,-0.2284699043341265
20945,-0.31659218983763193
20946,-0.31941025956330726
20947,-0.32093634654159486
20948,-0.3069486372369354
20949,-0.24085057124622938
20950,-0.21588162788154613
20951,-0.15028933543270828
20952,-0.10328094027936624
20953,-0.0523206051729429
20954,-0.22123871239741755
20955,-0.26962722476334994
20956,-0.3530330582873214
20957,-0.33968272317953635
20958,-0.3772540380488848
20959,-0.3662316878683496
20960,-0.36201816945119736
20961,-0.3382877635470305
20962,-0.34718479897131216
20963,-0.32640388088898425
20964,-0.29427341996895195
20965,-0.2414348757874763
20966,-0.24659705535447002
20967,-0.24160900544904707
20968,-0.1344075335159961
20969,-0.10554833785703693
20970,-0.08210922574573054
20971,-0.10077655408765512
20972,-0.094839705423857
20973,-0.07360705292795977
20974,-0.0746194361163795
20975,-0.03619266904139373
20976,-0.027650050605440513
20977,-0.0526234401484828
20978,-0.05894471995231304
20979,-0.05146649865930064
20980,-0.05812821821552461
20981,-0.006657793631690723
20982,0.0023503478475983552
20983,-0.008324642316804964
20984,0.001767602406402724
20985,0.03146257186785095
20986,0.023508657581721715
20987,-0.049067723520864415
20988,0.008392846126445086
20989,-0.03699822597069602
20990,-0.13087720169575956
20991,-0.12014070971929625
20992,-0.0448735968567342
20993,-0.007996468972616022
20994,0.0005278418565448639
20995,0.01620935434590287
20996,0.09553687526885513
20997,0.16041870009734382
20998,0.13606555815001697
20999,0.16488956408986533
21000,0.17263057801221693
21001,0.10826561966376591
21002,0.10639103020969332
21003,0.03603403196638966
21004,-0.009832504450421164
21005,-0.17015818844739916
21006,-0.1633613068083105
21007,-0.21178063696673116
21008,-0.2172710618572482
21009,-0.25025090141338746
21010,-0.17865023172729472
21011,-0.1344884734538518
21012,-0.022891979404207508
21013,-0.024256157654163224
21014,-0.030854287816461323
21015,-0.0435283085487711
21016,-0.028061506326490016
21017,0.01443938597412131
21018,0.07403046096124499
21019,0.08134710809308876
21020,0.07436073869904347
21021,0.12118608155982691
21022,0.16478649643507426
21023,0.19013552615681273
21024,0.19661323504799055
21025,0.21295470072050948
21026,0.20766352716492642
21027,0.18469384111039577
21028,0.16154509522308347
21029,0.1997429206170186
21030,0.1276141065351024
21031,0.14655091153084598
21032,0.15151821918838315
21033,0.1568431575205833
21034,0.08829318785359208
21035,0.030703556560835454
21036,0.052568299791076134
21037,-0.04207449486270998
21038,-0.13825852215255025
21039,-0.11517439532349194
21040,-0.13128448922622538
21041,-0.24287468747016688
21042,-0.29971622169571205
21043,-0.2686853915269504
21044,-0.17386690163298846
21045,-0.14640995090568099
21046,-0.11857902018265454
21047,-0.09789210372731444
21048,-0.046467236449366234
21049,0.00225271193262111
21050,0.009148482757225684
21051,-0.026123459539916627
21052,-0.05990211197946005
21053,-0.12817701779050034
21054,-0.1856298821404035
21055,-0.14037327927542648
21056,0.02644586903191437
21057,-0.08779822064855425
21058,-0.10155813227994281
21059,-0.006269722677502809
21060,0.06477352360712563
21061,0.08308780469328725
21062,-0.022384374447428967
21063,0.06774056610512269
21064,-0.14376917245061593
21065,0.1444781160125922
21066,0.06616846483785999
21067,0.1484674494114102
21068,0.07429537412634202
21069,0.08044524166079625
21070,0.08511071263060066
21071,0.1811013014863484
21072,0.2002333424324808
21073,0.22155344783279507
21074,0.22406440227058488
21075,0.21454079809124516
21076,0.24604585213276553
21077,0.2506068157750987
21078,0.2465727521940757
21079,0.24067110529231828
21080,0.21214916539278883
21081,0.23058408444330003
21082,0.13472713028289662
21083,0.14440266118215883
21084,0.048135573369485485
21085,0.06845737703792354
21086,-0.06704690979549677
21087,-0.07489745238376527
21088,0.021233190917275935
21089,0.003454934192335779
21090,-0.12704205493828535
21091,-0.10226466122473332
21092,-0.06121868872850306
21093,-0.03798889463351607
21094,0.0791929634008286
21095,0.1210174367130088
21096,0.14079476971501204
21097,0.009029935055741123
21098,0.042543903000419325
21099,-0.059755710290401054
21100,0.014107852248004815
21101,-0.03386166041188049
21102,-0.01936721701139471
21103,-0.030323350581851538
21104,-0.07366339885068773
21105,-0.06080551924670241
21106,-0.12615091258036149
21107,-0.1081349631130909
21108,0.017108647153371237
21109,0.02949821106177164
21110,-0.010699560307457279
21111,0.0704840481166299
21112,0.10388617716527049
21113,0.10485034980288455
21114,-0.01626256869321485
21115,-0.0004969909076664725
21116,0.0289597560622189
21117,0.0015369618676918106
21118,0.0964147228385942
21119,0.0756373325847195
21120,0.07685308721250361
21121,0.09998067376679809
21122,0.12153034150280762
21123,0.11618557652045325
21124,0.14485343390179073
21125,0.005619599185157975
21126,0.041102054679626354
21127,0.08531471378443556
21128,0.043598940603127745
21129,-0.009464742785297908
21130,0.003089204866599471
21131,-0.0513289593722866
21132,-0.028093105867545376
21133,-0.1278683861830926
21134,-0.20225207293277342
21135,-0.19627795261162284
21136,-0.1876037527777818
21137,-0.15480546841608345
21138,-0.18812050778111372
21139,-0.10269010761077546
21140,-0.05076499635431714
21141,-0.017359297009695074
21142,0.013877087790097331
21143,0.038056634499544884
21144,-0.07127133223533733
21145,-0.006250805282777772
21146,0.0984301076192059
21147,0.10378569176467356
21148,0.186396877162453
21149,0.10482628722857368
21150,-0.11209533603237337
21151,-0.08757757105553543
21152,-0.060107386168679
21153,-0.1059052246899655
21154,-0.08936959192438731
21155,-0.13953435440197787
21156,-0.07020985388972845
21157,-0.08707057050554512
21158,-0.20185668716943905
21159,-0.024559285593941937
21160,0.1100871873628797
21161,0.02027319155679619
21162,0.09812159274996424
21163,-0.06424709261495015
21164,-0.10983072289756679
21165,-0.17224446897492884
21166,-0.1701527924158982
21167,-0.19013380922149076
21168,-0.21578411003561232
21169,-0.0958013905789108
21170,0.006292724903372626
21171,-0.05444695803359245
21172,-0.01279536387208352
21173,-0.03227758527310165
21174,-0.038107668651584325
21175,-0.12076042813227572
21176,-0.14534266039399685
21177,-0.10801279046521378
21178,-0.08002273451116304
21179,-0.05559897533637964
21180,-0.04249578762599554
21181,-0.037712587768095385
21182,-0.08532120506626184
21183,-0.11677584709202726
21184,-0.1240703102379076
21185,-0.09222641673543563
21186,-0.08155620917014678
21187,-0.04686245346915535
21188,-0.013550546060798585
21189,-0.02773033087570609
21190,-0.049822069514480094
21191,0.00758003271364216
21192,0.046433066402501444
21193,0.08096191005220721
21194,0.11171388411492333
21195,0.17349769961636485
21196,0.1299052439628815
21197,0.0408928106222175
21198,-0.08592755241820865
21199,-0.13757132117303528
21200,-0.20614219460592892
21201,-0.26613968596211046
21202,-0.27597438841064204
21203,-0.2624350719259157
21204,-0.25628629405025705
21205,-0.26365496966786445
21206,-0.23617206675883606
21207,-0.1946296180080156
21208,-0.18413012875358165
21209,-0.16406791032859647
21210,-0.15220534495817706
21211,-0.14194397539247328
21212,-0.13139094744071728
21213,-0.12771859324393942
21214,-0.10738826829030612
21215,-0.08926111171567586
21216,-0.08307533727545452
21217,-0.07101138082682057
21218,-0.056657580929388995
21219,-0.06870925182444898
21220,-0.06296244589899463
21221,-0.07923681569486601
21222,-0.07596678922289846
21223,-0.09556190687337496
21224,-0.09018871846167659
21225,-0.10519005735521114
21226,-0.08168528548110066
21227,-0.11105031302874036
21228,-0.15256855314814388
21229,-0.14407984514174588
21230,-0.1949153021747736
21231,-0.25004146352683054
21232,-0.2075042340139992
21233,-0.18954693234027348
21234,-0.2235503867841938
21235,-0.1382525339869845
21236,-0.21050276242958754
21237,-0.1755640066823127
21238,-0.06943066788015217
21239,-0.08066245354836765
21240,-0.04593723131731381
21241,-0.056283600244592
21242,-0.2303253324603577
21243,-0.2505842675347158
21244,-0.2559697835694519
21245,-0.14557295065882048
21246,-0.3395679898194824
21247,-0.32100140671961847
21248,-0.27107897351578447
21249,-0.24999359854143383
21250,-0.36630918296851617
21251,-0.3091872816696097
21252,-0.11467285620712453
21253,-0.17999565466253048
21254,-0.28594306660578506
21255,-0.2743585994679621
21256,-0.03783335184434994
21257,-0.01353808278195967
21258,-0.0531759994345532
21259,-0.01120054991949998
21260,0.08356996697642283
21261,-0.0017557968840739013
21262,0.11055161778043776
21263,0.10829407070651764
21264,0.06875315519368652
21265,0.17037671872023674
21266,0.13084764050235442
21267,0.169256449730945
21268,0.15026501404964654
21269,0.10491189226877862
21270,0.0997285328045554
21271,0.08467049404891602
21272,0.06563731785451543
21273,0.03646571801561527
21274,0.1344059335895993
21275,0.18258906295790278
21276,-0.0729024814953746
21277,-0.05944904858798772
21278,0.016841774177315583
21279,0.001199371799622151
21280,-0.020626908013943512
21281,-0.03599362304843934
21282,-0.07898703392941869
21283,-0.06249843268918198
21284,-0.06513706026734123
21285,-0.037113881996863995
21286,-0.015473680957869107
21287,0.01475697602981696
21288,0.03145182739995067
21289,0.0030239430555899505
21290,0.05448344506624336
21291,0.04268335229360898
21292,0.04350470215019997
21293,0.04231585565214602
21294,-0.03282509272581774
21295,-0.034123478155469844
21296,0.011066774506064858
21297,0.039815566145371184
21298,0.017891665872113993
21299,0.06758810301605434
21300,0.04542476125420514
21301,-0.0012166355359918835
21302,-0.041138468906804004
21303,0.0602521039187458
21304,0.09624337614007972
21305,0.08911725758636158
21306,0.06445696143391488
21307,0.055856679171448764
21308,0.07461925986244244
21309,0.07361331021172202
21310,0.06788406312275741
21311,-0.0783947000078481
21312,-0.05872267918478408
21313,-0.04570022497725246
21314,0.024422533459178664
21315,-0.029702987217857746
21316,-0.01960157318395267
21317,-0.08189683189540531
21318,-0.06597733486600238
21319,-0.06798745222651081
21320,-0.10775264665622702
21321,-0.08078138029221815
21322,-0.10986072718352136
21323,-0.07407945895541024
21324,-0.04309653035169436
21325,-0.12241139431348702
21326,-0.22712889122369534
21327,-0.22899685694653754
21328,0.013630421786112512
21329,-0.04932593138569652
21330,-0.18199899203190995
21331,-0.03497347719374738
21332,-0.09612403813096354
21333,-0.008028930214103447
21334,0.08857640169466163
21335,0.05449019869352956
21336,0.008731928777601872
21337,-0.039473381835132604
21338,-0.15394772507336352
21339,-0.282874314205239
21340,-0.35611308093208993
21341,-0.2991142157917771
21342,-0.35602380954577184
21343,-0.3229740507312133
21344,-0.2591733551813434
21345,-0.26023802744292823
21346,-0.24854992774393392
21347,-0.3127223278114638
21348,-0.3034301694607786
21349,-0.18574591735385387
21350,-0.22106775383478522
21351,-0.24688420696947777
21352,-0.14689669210144396
21353,-0.15217159323419055
21354,-0.15699382343802581
21355,-0.13262910282760065
21356,-0.1664398924743805
21357,-0.16033625977489885
21358,-0.03613900095360495
21359,-0.13145495740214963
21360,-0.11954376561261515
21361,-0.08451229184980669
21362,-0.029294273399939008
21363,0.012157674187140977
21364,-0.07693195542768078
21365,-0.16143823031177856
21366,-0.07043696680061579
21367,-0.11686417090372092
21368,-0.1191451377069776
21369,-0.1613182742919541
21370,-0.17144775144980284
21371,-0.18568511090255235
21372,-0.1390224805514509
21373,-0.17117378978114878
21374,0.054088708178811506
21375,-0.13223163358059786
21376,0.03567119056194901
21377,0.030653644569428207
21378,0.027577835212549195
21379,0.056817516819019476
21380,0.07117423548554458
21381,0.03754869381133341
21382,0.07967404383534837
21383,0.05654872394623678
21384,-0.120328573800764
21385,-0.0325888057903197
21386,0.13473778302920236
21387,0.03291501416470877
21388,0.17677088645678685
21389,0.1535544661341195
21390,0.16059505829987353
21391,0.04419736734411639
21392,0.15339997450867515
21393,0.15250967202410914
21394,0.13853133726683553
21395,0.08829026731054923
21396,-0.0021660659373920477
21397,-0.04682526983009144
21398,-0.020161338373804294
21399,0.005906843034417908
21400,0.06544049786893336
21401,0.09334543883387547
21402,0.13909987607403196
21403,0.11488008396106086
21404,0.11728308327312853
21405,0.10830414597513616
21406,0.06569050703388857
21407,-0.0041483442574535845
21408,0.05446890534539983
21409,0.009152699281126386
21410,0.05688874510425701
21411,0.07423667003787793
21412,0.051155321934830855
21413,0.06207891553188982
21414,0.026121806603774833
21415,0.059690381227699874
21416,0.06074842881745346
21417,0.015213687853733338
21418,0.07350238352317595
21419,0.09177119170358217
21420,0.11402594546967915
21421,0.11904890506936006
21422,-0.004324527127784805
21423,0.09445653031405599
21424,0.06525217332317601
21425,0.052758818499985205
21426,0.004369715920898187
21427,-0.1007733496480625
21428,-0.13198671418562802
21429,-0.09543292322050878
21430,-0.02982260267600506
21431,-0.061481561199750456
21432,-0.12125250960216843
21433,-0.12428910625880657
21434,-0.19759825884550286
21435,-0.3097045119572177
21436,-0.19295861814666526
21437,-0.21968050377601644
21438,-0.31515411260282905
21439,-0.31281898580977563
21440,-0.2754713381732265
21441,-0.26931994808406967
21442,-0.3407756080520745
21443,-0.23232178320395608
21444,-0.29349903205005673
21445,-0.2564266384496836
21446,-0.32905301170484375
21447,-0.291307709585073
21448,-0.19252412591260926
21449,-0.24319584579218778
21450,-0.11042113374145573
21451,-0.10491577974049615
21452,-0.15458986010023906
21453,-0.142573060446746
21454,-0.13983620799486213
21455,-0.08385672503131031
21456,-0.10932513652795961
21457,-0.10161334239144043
21458,-0.11190362386174807
21459,-0.038454384333984404
21460,0.004586117002986945
21461,0.005952656965954817
21462,0.028332846636868414
21463,-0.00033583282282467763
21464,0.02314147147786716
21465,0.04093554221785678
21466,-0.013785364090154295
21467,-0.07785463151403216
21468,-0.015358188473896195
21469,0.015594246461808292
21470,-0.010730374277181931
21471,0.0012180375923768194
21472,-0.009447291455549844
21473,-0.05094746648179116
21474,-0.10666793650167722
21475,-0.08548356910239602
21476,-0.08209017806616287
21477,-0.09654756688589056
21478,-0.06192775128145678
21479,-0.12831202036880623
21480,-0.15298369192552186
21481,-0.1525315876432085
21482,0.1614216466447902
21483,-0.1479578661846016
21484,-0.16346910579619872
21485,-0.21883931589211936
21486,-0.166093992528202
21487,-0.174651326993787
21488,-0.15462220504455992
21489,-0.13358514988294246
21490,-0.19676619402749035
21491,-0.14220834676810812
21492,-0.10992834382023103
21493,-0.03815495896010396
21494,-0.06723404953476686
21495,-0.029801002637166618
21496,0.012370289225782094
21497,-0.017976652628355183
21498,5.818955734504527e-05
21499,-0.00041682548875937586
21500,-0.028436901875358356
21501,0.02356907745054171
21502,0.02621445427995117
21503,-0.04126243714244343
21504,0.0336160101505929
21505,0.03194329781976024
21506,0.054733893682174406
21507,-0.021864997336670133
21508,0.02399675269115842
21509,-0.06788104846346749
21510,-0.008158661715048143
21511,0.05800073192857802
21512,0.07137905949078505
21513,0.047307316961805235
21514,-0.029962196480192216
21515,-0.07087582278046645
21516,0.009709688433263919
21517,-0.06091583706693199
21518,-0.08770064029878999
21519,-0.10031426620144157
21520,-0.1669963016607658
21521,-0.24328412234555946
21522,-0.24710666437319445
21523,-0.2849075825990579
21524,-0.2388635514152867
21525,-0.2214562398632251
21526,-0.16196004793007063
21527,-0.08026905803401474
21528,-0.0597202261378319
21529,-0.21883867145517388
21530,-0.18057839493200017
21531,-0.21036681262642587
21532,-0.20556660371044116
21533,-0.16227639903334623
21534,-0.22179067320082696
21535,-0.20982522961045263
21536,-0.19565176258300077
21537,-0.1960320157598941
21538,-0.264138130690537
21539,-0.253787194120045
21540,-0.2545096177854684
21541,-0.20644420151519782
21542,-0.2189841326380601
21543,-0.24249895530506055
21544,-0.1140698555365055
21545,-0.10846989524904938
21546,-0.04553082264078656
21547,-0.16450202165520367
21548,0.017376379393299612
21549,-0.06255763993804386
21550,-0.05089829145947916
21551,0.02571346215048409
21552,0.023515167109868118
21553,0.021125908123711956
21554,0.00485796440282249
21555,-0.02833680951991535
21556,0.018480595033918634
21557,0.03292899723116949
21558,0.004560090257017757
21559,0.014033421311755445
21560,0.05746371887282886
21561,0.04395379206177452
21562,-0.04230311271563797
21563,-0.03544416962864727
21564,-0.021666388907010503
21565,-0.059466313179247
21566,-0.17481978390248692
21567,-0.09975425787954384
21568,-0.005680806795369087
21569,0.024992975898699532
21570,0.04478736309261211
21571,0.06882904054858974
21572,0.08240995406450402
21573,0.08583469668183075
21574,0.11995326506534176
21575,0.11336737710089373
21576,-0.016485510673229176
21577,-0.16114087647110853
21578,-0.11409262300918055
21579,-0.23669114984266082
21580,-0.3349214876123596
21581,-0.3648907763410678
21582,-0.3429780564566733
21583,-0.3417398797494404
21584,-0.3065720568232228
21585,-0.3268300302679758
21586,-0.2803347574434922
21587,-0.25809618754948316
21588,-0.23714556733498904
21589,-0.13050546917559813
21590,-0.06759498744659753
21591,-0.021360068100414853
21592,-0.0382096070746587
21593,-0.07350003197210464
21594,-0.05685525243367462
21595,0.002685055142694348
21596,0.0051412248392765925
21597,-0.06029568618599346
21598,-0.052970111260740915
21599,-0.055267337417564566
21600,0.03082104616283987
21601,0.03338477315770949
21602,0.13015448213215952
21603,0.1017476612024999
21604,0.12270811064921472
21605,0.14125743765383947
21606,0.10499436802938289
21607,0.1232351659155203
21608,0.06551716243142391
21609,-0.05750494162451564
21610,-0.014725763528327884
21611,0.0013221623346033606
21612,-0.07302202925247225
21613,-0.13726782366302787
21614,-0.20773999419748906
21615,-0.2021495143035853
21616,-0.12927523700428933
21617,-0.18881881032721282
21618,-0.18910214034269207
21619,-0.16934867072102194
21620,-0.1722439776742029
21621,0.06757919981007487
21622,0.11098643180947043
21623,-0.03856514457759663
21624,-0.02857478465733737
21625,-0.02635105937724269
21626,-0.06342133948105466
21627,-0.1305329547258554
21628,-0.13072067993208536
21629,-0.17353490388325898
21630,-0.1907800186731835
21631,-0.29299911899960784
21632,-0.30326829700594016
21633,-0.22730120981988905
21634,-0.3205092988734493
21635,-0.2634352568259942
21636,-0.26836108475128984
21637,-0.2704546878536206
21638,-0.24719902540012695
21639,-0.21462596423410074
21640,-0.12621595267855118
21641,0.03315699438575681
21642,-0.033749209711806116
21643,-0.033191150125885305
21644,-0.04152609054932138
21645,0.005062495345715123
21646,0.07843907662892569
21647,0.07894131148339156
21648,0.06493703920291272
21649,0.0776134860312998
21650,0.020921036171335783
21651,0.017172910835295818
21652,0.004938760900743633
21653,0.021013755645475807
21654,0.06285610366123306
21655,0.015030802407788757
21656,0.0173283683431128
21657,-0.05510409894437035
21658,-0.06894156434596538
21659,-0.08392274524783472
21660,-0.08496290680149787
21661,-0.2080631997580396
21662,-0.20522987784386404
21663,-0.13627164198770275
21664,-0.09105476779479343
21665,-0.08919729305129087
21666,-0.03510587757169431
21667,-0.02728366836696311
21668,-0.009851482365079822
21669,0.027664259222814458
21670,-0.0238588234793754
21671,-0.2758805957658535
21672,-0.2668724537894155
21673,-0.04596296492792229
21674,-0.30677899614544635
21675,-0.3694371207863395
21676,-0.30306194334772496
21677,-0.08657895105809199
21678,-0.04525076963864266
21679,-0.11129798572624139
21680,-0.07563490920123694
21681,-0.08647741093958883
21682,-0.039352278172373356
21683,0.05778250237970828
21684,0.12160674972656538
21685,0.11352335819900361
21686,-0.08355783509167952
21687,-0.204151185807241
21688,-0.003335245053504299
21689,0.11521290515360239
21690,0.04709622793854229
21691,0.050664318272165
21692,0.06044132792392898
21693,0.07842920612262905
21694,-0.12154350992035134
21695,-0.10653621606599256
21696,0.039537347601160455
21697,-0.07169783785358341
21698,-0.0036354956865262134
21699,0.02470281458843726
21700,0.0535137138697922
21701,0.041530439236759364
21702,0.07131648812273306
21703,0.1432464329184494
21704,-0.08064917808302974
21705,-0.05171674844551449
21706,0.04494934311785426
21707,0.1139180946519951
21708,0.09274660583382555
21709,-0.15579536318686987
21710,-0.17486921142907247
21711,-0.1325889667922806
21712,-0.14470960751409012
21713,-0.14767694458097552
21714,-0.18945350506607328
21715,-0.15147776284705283
21716,-0.1486960002882428
21717,-0.14693092364284555
21718,-0.06699095996222171
21719,-0.11161638043785665
21720,-0.08382084273908486
21721,-0.007862365842173147
21722,-0.0011560397736576355
21723,-0.04244426861970324
21724,-0.1037801277182539
21725,-0.07221085820968254
21726,-0.14497749580659525
21727,-0.09202385636160643
21728,0.05248387552808509
21729,-0.05188983785107465
21730,-0.1436291037602132
21731,-0.15524373965929217
21732,-0.18263899603459643
21733,-0.19047719020425546
21734,-0.19657969490624366
21735,0.008448683223983844
21736,0.10143506226347054
21737,0.12624707875240937
21738,0.09657330062858516
21739,0.03932484782366996
21740,0.09354971695472314
21741,0.048264305725913226
21742,0.10354204500118303
21743,0.10915507234231081
21744,0.07974197977970454
21745,0.08429933879606877
21746,0.07822649780330304
21747,0.11792151453138777
21748,0.10205791701682865
21749,0.061819956458354586
21750,0.028161933847879572
21751,0.003469975976142181
21752,-0.01972574842237701
21753,-0.09416722577447417
21754,-0.1158265021025347
21755,-0.1918257170344722
21756,-0.2205458207262591
21757,-0.06523600870278201
21758,-0.15289304574736273
21759,-0.15531103697961035
21760,-0.15882691015321282
21761,-0.1555094265709719
21762,-0.14715433576414466
21763,-0.15287330356681506
21764,-0.12942170173736284
21765,-0.056379243057607664
21766,-0.1376887287980964
21767,-0.11926919623796367
21768,-0.11981344063241128
21769,-0.057648561735838766
21770,0.05010342068106077
21771,-0.016877844175379242
21772,-0.038925005015931546
21773,-0.04341678570408919
21774,-0.016418933218796006
21775,0.028687587757207922
21776,0.027549191183515065
21777,0.028500676651474932
21778,0.017983181929910108
21779,0.07819691978156851
21780,0.08866580180052774
21781,0.012241762921158417
21782,-0.14752887408201942
21783,-0.10572935000476419
21784,-0.021925895892215053
21785,0.07145945324563974
21786,0.082831604449211
21787,-0.03765761587823918
21788,-0.05175478768721725
21789,0.049812406174851054
21790,0.0010538381878731906
21791,0.010470489630318602
21792,0.03986931665383042
21793,0.04843229870288657
21794,0.029632743740716783
21795,-0.018916267767049078
21796,0.01667156646935286
21797,-7.648650148189828e-05
21798,-0.022360367130145498
21799,-0.04332706888706228
21800,0.01760777250218415
21801,0.05220118965513909
21802,0.024679448688315175
21803,-0.019507276673954244
21804,-0.023820806526420657
21805,-0.015366339470570811
21806,-0.10138947673204823
21807,-0.17918700465283371
21808,-0.15648414783030057
21809,-0.14795288482316443
21810,-0.2092701447213109
21811,-0.2365638463392269
21812,-0.24297823843059696
21813,-0.24298842079236949
21814,-0.2054286009966867
21815,-0.14094268094897416
21816,-0.09337155047531354
21817,-0.17651222727558058
21818,-0.16386613267069428
21819,-0.18029976962674088
21820,-0.16765479071965822
21821,-0.19276856148581445
21822,-0.23543944313799714
21823,-0.26762691691148743
21824,-0.25912174598339516
21825,-0.2394064944392404
21826,-0.299493105484949
21827,-0.2028125719609174
21828,-0.22183903136219302
21829,-0.22207010780896247
21830,-0.27631774706100554
21831,-0.26294852637025057
21832,-0.2507993997671478
21833,-0.23975852950988708
21834,-0.23036714772072803
21835,-0.16930272726229323
21836,-0.16337768336954683
21837,-0.16166722851293358
21838,-0.11775146450438767
21839,-0.07699837392060338
21840,-0.039691676777176776
21841,-0.021225534434444693
21842,-0.04336146650194861
21843,-0.11262627659792679
21844,-0.13516944195145913
21845,-0.17469417322586456
21846,-0.057183019063770324
21847,-0.13847499917950928
21848,-0.15126882730810498
21849,-0.15920950434845554
21850,-0.2005223700970985
21851,-0.1765027552803501
21852,-0.1489175898038294
21853,-0.15047287079428517
21854,-0.12595917073725682
21855,-0.09254367019110488
21856,-0.08597816590662744
21857,-0.08068237073783974
21858,-0.0736756976107788
21859,-0.043579840054636
21860,0.011220768900891853
21861,0.07598582582606506
21862,0.017719647474317535
21863,-0.03343451893247318
21864,-0.003655796031906189
21865,0.1028433815241031
21866,0.1340352265360597
21867,0.050345206282764066
21868,0.0251947133540259
21869,0.00044855565625756544
21870,-0.04047765298923567
21871,-0.13357735563144435
21872,-0.18919254980825734
21873,-0.19565904921252059
21874,-0.07021001562638185
21875,-0.040547958741951606
21876,-0.059857176682943714
21877,-0.11570347462819996
21878,-0.11540083463221906
21879,-0.10021242173721567
21880,-0.046153602262600735
21881,0.02955292088455974
21882,0.14888960669836027
21883,0.042201208926490485
21884,0.12911028852662987
21885,0.13299431092173908
21886,0.11798783942415458
21887,0.04925089125712101
21888,0.050538170353592204
21889,0.10911416955237041
21890,0.1405688378975175
21891,0.144435417375676
21892,0.1348932739573534
21893,0.05856111907635286
21894,0.08607671942442541
21895,0.12372931246391106
21896,0.19900733008949623
21897,0.23647105528470203
21898,0.00787589345751738
21899,-0.005425254674377489
21900,-0.11110569806038273
21901,-0.09133136342091747
21902,-0.1426245961751561
21903,-0.1907306136075197
21904,-0.10568398416140462
21905,-0.11634320383462765
21906,-0.21263931744208242
21907,-0.1735735025274569
21908,-0.18394909113964014
21909,-0.19229532115021375
21910,-0.21041887878722804
21911,-0.13464511823330738
21912,-0.08797925321043348
21913,-0.08192491606875213
21914,-0.24004958572752788
21915,-0.2450113492380973
21916,-0.33333458190495613
21917,-0.3120768432158595
21918,-0.3395356256294827
21919,-0.3241773746153951
21920,-0.3513499455958884
21921,-0.33022539365054365
21922,-0.33398115884285384
21923,-0.2766332387633309
21924,-0.1237292376497493
21925,-0.0017010852686636935
21926,0.0023152660498954036
21927,-0.04509081180127106
21928,-0.019594525150820552
21929,0.07792174396696783
21930,0.015529828588186745
21931,-0.022102790504019587
21932,0.03658006922526724
21933,0.03597310349356719
21934,-0.04912410784643101
21935,-0.0016843596431869168
21936,0.07176427175434041
21937,0.03912032756138151
21938,0.1110214489000606
21939,0.12230004292932695
21940,0.14007960876832715
21941,0.1367817144025778
21942,0.10522483390280324
21943,0.11183254906023143
21944,0.05332269922864452
21945,0.11830602385765165
21946,0.09843208038420315
21947,0.13071003129240155
21948,0.05952181120852207
21949,0.0015740439349670732
21950,-0.01800053035267518
21951,0.003449759102294947
21952,0.008412740065488977
21953,-0.016375738715503185
21954,0.03268529889620586
21955,0.0877859685322333
21956,0.14096589610490884
21957,0.13353065479047332
21958,0.1351102711904233
21959,0.10414188869983909
21960,0.1390106395887858
21961,0.2483473261522089
21962,0.2915108338206134
21963,0.2694891365594986
21964,0.19639441753584197
21965,0.16180139189486653
21966,0.16817091066162637
21967,0.16554284270738795
21968,0.15777271034942963
21969,0.15705361852451405
21970,0.13232841948575402
21971,0.11787427563688879
21972,0.12337538550884075
21973,0.09221998140409227
21974,0.058416705083545795
21975,0.0438817303173773
21976,0.10147720790611836
21977,0.13286493186669524
21978,0.11092530621814789
21979,0.1612887518492404
21980,0.12434159933270306
21981,0.14889456280120972
21982,0.14519463239366837
21983,0.12659916735073884
21984,0.1659293324750456
21985,0.16149464130740454
21986,0.14247131973619498
21987,0.14043302514614564
21988,0.16568052999539895
21989,0.16577847627683784
21990,0.18537048033073877
21991,0.17409050116509717
21992,0.1624602828740932
21993,0.13942429229513842
21994,0.09142189483773688
21995,0.024885161135661193
21996,0.02889143162220753
21997,0.11168446909211327
21998,0.04368052973687564
21999,-0.050261511192997044
22000,-0.06845737885595671
22001,-0.06442779011516941
22002,-0.06771524250762384
22003,-0.0747100754288354
22004,-0.017813801705035437
22005,-0.01961138855747563
22006,0.008768891504325915
22007,0.027749330431944053
22008,-0.04078498475943959
22009,0.039256760790772116
22010,0.10773367941191281
22011,0.0563187708003301
22012,0.02688856868517353
22013,0.016364265073851914
22014,-0.047497470484874627
22015,-0.001145222586701522
22016,0.042353437718684495
22017,-0.03478900091121401
22018,-0.11304313117430942
22019,-0.06297267576196397
22020,-0.12594062821808488
22021,-0.0818744703850191
22022,-0.10072740831288979
22023,-0.137358232745316
22024,-0.1346598870770243
22025,-0.08165410633311537
22026,-0.11832715522106768
22027,-0.07705400578865323
22028,-0.07351036297333169
22029,-0.05716808808299778
22030,-0.07309577494223485
22031,0.07725498172535772
22032,0.02730435291369737
22033,0.0866583280538713
22034,0.09536747872343487
22035,0.0696721196712391
22036,0.1279975546124198
22037,0.09524363612511799
22038,0.07559598226819053
22039,0.060336264290633435
22040,0.09095654263912212
22041,0.07910670804929032
22042,0.015890124568444852
22043,-0.03649388111937757
22044,-0.05457243094805647
22045,-0.10170629246988933
22046,-0.08276363259805758
22047,-0.07521225727441633
22048,-0.07710759160450537
22049,-0.04430595064886428
22050,-0.0445804978376228
22051,-0.0658082524130531
22052,-0.036664653845716266
22053,0.05334887887780959
22054,0.0576225152135571
22055,0.08382186338024278
22056,0.17282679432983872
22057,0.2895755747817017
22058,0.3155395187474287
22059,0.2396191754976963
22060,0.264116998635188
22061,0.23557349374594472
22062,0.2387389518822438
22063,0.1998189700119164
22064,0.25911264733957085
22065,0.27549186569875983
22066,0.22699694633042689
22067,0.275374091518821
22068,0.27023299393257094
22069,0.22009861058942326
22070,0.21137169616660878
22071,0.16296364280153486
22072,0.20345508127953504
22073,0.2561618649486346
22074,0.25267267188812625
22075,0.2502913572650485
22076,0.19281700672807434
22077,0.2272014133081791
22078,0.2762980349909613
22079,0.2801120926758297
22080,0.27195771781640143
22081,0.24450764279342252
22082,0.2761377971606034
22083,0.2803789755117032
22084,0.27900139340779595
22085,0.26085595557813346
22086,0.2387782101061422
22087,0.23454766414624084
22088,0.25300015546819377
22089,0.22788434544624914
22090,0.23291322312065743
22091,0.22645497088330324
22092,0.23780128336587658
22093,0.2668427036702894
22094,0.22005589530021585
22095,0.12279888093096114
22096,0.12550873917420025
22097,0.1417343762279799
22098,0.07829263996207059
22099,0.06221220657067783
22100,0.053626084892048786
22101,0.11423941537684645
22102,0.13446416877902678
22103,0.1732470465697863
22104,0.13579634449028288
22105,0.18882845382383107
22106,0.15586257591183994
22107,0.14101382822891684
22108,0.16650720071677783
22109,0.17068729463878696
22110,0.1270549100021141
22111,0.18567883432227983
22112,0.27623688513228384
22113,0.22173562143261027
22114,0.22658669727194247
22115,0.25432494411736006
22116,0.2678912632553574
22117,0.18939176439845418
22118,0.18555333228243798
22119,0.1533610568719863
22120,0.19756270497566297
22121,0.18421179615827143
22122,0.11027182595405349
22123,0.23156848020056753
22124,0.27239109273946016
22125,0.3035680552091875
22126,0.23307629790624462
22127,0.2783171492625933
22128,0.2380632140203438
22129,0.2531775349799733
22130,0.24602710650072057
22131,0.15689965923600568
22132,0.19353896347148958
22133,0.19566578849707938
22134,0.21866572951487206
22135,0.2055851503911592
22136,0.18654102251203886
22137,0.1893631833223146
22138,0.1404134793556261
22139,0.1388878222480343
22140,0.11764862428281897
22141,0.12207815395031596
22142,0.083848672523131
22143,0.05999237503276622
22144,0.020692758361975816
22145,0.032864035494837074
22146,-0.042548201389915996
22147,-0.03577848388294108
22148,-0.014842575628335797
22149,0.04941842052725365
22150,-0.044413650367489954
22151,-0.07037777208755785
22152,-0.06590138297859927
22153,0.11826553027286069
22154,0.006845707935521528
22155,-0.004818262729048173
22156,-0.041956817979770744
22157,-0.0029995997775635885
22158,0.052709391135928874
22159,-0.017818311576292156
22160,-0.017267806583105894
22161,-0.05730590725651802
22162,-0.011824380076609742
22163,0.06315447784054506
22164,0.04392264572136484
22165,0.07046726975315643
22166,-0.042202940246819476
22167,-0.055026168057918046
22168,-0.002278044579065497
22169,0.06417220743476348
22170,-0.010226724618881744
22171,-0.013459920190682872
22172,0.06479063790360562
22173,0.08603473864501043
22174,0.09862565371668441
22175,0.07620335979653059
22176,0.03846585078193543
22177,0.040295863015547884
22178,0.1097621286815802
22179,0.08312832407348414
22180,0.08382478133138038
22181,0.03204482418412513
22182,0.09529352592948925
22183,0.09978040349819817
22184,0.13623833584802292
22185,0.08261707519542605
22186,0.1114411488526057
22187,0.10193376541650445
22188,0.0945716913771606
22189,0.12121772706427358
22190,0.1317103780959814
22191,-0.0549709541677329
22192,0.027894618063211363
22193,-0.011441923898241169
22194,0.02566457039190273
22195,-0.019685977486906314
22196,-0.02422141237919212
22197,0.033152711930303
22198,0.07404019593568156
22199,-0.04074219993883732
22200,-0.08767481212446232
22201,-0.08866974756828772
22202,-0.1712878517570689
22203,-0.19757436207625417
22204,-0.1960798367013309
22205,-0.21767316524741853
22206,-0.22561827228403442
22207,-0.26278964132998656
22208,-0.2780777846113402
22209,-0.28529288262726826
22210,-0.2689908098771915
22211,-0.18981869200123702
22212,-0.1782872825044613
22213,-0.1051181732691539
22214,-0.20798563586059698
22215,-0.01576897074724881
22216,-0.003924253645143261
22217,0.006396656526346356
22218,-0.12023983711435482
22219,-0.12521109555847704
22220,-0.16496445032399454
22221,-0.0640569334419222
22222,-0.12954652993374216
22223,-0.10781672606999049
22224,-0.09379608846141207
22225,-0.08730499899337102
22226,-0.1303565210718008
22227,-0.1258154116600229
22228,-0.13107148864047757
22229,-0.11314603901556863
22230,-0.09476952397597388
22231,-0.024469309434647868
22232,-0.03574689203979292
22233,-0.06386698027008803
22234,-0.1009601717254508
22235,-0.07170902990306605
22236,-0.07479688602805357
22237,-0.11019671411502363
22238,-0.10918490988890656
22239,-0.12749841075964985
22240,-0.1377674836591144
22241,-0.13358880428045727
22242,-0.1674622584822555
22243,-0.14522555782516433
22244,-0.14636933097224764
22245,-0.09636968196027651
22246,-0.13620353825083847
22247,-0.1614352391843915
22248,-0.1274600697087231
22249,0.026451786448933978
22250,0.0013700062492834064
22251,-0.020131532383406092
22252,-0.028698758034845895
22253,-0.05026025912959964
22254,-0.13156549029827147
22255,-0.2164361996652186
22256,-0.24549704493369917
22257,-0.23140588084574953
22258,-0.24122333706896687
22259,-0.24378486007230665
22260,-0.24392394077223817
22261,-0.2095321027299658
22262,-0.21531008437872512
22263,-0.20946490308564608
22264,-0.15810638303087682
22265,-0.1565267610917206
22266,-0.10063145646506855
22267,-0.11774757913531969
22268,-0.13435433365205685
22269,-0.07420324423403102
22270,-0.05122498690885219
22271,-0.0768149116497795
22272,-0.04962021079715012
22273,-0.02388451792896895
22274,0.014301892946468331
22275,-0.027309244815847233
22276,-0.0545291417229114
22277,-0.033436306801544025
22278,-0.03549449165849827
22279,-0.030873784583398733
22280,0.024016028580896687
22281,0.03302707411342143
22282,0.019641720510572225
22283,-0.015178395026658076
22284,0.004110025163755249
22285,0.021707522464746276
22286,-0.05762391567835712
22287,-0.12996908550237707
22288,-0.19627358518604032
22289,-0.19608654030345213
22290,-0.23008376718155982
22291,-0.22040835666469227
22292,-0.2072726442129741
22293,-0.1081222510073307
22294,0.0020121037624802884
22295,0.038138297005302135
22296,0.19384679880136102
22297,0.09190201548648524
22298,0.09721022182400074
22299,0.03388631201173298
22300,0.07374768789380615
22301,0.020880389061561422
22302,-0.07757418092806212
22303,-0.19333543634365014
22304,-0.17880620862087554
22305,-0.19801279966277863
22306,-0.0008903038162275112
22307,-0.2683758858620459
22308,0.10197516173040089
22309,-0.17875578418067378
22310,-0.027904941021245466
22311,0.02736330062060588
22312,-0.08165864687362695
22313,0.006675211190143693
22314,-0.07426611939655975
22315,-0.11778098114260893
22316,-0.023455621025054885
22317,0.029952389797898382
22318,0.015364296868422334
22319,0.08679821393923892
22320,0.1270526123263681
22321,0.09931040005247349
22322,0.1287662091482097
22323,0.12409877592758467
22324,0.10279744625256149
22325,0.021337543215839583
22326,0.020059773167874106
22327,0.06213656736237527
22328,0.009300523490513357
22329,-0.02128638313863307
22330,-0.08602108850644152
22331,-0.12163054319938438
22332,-0.03362648921529343
22333,-0.11236149310636262
22334,-0.005662757444145072
22335,0.005648983668337548
22336,0.051073822552673676
22337,0.07480867049492423
22338,0.001312474482207393
22339,0.04528956353483571
22340,0.10510018758093875
22341,0.1018508560599144
22342,0.06456293544686997
22343,-0.09983985994299366
22344,0.05230842678258141
22345,-0.02075357042094994
22346,-0.03552292692686604
22347,-0.13738130060137754
22348,-0.24588770861720433
22349,-0.2916791131562087
22350,-0.2651668191878125
22351,-0.23809739895113485
22352,-0.2470250078916979
22353,-0.2595991310978247
22354,-0.2968855741372154
22355,-0.27629707829332284
22356,-0.2880745232453566
22357,-0.30758413611750424
22358,-0.2757374227536506
22359,-0.26931736625553804
22360,-0.2754325903687978
22361,-0.19570134892215724
22362,-0.24820731841021926
22363,-0.263362010486383
22364,-0.1874099453996566
22365,-0.13939542660283888
22366,-0.04774327106582971
22367,-0.018213255039892406
22368,-0.01577443046200211
22369,-0.019305829820235154
22370,-0.07724512530198469
22371,-0.10054448667785676
22372,-0.11359576646281744
22373,-0.18401174964599776
22374,-0.13789154016794092
22375,0.18926652433251256
22376,-0.02303040808553486
22377,-0.04319644597093164
22378,-0.08411526423422117
22379,-0.13419273202710946
22380,-0.14787318548541084
22381,-0.1292324145750044
22382,-0.1614111793959105
22383,-0.2633902263425698
22384,-0.0607970932240004
22385,-0.03315307163678283
22386,0.011801183075155541
22387,-0.18652012255706835
22388,-0.23371284142155035
22389,-0.23143249413849293
22390,-0.27933212330072876
22391,-0.2418652849555144
22392,-0.17924821870161772
22393,-0.26817163194734733
22394,-0.2684234974561536
22395,-0.2863289958448585
22396,-0.2815879511026944
22397,-0.2746074363162946
22398,-0.281963457974214
22399,-0.31418414519138643
22400,-0.17959459073751488
22401,-0.09148691527233366
22402,0.08061981168668741
22403,-0.25346064368749516
22404,0.04645066922163055
22405,-0.11358332479703209
22406,-0.24541491264963516
22407,-0.03342742638261581
22408,0.010208153023645528
22409,-0.10345814046455448
22410,-0.13008792315652362
22411,-0.12365912041805255
22412,-0.1282189474332761
22413,-0.15548775624748556
22414,-0.10602915120576739
22415,-0.15210431017560078
22416,-0.04288905323578007
22417,-0.09301582110813894
22418,-0.07225868055559592
22419,-0.1498851042665426
22420,-0.12964271396456795
22421,-0.14921158261776035
22422,-0.12780699560090214
22423,-0.13960272856560624
22424,-0.238944997009011
22425,-0.18516656367668094
22426,-0.04161436138126051
22427,-0.13559340762314237
22428,-0.1486668191203916
22429,-0.1441440527700475
22430,0.0028482307432849963
22431,-0.026280965071780293
22432,-0.017527956670206624
22433,-0.02768576481049123
22434,-0.00031787510484504455
22435,0.03065516412635394
22436,0.04262446062180403
22437,0.047325199201947776
22438,0.02739910009036195
22439,-0.08447579954717205
22440,0.010060796152520757
22441,0.07907033311253209
22442,0.017042237567631235
22443,-0.019308296378210632
22444,-0.04960231992265063
22445,-0.08927935998990855
22446,-0.06825228179586168
22447,-0.039015816495332256
22448,-0.07226846122168434
22449,-0.09222618178090392
22450,-0.11751840562438554
22451,-0.11300483680979628
22452,-0.023626152211341567
22453,0.05020386275298849
22454,-0.0339906347219226
22455,-0.0237275702216877
22456,-0.0430950987762137
22457,-0.11998465837301675
22458,-0.058746211559900285
22459,-0.039060762587889986
22460,-0.03609842111074346
22461,0.0026486837227081006
22462,-0.046203505041215565
22463,0.016860783147377045
22464,-0.012245758812945429
22465,-0.050446651226936534
22466,-0.08262716880761112
22467,-0.038114589325432935
22468,-0.06384585352264871
22469,-0.04648863899433053
22470,-0.058809524536361235
22471,-0.017651338620506274
22472,-0.05677266673474718
22473,-0.049102458412938865
22474,-0.0896583959730991
22475,-0.11736533084684098
22476,-0.0984625614233331
22477,-0.11809060734358345
22478,-0.06877459919516216
22479,-0.22300882044151582
22480,-0.2565592722297331
22481,-0.22981716630927146
22482,-0.22781299367324698
22483,-0.2612530006315514
22484,-0.24921601281116057
22485,-0.2278471565012729
22486,-0.20819816888995984
22487,-0.1816720621143627
22488,-0.12875265495718458
22489,-0.12158990641708078
22490,-0.12677409624770203
22491,-0.13782430679383262
22492,-0.18765981717638436
22493,-0.23624664985861338
22494,-0.30787897317461566
22495,-0.35517500395304785
22496,-0.35676046552233465
22497,-0.2488636983159026
22498,-0.3514103348935843
22499,-0.26019111247269733
22500,-0.2897829215685167
22501,-0.07572258040026714
22502,-0.29896722742705867
22503,-0.26911746564262995
22504,-0.2590059822460697
22505,-0.20023915156059313
22506,-0.08014593511919255
22507,-0.1811605162549303
22508,-0.21962416414937852
22509,-0.07505829673951192
22510,-0.05111324941366957
22511,-0.03664104607504176
22512,-0.08734431143605831
22513,0.04404071213401728
22514,-0.00531002766357308
22515,0.03342635184717646
22516,0.011224986540230963
22517,0.017055822372922247
22518,-0.04837925220700756
22519,-0.052240453006467846
22520,-0.059468242702152285
22521,-0.11844175577227062
22522,0.04112316068376953
22523,0.018356304145404012
22524,0.04549410127100284
22525,0.04425570665044376
22526,0.06227182891418648
22527,0.04370639738518722
22528,-0.03604592803626244
22529,-0.0474775907753176
22530,-0.08050603759383962
22531,-0.10976086389295264
22532,-0.1402207910244755
22533,-0.14536031105122627
22534,-0.2092791779172597
22535,-0.25356003730828236
22536,-0.18430471866714437
22537,-0.1915970122161761
22538,-0.19161503265125507
22539,-0.21519120658764063
22540,-0.17995780405085438
22541,-0.2193067778614094
22542,-0.13822543115287672
22543,-0.26329677911035965
22544,-0.336153390889827
22545,-0.331596893905418
22546,-0.30472688061271963
22547,-0.21167556191284348
22548,-0.10344354405138162
22549,-0.16174838676732056
22550,-0.06449486656856618
22551,-0.17631015033875985
22552,-0.23170579463377028
22553,-0.20644841580172624
22554,-0.1323697336259212
22555,-0.09380709406263266
22556,-0.03364070152068149
22557,-0.016440455370336948
22558,0.012089848035665929
22559,-0.031222913448621104
22560,0.014069869586688322
22561,0.005794794178632934
22562,-0.030109333744472
22563,-0.04630723081557858
22564,-0.11438901750687813
22565,-0.1386884794408026
22566,-0.12605909601684384
22567,-0.14662005692018698
22568,-0.14731622077732504
22569,-0.1469628060948887
22570,-0.09784795424873893
22571,-0.12491653194851826
22572,-0.13796941545242036
22573,-0.17942229994964493
22574,-0.2113185712203426
22575,-0.280149290982768
22576,-0.27467583790810246
22577,-0.23352616875877097
22578,-0.2593962033708791
22579,-0.24772782393511195
22580,-0.23393328154723653
22581,-0.22652853638614967
22582,-0.2055647971408171
22583,-0.2826405263699948
22584,-0.10625215631022689
22585,-0.02740026048927574
22586,-0.24009584275212192
22587,-0.09988212103215705
22588,-0.09986027384501722
22589,-0.20442339149515587
22590,-0.3503973988430552
22591,-0.31971891154964815
22592,-0.25597801437333395
22593,-0.2661281763035833
22594,-0.32735892604131694
22595,-0.1971805787623122
22596,-0.2770842458796336
22597,-0.24675658413003598
22598,-0.32424877607292335
22599,-0.32161107234355024
22600,-0.14586220928857896
22601,-0.06399797469546309
22602,-0.02604610234671806
22603,-0.14991045516262946
22604,-0.07807038378362707
22605,-0.07456576425426797
22606,-0.02103824351761452
22607,0.04246504067334911
22608,0.025420824377574425
22609,0.009569971516295572
22610,0.02280982057307679
22611,0.04076461476768167
22612,0.0933026934306499
22613,0.0974699697815875
22614,0.03572441933004422
22615,0.11023890356039368
22616,0.027026650605377123
22617,0.0709590915390994
22618,0.18967642772493165
22619,0.11934964956937755
22620,0.07480159668475272
22621,0.18974991363050875
22622,0.18323651387598905
22623,0.13791928670650277
22624,0.07956314475446546
22625,0.09783595353145613
22626,0.03100795521071653
22627,0.013395418639091106
22628,0.04502314789865314
22629,-0.005089638710868982
22630,-0.04210520697323955
22631,-0.08535591804931819
22632,-0.02990648334431245
22633,0.03137822355134923
22634,0.0217820536495954
22635,0.027820003251342484
22636,0.04394362366214488
22637,0.07783224632793873
22638,0.09865346665585406
22639,0.0706040027820074
22640,0.07072961328125449
22641,0.031212477016587803
22642,-0.04188157284976379
22643,0.07321647248760232
22644,0.13259470800984186
22645,0.13642896352880685
22646,0.1430935924947362
22647,0.18121488821928433
22648,0.19169315642930185
22649,0.16940087070739918
22650,0.16531177256014085
22651,-0.07214036874192431
22652,-0.10846163796114111
22653,0.04906317575195507
22654,0.06280575960629498
22655,-0.04988062652819092
22656,-0.03338480368229774
22657,-0.034856753100024895
22658,-0.07256485824983139
22659,-0.10997129158022367
22660,-0.08098360981271735
22661,-0.12462595771482421
22662,-0.1542161393626646
22663,-0.15641462736267725
22664,-0.1589596529407704
22665,-0.16116328896778215
22666,-0.13805759766148423
22667,-0.1671511538502618
22668,-0.0995410343985128
22669,-0.1064363358101309
22670,-0.19021050623485952
22671,-0.24072592924434744
22672,-0.29126844393617535
22673,-0.23232731593932848
22674,-0.23351719727794862
22675,-0.23376377279766725
22676,-0.2396650707296023
22677,-0.17287875427791205
22678,-0.15863218681420588
22679,0.004806943023302868
22680,0.017337721610729107
22681,-0.044433187154088394
22682,-0.07850322715382918
22683,-0.19695185209183774
22684,-0.32507019024235306
22685,-0.2945616033673564
22686,-0.3277028490285472
22687,-0.24718636396110932
22688,-0.30415088059149886
22689,-0.2722048225386085
22690,-0.33884762749206776
22691,-0.3455485481971879
22692,-0.23111225654282352
22693,-0.24305628282204134
22694,-0.2250699278271373
22695,-0.2342714716439636
22696,-0.13099343513310496
22697,-0.1730498222523688
22698,-0.20763455142338022
22699,-0.18637984554779347
22700,-0.04162011170348068
22701,-0.021375781806800553
22702,-0.10370406183485048
22703,-0.20659743855050638
22704,0.006854597536090301
22705,0.008347583132455538
22706,-0.1431570452163432
22707,0.0033568103170027452
22708,-0.17242126069173108
22709,-0.11108025867187366
22710,-0.05223641266344464
22711,-0.12133633472611405
22712,-0.13169311263444133
22713,-0.09585452821011275
22714,-0.07198356529429012
22715,-0.04188366676310473
22716,-0.04810798739451505
22717,0.13556550906653986
22718,0.10672189370619889
22719,0.060007929136325466
22720,-0.017510214596384965
22721,0.0836243690375752
22722,-0.12970046808140867
22723,-0.18654673551489298
22724,-0.19122110334478715
22725,-0.26295668906222114
22726,-0.3768933690684319
22727,-0.37270255119456697
22728,-0.27011565936803517
22729,-0.3472200274697195
22730,-0.2863197112930167
22731,-0.32167634419686303
22732,-0.2710990665955202
22733,0.06358309539483187
22734,0.07238573313620111
22735,0.09537780816856944
22736,0.10426976576238567
22737,0.11321845801374752
22738,0.11847769986169387
22739,0.07156266154244895
22740,-0.0524111868324294
22741,-0.16513396453537615
22742,-0.11137417145442441
22743,-0.17512302418315306
22744,-0.10100483017245987
22745,-0.14646692975541253
22746,-0.15387097264540456
22747,-0.12287587118469573
22748,-0.08328846846395965
22749,0.12689353139287918
22750,0.2224308671642523
22751,0.2214505994074636
22752,0.16805237899284164
22753,0.1858961032635904
22754,0.10290446118750518
22755,0.20144118908872755
22756,0.21532015427708218
22757,0.21564400984567444
22758,0.17862010204012868
22759,-0.046972142916752724
22760,-0.08580990730446453
22761,-0.10064840795235386
22762,-0.09527469055591942
22763,-0.07814767420590985
22764,-0.04736083089317089
22765,-0.0419592028245761
22766,-0.0696878842464364
22767,0.22654432318539375
22768,-0.03164609596913548
22769,0.155973520792829
22770,0.17651412942095546
22771,0.18611410708924891
22772,-0.0865094390199852
22773,0.0006635003905441916
22774,0.22274669399757685
22775,0.2564269714112768
22776,0.1151043188447114
22777,0.03721087883469987
22778,0.028078896282609178
22779,0.1568412019144032
22780,0.2987602661016109
22781,0.18836756331630033
22782,0.16636984883672634
22783,0.33430920712434564
22784,0.3096357829319387
22785,0.28855397341949307
22786,0.14148820955816765
22787,0.2616479539224992
22788,0.226182715121507
22789,0.1699199569445934
22790,0.0515155194178305
22791,-0.01634502156931933
22792,-0.006541113532446463
22793,0.05020511362823554
22794,0.04405328377769002
22795,0.11616017848718874
22796,0.10911915316450194
22797,0.06603347725387443
22798,0.09898266718193671
22799,0.15223839799884886
22800,0.15961579217415534
22801,0.16966246510874605
22802,0.19579542901039337
22803,0.24103756346882843
22804,0.2198804355349998
22805,0.25808355343637035
22806,0.2523180401479582
22807,0.2708494619420503
22808,0.2768253192206187
22809,0.2120432894818296
22810,0.2565824929440983
22811,0.1052682435143456
22812,0.22676056920776577
22813,0.19722312200409764
22814,0.17765945826316254
22815,0.13793663800803768
22816,0.08115192107565994
22817,0.04517679325753177
22818,0.02594012314772065
22819,-0.0030910227889822117
22820,0.049493028689443386
22821,0.029233282795838256
22822,-0.08160976695266287
22823,-0.0883996516446805
22824,0.04578057633219845
22825,-0.06862459322515735
22826,-0.059661260423109486
22827,-0.1128502396937715
22828,-0.09587250506559153
22829,-0.1365533066065407
22830,-0.13913155123590187
22831,-0.16072160930658308
22832,-0.1403331321153683
22833,-0.07104877319466346
22834,-0.046728051478951205
22835,-0.1133515004330718
22836,-0.14672501863886656
22837,-0.13018702301238433
22838,-0.10920477657544841
22839,-0.12903136044463837
22840,-0.07825878055959468
22841,-0.03999760353908466
22842,-0.09648632085856035
22843,-0.040855465376673616
22844,-0.002761745805789917
22845,0.0036713944960031775
22846,0.021406890902317732
22847,-0.007074879579480053
22848,0.00817344880421722
22849,0.02138544971798606
22850,0.020443978102921423
22851,-0.021691400786164716
22852,-0.017882893761789365
22853,0.0009931079496910966
22854,0.02973129864772983
22855,0.03046176535974998
22856,0.05578115813091156
22857,0.03461621967040762
22858,0.04696965843956247
22859,0.047121555598136466
22860,0.042347291413723176
22861,0.004663740371793845
22862,0.1034509454781436
22863,-0.037482454402434695
22864,-0.08476253733967065
22865,-0.15220223640550562
22866,-0.1806603306522575
22867,-0.22709634500906117
22868,-0.2569437945084919
22869,-0.2509819315372583
22870,-0.24143692144762963
22871,-0.22808203026738333
22872,-0.19022162959819278
22873,-0.2001885669098466
22874,-0.1769215460783889
22875,-0.13982540788082426
22876,-0.19139355157658144
22877,-0.30037207078983347
22878,-0.3386969458258606
22879,-0.3502039488106486
22880,-0.36549708639425404
22881,-0.36262848759419813
22882,-0.34363245178872664
22883,-0.32304937168631226
22884,-0.3171353319267377
22885,-0.22890160294881723
22886,-0.22872245141889003
22887,-0.09404031538511815
22888,0.10188940258777057
22889,0.02052065704873518
22890,0.011816856681260535
22891,-0.07782749227247654
22892,-0.09446081671602746
22893,-0.0031595458539207533
22894,-0.01515738534305805
22895,-0.005092435296965736
22896,0.02356535679026961
22897,0.04819342532616866
22898,0.029254071393276293
22899,0.027067626338223794
22900,0.002251391014212567
22901,-0.059454231038147565
22902,-0.10190138536137777
22903,-0.10513621354497932
22904,0.0061528041677358924
22905,-0.11673677385927589
22906,-0.1339876985941693
22907,-0.11981507756277054
22908,-0.06354718956278294
22909,0.013717340968775749
22910,-0.013020929314086271
22911,-0.03375718130499161
22912,-0.019189805391372772
22913,0.03606261055718707
22914,0.06170121420984054
22915,0.06240329848529069
22916,0.06118996647290331
22917,0.07477980825677588
22918,0.0700575625258949
22919,0.037553295953274946
22920,0.24445361252612918
22921,0.2258603435214136
22922,0.1537174346406005
22923,0.139327438031297
22924,0.1249055392106665
22925,0.08757136421701506
22926,0.07782176824004883
22927,0.05996648259333082
22928,0.05984114253873052
22929,0.09531130543314426
22930,0.021868980337394484
22931,0.03115241907372923
22932,0.0495160769040337
22933,0.08530826771207467
22934,0.07945388399870512
22935,0.031395202546977474
22936,0.02985708121281172
22937,0.0693254693190305
22938,0.07310769577902154
22939,0.06675749277899234
22940,0.03976642522025653
22941,0.028705525429146506
22942,0.034837040096037164
22943,0.05205647190378104
22944,0.07055316879504836
22945,0.01963149765016281
22946,0.04107235748174842
22947,0.03152994560380873
22948,0.002606872713982744
22949,0.026417142852995346
22950,0.02416291290066508
22951,0.04112787797770001
22952,0.04435956863860335
22953,0.04356907872074667
22954,0.020149808083948395
22955,-0.056482496366046686
22956,-0.055515344591321014
22957,-0.10482244882653458
22958,-0.08133453042571726
22959,-0.16012459221568348
22960,-0.18676943252032835
22961,-0.227515250498522
22962,-0.2674441103485351
22963,-0.2725270798418151
22964,-0.2760952564085434
22965,-0.2909831851012769
22966,-0.3181002151047622
22967,-0.24968244457619493
22968,-0.17173488721909935
22969,-0.1295381236480997
22970,-0.10987895343492049
22971,-0.09704355540680643
22972,-0.16069929681300782
22973,-0.2363329282578161
22974,-0.26000962780844594
22975,-0.2703808795457993
22976,-0.2919523466506132
22977,-0.32025540793802576
22978,-0.3344419561652618
22979,-0.2680408633015815
22980,-0.280686883249234
22981,-0.215025904144448
22982,-0.2610379798718389
22983,-0.14636189837880875
22984,-0.1484886911459466
22985,-0.09250881015202134
22986,-0.176168178940182
22987,-0.1372751420757149
22988,-0.10322607566748987
22989,-0.08362460092590301
22990,-0.11384474701430208
22991,-0.018294956404522
22992,-0.06319861138615324
22993,-0.049500482337488994
22994,-0.06784725382201229
22995,-0.03350496615258791
22996,-0.08686138486246664
22997,-0.054117711190134254
22998,-0.09706870370537385
22999,-0.12601823295867465
23000,-0.13869343584506938
23001,-0.17527446001105346
23002,-0.2565450158184097
23003,-0.2165213895187469
23004,-0.18040379046597976
23005,-0.184804649067436
23006,-0.16712560706217883
23007,-0.1389925890443875
23008,-0.09959013974708569
23009,-0.05297903936332815
23010,-0.032702976182210186
23011,0.09333074504820016
23012,0.12083574763207072
23013,0.14033791712349175
23014,0.020175729371707307
23015,-0.013566935453311835
23016,-0.01605306499260345
23017,-0.1706011984009025
23018,-0.2970871623968967
23019,-0.33192079771724037
23020,-0.33840238020606345
23021,-0.34076421778028226
23022,-0.2989360393379639
23023,-0.34635965292651644
23024,-0.3036341991612957
23025,-0.33032816465376047
23026,-0.2440101508560164
23027,-0.20077740014151063
23028,-0.13220820665164046
23029,-0.06350541877899846
23030,0.041407292181216304
23031,0.1295627414361229
23032,0.19472847010794547
23033,0.2146060282000789
23034,0.1725840895534515
23035,0.17691757830353672
23036,0.17876224677632901
23037,0.16115232914048272
23038,0.19040666316029697
23039,0.16615492353697336
23040,0.12085684967783661
23041,0.06230234461146922
23042,0.054435339488626444
23043,0.09337664657778577
23044,0.1042392664913423
23045,0.123090278784031
23046,0.13762433712401134
23047,0.13796255689503467
23048,0.16091366533341844
23049,0.0756125066736697
23050,0.06750634644759046
23051,-0.0041225960507217385
23052,-0.05227878224323945
23053,-0.01703551690227567
23054,0.0174724065961408
23055,0.027834707738373154
23056,-0.15199298284623552
23057,-0.10647260104315209
23058,-0.13311884280615527
23059,-0.14784721330267298
23060,-0.16419518001664468
23061,-0.12777822046974013
23062,-0.008127477413822859
23063,0.09627498646658827
23064,0.07698446956636995
23065,0.06340119304264669
23066,0.0833152402276035
23067,-0.0034217694569747548
23068,-0.07080032331721958
23069,-0.08559255286701745
23070,-0.03449942831388464
23071,-0.10177238565976532
23072,-0.14222906958814308
23073,-0.16614185284419336
23074,-0.21777901496919577
23075,-0.16276935747375887
23076,-0.18975615198540902
23077,-0.19742854696643242
23078,-0.20643301395433994
23079,-0.197872560318485
23080,-0.18967419268417757
23081,-0.12480403900687709
23082,-0.1472019663768811
23083,-0.09169069121723339
23084,-0.04411233061422176
23085,-0.03583949465074576
23086,0.07353654681049682
23087,0.11270938060766622
23088,0.041510932224729125
23089,0.025978015496895823
23090,0.06535877273264246
23091,0.07456988563280509
23092,0.1497197575036756
23093,0.09764081221877696
23094,0.15681398192680596
23095,0.18952265011381342
23096,0.17150819668552564
23097,0.09257456887072757
23098,0.0005780603976777154
23099,0.03820626179377773
23100,-0.03923879079600845
23101,-0.06467285551124291
23102,-0.05312846130893012
23103,-0.05110449457238059
23104,-0.05324561464109595
23105,0.024041674045075623
23106,0.07909385069521968
23107,0.021843690671787597
23108,0.06177264014134587
23109,0.05936742132838424
23110,-0.05384332196425545
23111,-0.07431649901199089
23112,-0.1372745911630434
23113,-0.1459605490130529
23114,-0.2620615621703498
23115,-0.3255830397815552
23116,-0.31783140161265855
23117,-0.3366840501341674
23118,-0.3068440865584018
23119,-0.3256504393078677
23120,-0.2753421157528929
23121,-0.25558160910885264
23122,-0.20517785961938279
23123,-0.0915083924324448
23124,-0.05315695712249974
23125,-0.0362395553343961
23126,-0.03357376722966682
23127,-0.009906341527793017
23128,-0.012930912908991843
23129,0.02680090547130587
23130,0.034516783090776104
23131,-0.0007112165461380937
23132,0.021127947993257234
23133,0.049167097845854935
23134,0.13871039952374098
23135,0.11727004534334129
23136,0.1321972141368417
23137,0.15823176751478907
23138,0.17378283373162562
23139,0.16887137394346197
23140,0.15345709913191563
23141,0.1467921549506357
23142,0.13468737441015666
23143,0.13749890275948817
23144,0.12399927717102366
23145,0.1531754642881793
23146,0.14147873711129988
23147,0.11555320618589004
23148,0.024487031122395697
23149,0.029333214823140996
23150,0.048452156575887306
23151,0.02464577864587103
23152,-0.08665068369889467
23153,-0.11182692098625802
23154,-0.07466009572804744
23155,-0.09823582681791576
23156,-0.15914300279937493
23157,-0.1803638488681824
23158,-0.1431008488510584
23159,-0.046553468573971635
23160,-0.05202588890174853
23161,0.009420599120313677
23162,-0.020768003179942707
23163,-0.03493707791237233
23164,-0.05806920342175781
23165,-0.02183799382345064
23166,-0.08628840894828516
23167,-0.0828802387184443
23168,-0.1087828704300095
23169,-0.10910168958486705
23170,-0.12548334017252671
23171,-0.1288879206963805
23172,-0.15609087806053246
23173,-0.15944682344957728
23174,-0.1745813813100054
23175,-0.16661415799839302
23176,-0.14321902289597455
23177,-0.09863316794256727
23178,-0.004160781430424643
23179,-0.07530100195114936
23180,0.030313419388181884
23181,0.0937116492218315
23182,0.16348177019741006
23183,0.17557667808595956
23184,0.18655913576920735
23185,0.210078562888102
23186,0.16372921363792337
23187,0.1867711262733538
23188,0.18140522685382032
23189,0.1933139335962969
23190,0.2104855836613131
23191,0.14942165095839122
23192,0.15053801441853953
23193,0.08228332053612797
23194,-0.0009041097836181011
23195,0.04904070385131265
23196,-0.02667489128659195
23197,-0.08899948117899631
23198,-0.09233697963707
23199,-0.0835764528321194
23200,-0.1068505872616613
23201,-0.03580179367864611
23202,-0.003354377474399428
23203,0.06758909782037992
23204,0.11896887182941018
23205,0.046924059569420806
23206,-0.010634994459467584
23207,0.09656966095318387
23208,0.19258559360723804
23209,0.06924872682447458
23210,0.06635456461828892
23211,0.032184856742235146
23212,0.04307759025759217
23213,0.03449939958668957
23214,0.01993795445662161
23215,-0.10402740253405357
23216,-0.03393471686291072
23217,-0.061728087837106815
23218,-0.06030532999106686
23219,-0.018762766507474382
23220,0.06587588429034918
23221,0.06083176745936425
23222,0.05277868759123405
23223,0.025061086659064036
23224,0.061231451493166
23225,0.06222440939990326
23226,0.08671512375896495
23227,0.06510526665766125
23228,0.059549204654863575
23229,0.0727314326946168
23230,0.0615988234782775
23231,0.03160227827443063
23232,0.07058974644816651
23233,0.08091169394620534
23234,0.1013735281243775
23235,0.07179216668310118
23236,0.09328574468198048
23237,0.0864308759170328
23238,0.10546480133778335
23239,0.07726216003148711
23240,0.07483548928069639
23241,0.07830548527368753
23242,0.04792817482676637
23243,0.04188972039703931
23244,-0.042601033233134356
23245,-0.07544800019585657
23246,-0.02761948221357413
23247,-0.006936478195543938
23248,-0.1826979911279819
23249,-0.20428197121563202
23250,-0.1696618489051528
23251,-0.25600089212247656
23252,-0.2354799253852083
23253,-0.23216242443469748
23254,-0.20836865214066408
23255,-0.1496463800087791
23256,-0.09646681338012775
23257,-0.037232096149922456
23258,0.023251190544550715
23259,0.021922608526921183
23260,0.04108113507268629
23261,-0.04660204056019779
23262,-0.043462114807287844
23263,0.05835671677832144
23264,0.009517388603959898
23265,0.02973068418070668
23266,-0.032374063857320334
23267,-0.008102280317234256
23268,0.09927699204311136
23269,-0.08713988347572449
23270,-0.10822412956185717
23271,-0.1300687461185201
23272,0.021723987711504966
23273,0.08789539673734936
23274,0.0255255500176641
23275,-0.04724641322210521
23276,0.04483847135273544
23277,0.059472777388967724
23278,0.08932105496455933
23279,0.11435227660444203
23280,0.10575379230607806
23281,0.2011123913231343
23282,0.2231999570177663
23283,0.2371605896384229
23284,0.24626769487281464
23285,0.24357060505984274
23286,0.23442449765877937
23287,0.16544949718129776
23288,0.12471910930895924
23289,0.059862777633988284
23290,0.046267787743203725
23291,-0.04078732155577047
23292,-0.08501082449460845
23293,-0.07211651090086207
23294,-0.12651542316903208
23295,-0.14116746221811327
23296,-0.12478176993269574
23297,-0.10883738252015707
23298,-0.13902200120543362
23299,-0.12829034642528958
23300,-0.07378092903740896
23301,-0.10747923390416003
23302,-0.09449547666817476
23303,-0.02586935867583301
23304,-0.02182956720479501
23305,-0.053049187585050006
23306,-0.07846045634684773
23307,-0.057850512335015036
23308,-0.028555196009638073
23309,-0.029246430312868554
23310,-0.013972810665899782
23311,-0.03148096808134204
23312,-0.04104799744942794
23313,0.0006518726830913035
23314,0.015068151468468516
23315,0.13982465910868946
23316,0.011366433485948901
23317,-0.009010241024973109
23318,0.0218990083644115
23319,0.0005986831847482055
23320,-0.02729334418745416
23321,-0.016602910091801593
23322,-0.05682452044522035
23323,-0.017901582813208805
23324,0.0178573204196667
23325,0.0032984181108011157
23326,0.03112355952036916
23327,0.08011457541231193
23328,-0.00020071536572163762
23329,0.0027354331880273808
23330,0.02749463416713238
23331,0.04377063458763408
23332,0.03455974242284321
23333,0.034702126469342565
23334,0.02310480009889515
23335,0.03317027237903636
23336,0.10035635279625921
23337,0.022080172101908824
23338,0.037778309985973424
23339,0.10895575382700184
23340,0.033892782109815944
23341,0.06487764392145245
23342,0.06339376849457268
23343,0.05926122259291733
23344,-0.07060836369188433
23345,-0.07182684346122209
23346,0.010413394257142938
23347,-0.05192680853829634
23348,-0.07305440829406662
23349,-0.09693195355969558
23350,0.10318871259072204
23351,0.14080428732520378
23352,0.21207792211488408
23353,0.09242767476992197
23354,0.07361067094470786
23355,-0.03915282266766368
23356,-0.08807528863408753
23357,-0.13900012158289027
23358,-0.2766488704424401
23359,-0.30714734984578074
23360,-0.3045887028004192
23361,-0.30794059454123524
23362,-0.3157370534207834
23363,-0.28333937653502195
23364,-0.2589204284352442
23365,-0.2131459081541361
23366,-0.21451551264299473
23367,-0.22218108747451348
23368,-0.14173727511577816
23369,-0.1465354863992958
23370,-0.17726153313936566
23371,-0.18144208433942688
23372,-0.17619947386809293
23373,-0.09841597952170877
23374,-0.0770852564056127
23375,0.03148816338200555
23376,0.06228626857187536
23377,0.0701690318921977
23378,0.05567690241605183
23379,0.05992265738396563
23380,0.023940398266428242
23381,0.02856173691324526
23382,-0.02679800883752953
23383,-0.06313164565210194
23384,-0.1026978779742645
23385,-0.18438940211392907
23386,-0.1676046575338339
23387,-0.16686335787077328
23388,-0.15888731394994748
23389,-0.15454452744210562
23390,-0.17764833232543437
23391,-0.17322059076480045
23392,-0.16040031834609514
23393,-0.16426728826315867
23394,-0.14833893642819918
23395,-0.10923183978797885
23396,-0.10934306039002972
23397,-0.25433670041622153
23398,-0.2659878087600774
23399,-0.25967453593094547
23400,-0.30612054736874356
23401,-0.3287399413645722
23402,-0.3575475896304565
23403,-0.3390576643124613
23404,-0.3225524819320185
23405,-0.29920088638079595
23406,0.06501762486474183
23407,-0.11366345146596651
23408,-0.08555899791661725
23409,-0.09038285368730559
23410,-0.05059156341906512
23411,-0.02881428578398193
23412,0.017664971386694095
23413,0.005419556132844283
23414,0.009064486312592601
23415,0.003139092061365978
23416,0.002562435661459306
23417,0.024002097539274736
23418,0.03516597796876397
23419,0.1398517478575917
23420,0.07517293952844162
23421,-0.015719402618309786
23422,0.0228507408096712
23423,0.06766060111198513
23424,0.05761347210398249
23425,0.024392177723077557
23426,0.04273642018025137
23427,0.032336383105679434
23428,0.055993274859301057
23429,0.06791753896691632
23430,0.08246976661899563
23431,0.0626779330090288
23432,0.09384491822143948
23433,0.06863925826815365
23434,0.08266701862563264
23435,0.06831664364995083
23436,0.07556306100851917
23437,0.0679235538049654
23438,0.01401128907238347
23439,0.0887817356927103
23440,0.022740913650466488
23441,0.011171185447566012
23442,0.14251189987806012
23443,0.14467769157998722
23444,0.18528633663533145
23445,0.03967293667150518
23446,0.03904877274601559
23447,0.22661083975001717
23448,0.2730752862202547
23449,0.15635518132133552
23450,0.11481728299107641
23451,0.02853013015605088
23452,-0.19679035060391892
23453,-0.2238998884681484
23454,-0.322798464314538
23455,-0.32077811440368664
23456,-0.26713638013657726
23457,-0.25558672162056084
23458,-0.3469453660706294
23459,-0.3168334063201189
23460,-0.19675959797144488
23461,-0.241737432632965
23462,-0.21534642296694806
23463,-0.12923225331469224
23464,-0.10218161885835031
23465,-0.10990595714593004
23466,-0.10242784135242577
23467,-0.0985856195703107
23468,-0.006152263449068218
23469,-0.06751198729083657
23470,0.05520806784155263
23471,0.0631827495641637
23472,0.08343915365021581
23473,0.06628742628142636
23474,0.07819003080659093
23475,0.05913059805594545
23476,0.062017915171456495
23477,0.07948288882573817
23478,0.14650818216721273
23479,0.041135862097323006
23480,0.05961467248919128
23481,0.03018880487168807
23482,0.17686514303029
23483,0.03541848393652258
23484,0.037845563463664966
23485,0.0503017407715276
23486,-0.046578350873717866
23487,-0.10105193196077472
23488,-0.0896281230277256
23489,-0.07533831781339267
23490,-0.10289729599737746
23491,-0.10661752785122725
23492,-0.15145186911720626
23493,-0.25423686775190113
23494,-0.2489240764818323
23495,-0.27294761044648397
23496,-0.28173235619091186
23497,-0.3360134194495299
23498,-0.3471745351099332
23499,-0.3121905710360241
23500,-0.24170620872295223
23501,-0.18763838109010778
23502,0.0019290276486652047
23503,-0.07801799706933316
23504,0.005092841168763629
23505,0.0044914227076833235
23506,-0.010616696854666152
23507,0.010982158239593476
23508,0.032799394492334044
23509,0.07360312736968322
23510,0.08045747637584955
23511,0.07582020572607617
23512,0.09228027915423964
23513,0.10053692274678894
23514,0.0804265733841929
23515,0.08827153684774891
23516,0.09944088746553303
23517,0.10948331961432856
23518,0.10392679782750192
23519,0.10305769085467331
23520,0.121108506271556
23521,0.11534064127408139
23522,0.1318896792412868
23523,0.13535754105303865
23524,0.14061539854289318
23525,0.13642613493471545
23526,0.12107587066014802
23527,0.060885730741442656
23528,0.05115188441525875
23529,0.052297288096397554
23530,0.07642386660697331
23531,0.04720708964709186
23532,0.0010717359795129333
23533,-0.05657961471378731
23534,0.11065622145897025
23535,0.08610709370251823
23536,-0.03919324260017609
23537,-0.15088774936153698
23538,-0.1401717213588095
23539,-0.21904620289938825
23540,-0.21991608278776498
23541,-0.2085836160651775
23542,-0.15560979111650808
23543,-0.06139973535270443
23544,0.05337128307027472
23545,-0.005843734828593905
23546,0.06616222064839017
23547,0.018506486234236674
23548,-0.0072289135468566745
23549,-0.009191193696385547
23550,-0.00978684104974692
23551,-0.08772169211952602
23552,-0.09178481628954122
23553,-0.08044567511524575
23554,-0.19850273504031568
23555,-0.2225840948433575
23556,-0.21509760789397003
23557,-0.24138550946843623
23558,-0.14688865561245534
23559,-0.17935471534671177
23560,0.006511903810444308
23561,-0.11555984299860916
23562,-0.13977220081794528
23563,-0.18071237735097873
23564,-0.1721311987756755
23565,-0.12080728496281223
23566,-0.05880469193817672
23567,-0.025445497606647938
23568,0.00226960266620857
23569,0.04232860745282685
23570,0.037351406205112125
23571,0.0258866108657565
23572,0.04040698641946783
23573,0.09900044104910877
23574,0.10443482557710804
23575,0.02432000102483467
23576,-0.07444762256833881
23577,-0.06738700131891606
23578,-0.0509497488202883
23579,-0.08990308566103089
23580,-0.1261836302305881
23581,-0.040656574668889944
23582,-0.047505008501420865
23583,-0.0541096505328274
23584,-0.020957727950705773
23585,0.012273543129206255
23586,-0.003091808819499331
23587,-0.036112662079303415
23588,-0.01785067172728061
23589,-0.036041720925013454
23590,-0.044436352233656495
23591,-0.052761914897753115
23592,-0.12449080869059065
23593,-0.21561190028301602
23594,-0.2284828731369727
23595,-0.2390142631305076
23596,-0.22826133257826975
23597,-0.22129628538516555
23598,-0.06429369243884764
23599,-0.018395734519239315
23600,0.009847795658898706
23601,0.01598507708629726
23602,0.03428416282131852
23603,0.13305138076596357
23604,0.17004440092577544
23605,0.16578944805299067
23606,0.05573942028493184
23607,0.06226782013914822
23608,0.07382539694581769
23609,0.09698346913565248
23610,0.24899752914439988
23611,0.24918031807790264
23612,0.2101850814387367
23613,0.1251424313886753
23614,0.13744825578904996
23615,0.13819790308315327
23616,0.2579430460526797
23617,0.2458084621580816
23618,0.27596288835499927
23619,0.2338779088167804
23620,0.16093987033738377
23621,0.16166973002620078
23622,0.16237138097582982
23623,0.1568306880583481
23624,0.1312168068882763
23625,0.12450603685710049
23626,0.11574789542798292
23627,0.13244520447824282
23628,0.21582632433596127
23629,0.20785796915175092
23630,0.16733231828513195
23631,0.14487312643491668
23632,-0.04243243750678172
23633,-0.15951109627186644
23634,-0.1639533999926313
23635,-0.23129121978005146
23636,-0.25345575794137976
23637,-0.27098207556805026
23638,-0.2582109464074628
23639,-0.22765830849001695
23640,-0.1443298844510283
23641,-0.11440840580000866
23642,-0.07538509380087854
23643,-0.1425278316514872
23644,-0.1281282972434989
23645,-0.1687371241501613
23646,-0.17179149352267725
23647,-0.2469578472268063
23648,-0.15935841989527633
23649,-0.23529849468153385
23650,-0.2285384384926039
23651,-0.2308598219576719
23652,-0.2527853276669386
23653,-0.246570911459719
23654,-0.1893271233447117
23655,-0.026815688727270248
23656,0.1376647736719706
23657,-0.035157664717611836
23658,0.0692438578736484
23659,0.07479671333337445
23660,0.08170991597428379
23661,0.10250572508367561
23662,0.12132912395175544
23663,0.12393418325469707
23664,0.12468554180168712
23665,0.10806134215763796
23666,0.10439014807001867
23667,0.1197632553579937
23668,0.14341389061204568
23669,0.12785311405561306
23670,0.1347462029757942
23671,0.0686981171700477
23672,0.055437920399158624
23673,0.015335452645106384
23674,-0.0633855276295362
23675,-0.13842642039614417
23676,-0.10468165450736283
23677,-0.036287794241862126
23678,-0.10076140339807182
23679,-0.10285993143186895
23680,-0.07616602088329094
23681,-0.0444212720508676
23682,-0.03958182514521236
23683,-0.07072995253365744
23684,-0.04486563716822517
23685,-0.05695070213885972
23686,-0.017783261246347326
23687,0.05996657716313247
23688,0.0800941086923691
23689,0.08624979701993307
23690,0.0715125752015775
23691,0.0467590313284989
23692,0.0347759131881783
23693,0.04747433750680963
23694,0.031509332156206105
23695,0.00889140875645622
23696,0.04650960604354315
23697,0.007198077188276031
23698,0.0037543012080790694
23699,0.007844972339677736
23700,0.024143475168766693
23701,0.0400004367015232
23702,0.07751168753846871
23703,0.039962687713700484
23704,0.07508876026263411
23705,0.0789665723962536
23706,0.07573895403296693
23707,0.07665099633195815
23708,0.03944049439609354
23709,0.02296242742262955
23710,0.1016025475694895
23711,0.14359078403211678
23712,0.10027658899021263
23713,0.14085804510056044
23714,0.15133261631821449
23715,0.08141637615831754
23716,0.1078117864807705
23717,0.09588581030843246
23718,0.14350937059303215
23719,0.16983504543960204
23720,0.21414737247950733
23721,0.17131272551957433
23722,0.09265812100146309
23723,0.168278859970884
23724,0.18101693726817225
23725,0.18256227606168962
23726,0.1821650702053832
23727,0.2031578191896981
23728,-0.04976543684453094
23729,-0.21224700844116667
23730,-0.20181385883495462
23731,-0.2196924303405885
23732,-0.24527018068344558
23733,-0.24617252189159322
23734,-0.24962929886807123
23735,-0.22238561381009714
23736,-0.13470031592271153
23737,-0.07329839961070839
23738,-0.0854861748358543
23739,0.01062888265748474
23740,-0.0005961907304709579
23741,-0.07004827300526018
23742,-0.010454474782073675
23743,-0.031127106838876817
23744,-0.07816763302192975
23745,-0.11202754734134729
23746,-0.17475502185053815
23747,-0.18608597684354844
23748,-0.14413572241960443
23749,-0.12306370870008698
23750,-0.16834072562917884
23751,-0.1406849827897093
23752,-0.1602406801267171
23753,-0.14787325095202275
23754,-0.019472513289506388
23755,0.06302532912400127
23756,0.13651710114536253
23757,0.17975719931551826
23758,0.18739461162051851
23759,0.26189452472804686
23760,0.25428695653625477
23761,0.26922798120280267
23762,0.19065612723528969
23763,0.14752686182802477
23764,0.1164582011762384
23765,0.09708421008555024
23766,0.07407274061512914
23767,0.04846293324538686
23768,0.024310235205840858
23769,0.01760108421379314
23770,-0.07733486946270379
23771,-0.062312627697169
23772,-0.07762587174267416
23773,-0.08617697337498031
23774,-0.12061532022817656
23775,-0.0791608667339575
23776,-0.05488271732336791
23777,-0.03209798133361169
23778,-0.024058530026144
23779,-0.04040840376286853
23780,-0.04535194046817048
23781,0.032341892600893596
23782,0.08159465351215567
23783,0.08928330473826451
23784,0.08376450580400763
23785,-0.07604977045553696
23786,-0.011938950801958836
23787,-0.03127127898391591
23788,-0.061371980644896074
23789,-0.15771842924459922
23790,0.08892809421857761
23791,0.08318726160978573
23792,0.08822062953582521
23793,0.08356252338574954
23794,0.08784455290263227
23795,0.030617219221367287
23796,0.040037007376609646
23797,0.12508439036324315
23798,0.055388881981958016
23799,-0.033417299481993123
23800,-0.04056348539339094
23801,-0.05721790298224344
23802,0.04204386808596339
23803,-0.0007581569306127633
23804,-0.06129958913568412
23805,-0.03133671320406428
23806,-0.0861492068584429
23807,-0.02734493008240796
23808,0.012053777431820012
23809,0.04494071225569729
23810,0.04957063377557325
23811,0.03908166619019959
23812,0.030600271775843013
23813,0.010443902633999524
23814,-0.011233259176672061
23815,-0.009759565653708724
23816,-0.013852709047236345
23817,-0.042492836425498504
23818,-0.04761050660776689
23819,-0.06745161364960567
23820,-0.11083505318120979
23821,-0.09306972338262465
23822,-0.09406999570555652
23823,-0.11189814043705726
23824,-0.16480280674851072
23825,-0.2217497358838113
23826,-0.11576483192556314
23827,-0.04444528566324413
23828,-0.13014705123071096
23829,-0.14369347810530708
23830,-0.06765632623733336
23831,-0.020835220882763406
23832,0.06250859989848567
23833,0.12368195844021168
23834,0.08095730829044423
23835,0.041702048942547476
23836,-0.04931409592747349
23837,-0.18795065572291692
23838,-0.26629113500398677
23839,-0.3066468647171678
23840,-0.33181462207642454
23841,-0.3374628372855266
23842,-0.3534587740891489
23843,-0.35638281889551576
23844,-0.2962025098644137
23845,-0.2954844399186355
23846,-0.29601054832412216
23847,-0.26841935696674246
23848,-0.19791239439612218
23849,-0.11751719718767623
23850,-0.12038636572667849
23851,-0.1276471615500272
23852,-0.102776352688148
23853,-0.008593472583806716
23854,0.04275805771692709
23855,-0.007228446594549964
23856,-0.02086741550219573
23857,-0.008348565583778167
23858,-0.09234350302495731
23859,-0.10727335589619447
23860,-0.08443851404831282
23861,-0.08542101033624389
23862,-0.1252813972617553
23863,-0.13046270146893502
23864,-0.05740048951859522
23865,-0.020702970124652775
23866,0.08471739168772985
23867,0.13442981318455438
23868,0.14647006356395842
23869,0.11947387841530976
23870,0.0343414010921399
23871,-0.11354334265986504
23872,-0.08352908181141927
23873,-0.17188886154697175
23874,-0.16921766135416222
23875,-0.18941189349385595
23876,-0.21111015130687982
23877,-0.2331065771325161
23878,-0.24733958790830418
23879,-0.2572343546408557
23880,-0.2235164028895184
23881,-0.20552292139431272
23882,-0.17000151783838346
23883,-0.16776061137986215
23884,-0.13340875641692684
23885,-0.08926562795966309
23886,0.037523599124060225
23887,-0.10672865162894596
23888,-0.02444985549226153
23889,-0.0024779127940397494
23890,0.10915579058858982
23891,0.1111846124182383
23892,0.09598350232783281
23893,0.11568008187957246
23894,0.11945872398210844
23895,0.11416365420867503
23896,0.06493842419139129
23897,0.09878542164559767
23898,0.06769288685655162
23899,0.04737792651688877
23900,0.05917487441998426
23901,0.05548878836014359
23902,-0.11849606524962758
23903,0.02064429520966593
23904,0.12280749995609663
23905,0.15528750638936017
23906,0.14933232487464776
23907,0.14519725134485462
23908,0.12325588789450714
23909,0.0775877039457259
23910,0.017150033461230785
23911,0.02923166974932645
23912,0.07833803811792839
23913,-0.07309245347258414
23914,-0.08120213341401722
23915,-0.013574832942833681
23916,-0.0251797534411643
23917,-0.01566738258013134
23918,-0.13463286701325755
23919,-0.007689989134019748
23920,-0.08442639515255035
23921,-0.12913135000856624
23922,-0.08414173829776966
23923,-0.00035816674131777804
23924,-0.007500544254961383
23925,0.08141985223933168
23926,0.03745801800475279
23927,0.0909195185391799
23928,0.047442868642049496
23929,0.0587978597734331
23930,0.060988941435714206
23931,0.09717806065206536
23932,0.08879654305071905
23933,0.004367733684023545
23934,-0.06487723200708162
23935,0.02301453438673806
23936,-0.06925313318749132
23937,-0.07272975126086845
23938,-0.14012720440371412
23939,-0.20641987815520146
23940,-0.14874717484351208
23941,-0.2867639593612408
23942,-0.19913435133874147
23943,-0.20580697563792183
23944,-0.18710577982033194
23945,-0.06910781729483001
23946,-0.02372846366474518
23947,-0.1570897919458652
23948,-0.09373790112482688
23949,-0.09698531660283222
23950,0.03529394242414419
23951,0.11506604354388839
23952,0.05647784345279061
23953,0.12511525053838013
23954,0.12121507076492843
23955,0.14235339650485823
23956,0.12529138059858458
23957,0.16353841562275073
23958,0.04808556608573322
23959,0.10194396248284221
23960,0.12344575504331046
23961,0.10643313185456171
23962,-0.04267886806917376
23963,-0.07218288009240686
23964,-0.04918390061314443
23965,-0.03860715121715791
23966,-0.11660769692258172
23967,-0.14246095518426688
23968,-0.14462414169047133
23969,-0.1055600031963973
23970,-0.13348946162088166
23971,-0.1594100068051812
23972,-0.1817968621426071
23973,-0.18648347202950777
23974,-0.1389155058056194
23975,-0.14482314463549734
23976,-0.1678929116517603
23977,-0.18402892514041036
23978,-0.180638776339622
23979,-0.1339399378410982
23980,-0.07375228935293299
23981,-0.04142779248370987
23982,0.01120028380196536
23983,-0.023438829916315573
23984,-0.023953995562797203
23985,0.015117911918458127
23986,-0.007824878600886542
23987,0.10367893121269833
23988,0.11734021889554158
23989,0.14388329490228557
23990,0.14145351170520204
23991,0.13648106793389947
23992,0.13655223065372524
23993,0.141701076453165
23994,0.11509133301043117
23995,0.11015548945343501
23996,0.12637320465103152
23997,0.12551333654824048
23998,0.15304592977463793
23999,0.19585737395494074
24000,0.17642054795693274
24001,0.16061893979354136
24002,0.10544908768203187
24003,0.11555996911352029
24004,0.11769303391274877
24005,0.10762983397156611
24006,0.09289650943680583
24007,0.13166437820117727
24008,0.21113615512405504
24009,0.22092034942035332
24010,0.21598586573803968
24011,0.1691781410346691
24012,0.11040222517379727
24013,0.037727624087703915
24014,-0.008167957846161478
24015,0.05079920587216358
24016,-0.0031658428130565963
24017,-0.1528380508683324
24018,-0.1455117773886313
24019,-0.16482719198134127
24020,-0.1983313551972477
24021,-0.20542194068490416
24022,-0.1538217861121003
24023,-0.09006001099333749
24024,-0.050436528559379634
24025,-0.014830983067530723
24026,-0.06577027267969804
24027,-0.08248410122606725
24028,-0.178653357957274
24029,-0.22480294609452728
24030,-0.2775788996391556
24031,-0.2849502615907355
24032,-0.3082128747172021
24033,-0.3008104646224951
24034,-0.34483298704146675
24035,-0.3196021136445312
24036,-0.3168742656300692
24037,-0.321713578152606
24038,-0.30893152955719905
24039,-0.29814639607718285
24040,-0.27427147943214475
24041,-0.2752012101100148
24042,-0.214823863737431
24043,-0.2305271639019274
24044,-0.11533167873618433
24045,-0.038830102740658456
24046,-0.08074493737919963
24047,0.02774785913932798
24048,0.024610084627022744
24049,0.03229091533477413
24050,0.002106839686965456
24051,0.0107456780184092
24052,0.0385025834107513
24053,-0.1338025332486651
24054,-0.04294568892839229
24055,-0.08849011872273971
24056,-0.11928350746220856
24057,-0.1126277800679707
24058,-0.1521480205705918
24059,-0.11807496167973375
24060,0.024688352500059407
24061,-0.13543681994181334
24062,-0.10384050447833332
24063,-0.13370373816493025
24064,-0.16652997889196303
24065,-0.1646505225130649
24066,-0.1135124243074141
24067,-0.13252925846578945
24068,-0.13907989119132858
24069,-0.15987011550783825
24070,-0.13244948069792117
24071,-0.23247488668747696
24072,-0.3030214905259752
24073,-0.35119300319697755
24074,-0.38096809888169286
24075,-0.36558202954246183
24076,-0.3487729904080444
24077,-0.3452613675552779
24078,-0.2869855879593608
24079,-0.22483542209963475
24080,-0.21969060231234677
24081,-0.199550032023741
24082,-0.01311242421484593
24083,0.028316741807750456
24084,0.11357048908860401
24085,0.09421991559296328
24086,0.005421460697297098
24087,-0.0033111601946928526
24088,0.004067780182766656
24089,0.022945358807729854
24090,0.07733961825711211
24091,-0.025270820970771102
24092,-0.021921503464209124
24093,0.022054727651453443
24094,0.013980719330798808
24095,0.015208871233121868
24096,0.03083744618604456
24097,0.10992299329787902
24098,0.128749639095058
24099,0.01941983561399696
24100,0.03469766929235685
24101,0.09991407166168487
24102,0.15674639004240754
24103,0.11054616190447653
24104,0.07041131995510752
24105,0.07105843592033623
24106,0.0976842909265202
24107,0.09829678396576702
24108,0.0744177394784703
24109,0.043213786780044505
24110,0.10245987594521844
24111,0.11314123580890834
24112,0.1353515853202506
24113,-0.02365647755105088
24114,-0.06463133738816307
24115,-0.0607690809226189
24116,-0.15425786533523
24117,-0.15285781634638723
24118,-0.12620124898971075
24119,0.0041677340991251866
24120,0.2127554646303953
24121,0.16178596481660157
24122,0.1625895274076311
24123,0.16589924433430292
24124,0.14998133434834782
24125,0.13405811077031693
24126,0.044533470075909354
24127,0.07041911778682386
24128,0.024110647150296094
24129,-0.06655842819817648
24130,-0.09992997660423264
24131,0.029017947016311108
24132,0.02842112238690575
24133,0.022525947262943213
24134,0.1340122953530255
24135,0.09527181172546206
24136,0.001669850875537171
24137,0.11006408933363743
